month,market,equal_weight,momentum_top5,momentum_top10,ml_long_only_top10
1973-07,0.5,0.5,0.5,0.5,0.5
1973-08,0,0.0156222,0.322345,0.21964,0.8
1973-09,0,0.0178372,0.112467,0.210985,0.403432
1973-10,0,0.0207695,0.125742,0.171405,0.208901
1973-11,0,0.0324157,0.0459098,0.0916012,0.6
1973-12,0,0.0258715,0.240647,0.135167,0.409478
1974-01,0,0.024862,0.226144,0.0774124,0.7
1974-02,0,0.0137093,0.0100117,0.0649855,0.410052
1974-03,0,0.0162577,0.215865,0.165921,0.702917
1974-04,0,0.0157495,0.118473,0.218628,0.506078
1974-05,0,0.0196124,0.306708,0.16525,0.504042
1974-06,0,0.0166869,0.308881,0.265168,0.4
1974-07,0,0.0229122,0.417909,0.360094,0.605297
1974-08,0,0.0186395,0.210315,0.214638,0.601961
1974-09,0,0.0244988,0.426199,0.129323,0.4
1974-10,0,0.0294039,0.244936,0.231237,0.506167
1974-11,0,0.0157702,0.31697,0.166288,0.407068
1974-12,0,0.0165191,0.319248,0.165646,0.6
1975-01,0,0.0300636,0.316745,0.170946,0.406422
1975-02,0,0.0225751,0.121937,0.271475,0.403134
1975-03,0,0.0253524,0.219582,0.368324,0.409635
1975-04,0,0.0219582,0.420493,0.271007,0.60115
1975-05,0,0.0147548,0.41592,0.311798,0.401809
1975-06,0,0.0129991,0.213496,0.162727,0.500547
1975-07,0,0.0149326,0.405199,0.41385,0.501185
1975-08,0,0.0146372,0.312737,0.360055,0.7
1975-09,0,0.0136059,0.409618,0.309985,0.5
1975-10,0,0.0208113,0.423591,0.325698,0.502011
1975-11,0,0.0150487,0.318021,0.265152,0.5
1975-12,0,0.0115631,0.114587,0.108926,0.400226
1976-01,0,0.0209333,0.114589,0.211278,0.502775
1976-02,0,0.0173947,0.402444,0.215461,0.500519
1976-03,0,0.0134142,0.406972,0.1597,0.7
1976-04,0,0.0130075,0.310872,0.311354,0.401424
1976-05,0,0.0150085,0.316136,0.212566,0.404173
1976-06,0,0.0137283,0.406992,0.310595,0.303869
1976-07,0,0.0120487,0.306078,0.30721,0.8
1976-08,0,0.013285,0.223198,0.265613,0.401329
1976-09,0,0.0106162,0.313107,0.2581,0.501171
1976-10,0,0.0111062,0.309258,0.410679,0.6
1976-11,0,0.0140433,0.323494,0.266487,0.201927
1976-12,0,0.0125276,0.218708,0.16066,0.701183
1977-01,0,0.0159202,0.321302,0.218607,0.400468
1977-02,0,0.0116987,0.205855,0.207029,0.500258
1977-03,0,0.00866611,0.21096,0.157465,0.400963
1977-04,0,0.0125328,0.208117,0.258796,0.5
1977-05,0,0.0128701,0.304051,0.159973,0.301831
1977-06,0,0.0145731,0.212205,0.259379,0.500035
1977-07,0,0.0109385,0.404232,0.306747,0.500309
1977-08,0,0.0108387,0.305316,0.159876,0.301923
1977-09,0,0.00999891,0.115064,0.160735,0.7
1977-10,0,0.00808636,0.206519,0.11238,0.500264
1977-11,0,0.00944197,0.407254,0.258594,0.4
1977-12,0,0.00843539,0.307987,0.109905,0.600383
1978-01,0,0.00995157,0.311389,0.111532,0.7
1978-02,0,0.0100157,0.112039,0.109199,0.5
1978-03,0,0.0129013,0.114841,0.209704,0.400231
1978-04,0,0.0141328,0.107543,0.160145,0.302188
1978-05,0,0.01225,0.0141963,0.260655,0.500453
1978-06,0,0.00954707,0.214226,0.159733,0.5
1978-07,0,0.0137041,0.023503,0.114479,0.505747
1978-08,0,0.0130748,0.212241,0.164354,0.403568
1978-09,0,0.0115811,0.313748,0.0640963,0.5
1978-10,0,0.0241891,0.236448,0.131736,0.7
1978-11,0,0.012455,0.212852,0.261768,0.5
1978-12,0,0.0112838,0.116683,0.212961,0.306302
1979-01,0,0.0112295,0.211521,0.209823,0.6
1979-02,0,0.0104435,0.219973,0.211876,0.601001
1979-03,0,0.0129414,0.608037,0.211088,0.502216
1979-04,0,0.0101377,0.505124,0.303255,0.6
1979-05,0,0.00841119,0.409011,0.109008,0.402237
1979-06,0,0.0136703,0.315501,0.212772,0.401125
1979-07,0,0.0105704,0.5,0.356545,0.502763
1979-08,0,0.0116122,0.306462,0.310886,0.111508
1979-09,0,0.0116809,0.415536,0.164948,0.210062
1979-10,0,0.0110892,0.41069,0.259726,0.500422
1979-11,0,0.0167702,0.218915,0.16792,0.40577
1979-12,0,0.015634,0.130593,0.216797,0.209394
1980-01,0,0.0206854,0.133597,0.174853,0.502049
1980-02,0,0.0149332,0.126397,0.17114,0.506701
1980-03,0,0.0265047,0.237469,0.129787,0.607548
1980-04,0,0.0152665,0.310711,0.166476,0.308283
1980-05,0,0.0110464,0.214926,0.161677,0.209191
1980-06,0,0.0143262,0.228948,0.121669,0.301386
1980-07,0,0.0183494,0.221158,0.122594,0.506625
1980-08,0,0.0125994,0.2069,0.161382,0.502098
1980-09,0,0.0135628,0.12032,0.118162,0.307559
1980-10,0,0.013289,0.220473,0.214711,0.314213
1980-11,0,0.0250823,0.216969,0.273383,0.5
1980-12,0,0.0192625,0.226635,0.267479,0.407291
1981-01,0,0.0211205,0.321744,0.320147,0.702257
1981-02,0,0.013518,0.51464,0.410637,0.509893
1981-03,0,0.0188295,0.405015,0.3656,0.602023
1981-04,0,0.0152323,0.510087,0.213427,0.500582
1981-05,0,0.0126378,0.403672,0.30527,0.400879
1981-06,0,0.0175047,0.221625,0.221346,0.608628
1981-07,0,0.0139849,0.411322,0.212255,0.402912
1981-08,0,0.0130017,0.412376,0.265638,0.112269
1981-09,0,0.0170834,0.123046,0.264952,0.3
1981-10,0,0.0172237,0.521376,0.265382,0.304365
1981-11,0,0.0143162,0.216026,0.16613,0.102834
1981-12,0,0.00943872,0.308016,0.207835,0.300999
1982-01,0,0.0175224,0.117981,0.218074,0.401393
1982-02,0,0.0128756,0.410595,0.261858,0.404869
1982-03,0,0.0171426,0.610671,0.311888,0.303541
1982-04,0,0.0127606,0.314483,0.266172,0.5
1982-05,0,0.0114392,0.114683,0.159858,0.5
1982-06,0,0.0155694,0.221079,0.11507,0.3
1982-07,0,0.0168734,0.126749,0.221942,0.505332
1982-08,0,0.0187626,0.119355,0.219973,0.605599
1982-09,0,0.0152391,0.11205,0.164911,0.403663
1982-10,0,0.0200436,0.314299,0.216964,0.504174
1982-11,0,0.0166785,0.213815,0.216524,0.406617
1982-12,0,0.0171354,0.211819,0.218533,0.8
1983-01,0,0.0199332,0.215557,0.216843,0.705563
1983-02,0,0.0183997,0.335788,0.277283,0.5
1983-03,0,0.0162885,0.210489,0.163149,0.5
1983-04,0,0.0135921,0.306971,0.157156,0.50292
1983-05,0,0.0177168,0.214247,0.11733,0.601274
1983-06,0,0.0164487,0.41386,0.262483,0.7
1983-07,0,0.0146231,0.515412,0.1659,0.600349
1983-08,0,0.0153247,0.310885,0.309923,0.402127
1983-09,0,0.0117107,0.319459,0.210451,0.8
1983-10,0,0.0169019,0.302048,0.255275,0.4
1983-11,0,0.0164237,0.511153,0.457378,0.5
1983-12,0,0.00935631,0.207424,0.306991,0.501961
1984-01,0,0.0169801,0.411212,0.455505,0.405252
1984-02,0,0.0132999,0.31806,0.363597,0.309566
1984-03,0,0.0132943,0.210406,0.40863,0.600734
1984-04,0,0.012724,0.315014,0.310166,0.602004
1984-05,0,0.0136402,0.312433,0.260444,0.500757
1984-06,0,0.0171711,0.209768,0.256621,0.400868
1984-07,0,0.0181644,0.215864,0.361473,0.400563
1984-08,0,0.0125144,0.31145,0.165598,0.50071
1984-09,0,0.0150436,0.411644,0.162814,0.701103
1984-10,0,0.0126617,0.410752,0.264006,0.501302
1984-11,0,0.0118551,0.210765,0.209743,0.4
1984-12,0,0.0111721,0.413497,0.110657,0.207104
1985-01,0,0.0154703,0.412478,0.266124,0.9
1985-02,0,0.0112203,0.214541,0.261111,0.6
1985-03,0,0.0181076,0.22764,0.269746,0.5
1985-04,0,0.0119462,0.212057,0.211067,0.4
1985-05,0,0.0130139,0.308322,0.112625,0.702103
1985-06,0,0.00889567,0.309579,0.16113,0.601182
1985-07,0,0.0136796,0.217442,0.268584,1
1985-08,0,0.00920154,0.213841,0.209322,1
1985-09,0,0.0125468,0.211268,0.162923,0.303029
1985-10,0,0.0139804,0.310125,0.214176,0.403618
1985-11,0,0.00956304,0.311925,0.406717,0.40443
1985-12,0,0.0116479,0.209521,0.0632056,0.8
1986-01,0,0.0112945,0.407052,0.16081,0.7
1986-02,0,0.0138748,0.211091,0.114756,0.700223
1986-03,0,0.0133627,0.400941,0.310571,0.7
1986-04,0,0.0162393,0.211635,0.214429,0.601181
1986-05,0,0.0122203,0.308351,0.258772,0.6
1986-06,0,0.0178471,0.320031,0.170305,0.40042
1986-07,0,0.0147785,0.414579,0.214906,0.4
1986-08,0,0.0151456,0.215709,0.16729,0.601228
1986-09,0,0.0176832,0.324461,0.317528,0.5
1986-10,0,0.0155169,0.312368,0.311262,0.8
1986-11,0,0.0103171,0.605396,0.30857,0.501166
1986-12,0,0.0100255,0.305331,0.206534,0.501898
1987-01,0,0.0177694,0.406206,0.262916,0.403247
1987-02,0,0.0158263,0.51098,0.361014,0.80115
1987-03,0,0.0164623,0.419571,0.266387,0.7
1987-04,0,0.0173709,0.220775,0.264249,0.5
1987-05,0,0.0139512,0.314518,0.165463,0.408867
1987-06,0,0.012421,0.216768,0.212665,0.8
1987-07,0,0.0147688,0.228138,0.121105,0.8
1987-08,0,0.0134454,0.215906,0.115238,0.700151
1987-09,0,0.012836,0.408088,0.312515,0.6
1987-10,0,0.0316795,0.520943,0.27517,0.704077
1987-11,0,0.0177252,0.614302,0.463006,0.8002
1987-12,0,0.0179592,0.318938,0.213634,0.510083
1988-01,0,0.0198831,0.228616,0.172116,1
1988-02,0,0.0142937,0.310643,0.359157,0.9
1988-03,0,0.0158285,0.31421,0.311844,0.600349
1988-04,0,0.00946352,0.204546,0.311246,0.500728
1988-05,0,0.00818629,0.404638,0.203572,0.403385
1988-06,0,0.0136643,0.508417,0.210335,0.6
1988-07,0,0.0232023,0.409379,0.409589,0.501471
1988-08,0,0.011357,0.206789,0.258851,0.502196
1988-09,0,0.0122463,0.507984,0.356997,0.401792
1988-10,0,0.00992318,0.6001,0.459205,0.603274
1988-11,0,0.00913261,0.406006,0.256595,0.500445
1988-12,0,0.00890469,0.310662,0.208155,0.402581
1989-01,0,0.00897708,0.604588,0.35816,0.6
1989-02,0,0.0106443,0.115983,0.212366,0.402756
1989-03,0,0.0124593,0.30822,0.259529,0.302834
1989-04,0,0.00943763,0.209764,0.309051,0.20348
1989-05,0,0.0110244,0.11401,0.210488,0.5
1989-06,0,0.0123193,0.214582,0.162339,0.500298
1989-07,0,0.0142284,0.220096,0.0666234,0.6
1989-08,0,0.0122191,0.115325,0.161619,0.8
1989-09,0,0.0116331,0.110562,0.209426,0.7
1989-10,0,0.0152088,0.306312,0.117804,0.304158
1989-11,0,0.0148692,0.313672,0.157976,0.501128
1989-12,0,0.0119554,0.11347,0.21235,0.401703
1990-01,0,0.0174709,0.31668,0.119189,0.6
1990-02,0,0.0111183,0.212117,0.210642,0.401741
1990-03,0,0.0119958,0.309389,0.163085,0.5
1990-04,0,0.0120245,0.21782,0.212406,0.4
1990-05,0,0.0146164,0.215501,0.167414,0.6
1990-06,0,0.0147658,0.407007,0.165406,0.4
1990-07,0,0.0401619,0.120346,0.268612,0.600152
1990-08,0,0.0126323,0.209247,0.211069,0.502165
1990-09,0,0.0196863,0.113016,0.1663,0.500936
1990-10,0,0.0223913,0.405266,0.177754,0.613245
1990-11,0,0.0168802,0.20968,0.306569,0.6
1990-12,0,0.0105707,0.104519,0.257801,0.8
1991-01,0,0.0197605,0.312947,0.319494,0.606526
1991-02,0,0.0152625,0.108726,0.16319,0.501208
1991-03,0,0.0165739,0.119593,0.218712,0.400311
1991-04,0,0.0107805,0.110444,0.108612,0.60094
1991-05,0,0.0137613,0.112455,0.166293,0.6
1991-06,0,0.0126169,0.215855,0.113405,0.502247
1991-07,0,0.0262485,0.315987,0.310184,0.7
1991-08,0,0.0137843,0.223023,0.213823,0.301909
1991-09,0,0.0143192,0.311217,0.262094,0.6
1991-10,0,0.0136433,0.307955,0.164554,0.7
1991-11,0,0.0129815,0.302225,0.26044,0.500691
1991-12,0,0.016596,0.216741,0.118882,0.201956
1992-01,0,0.0324186,0.406527,0.263222,0.7
1992-02,0,0.0148799,0.311969,0.163518,0.700283
1992-03,0,0.0118825,0.21159,0.211354,0.600739
1992-04,0,0.017655,0.224346,0.266975,0.503751
1992-05,0,0.0111438,0.401709,0.259433,0.503345
1992-06,0,0.0158618,0.321121,0.16921,0.301667
1992-07,0,0.0263235,0.404741,0.308587,0.6
1992-08,0,0.0103042,0.310696,0.160237,0.204149
1992-09,0,0.0141854,0.313225,0.213448,0.600268
1992-10,0,0.0131606,0.50281,0.206323,0.302125
1992-11,0,0.0140422,0.513563,0.161142,0.500077
1992-12,0,0.0129411,0.108811,0.159588,0.5
1993-01,0,0.0136706,0.421383,0.31648,0.403229
1993-02,0,0.0175479,0.220482,0.121817,0.6
1993-03,0,0.0121276,0.412708,0.115446,0.600412
1993-04,0,0.0185392,0.215222,0.318062,0.501388
1993-05,0,0.0135461,0.213792,0.213277,0.6
1993-06,0,0.0142823,0.407605,0.312083,0.6
1993-07,0,0.0147381,0.312863,0.218275,0.304022
1993-08,0,0.0265467,0.21228,0.211024,0.5
1993-09,0,0.0139869,0.209158,0.210276,0.5
1993-10,0,0.016914,0.115535,0.169628,0.6
1993-11,0,0.0125709,0.407864,0.161909,0.9
1993-12,0,0.0132086,0.310128,0.211259,0.7
1994-01,0,0.0132765,0.214584,0.311893,0.302132
1994-02,0,0.0133062,0.309907,0.162533,0.5
1994-03,0,0.010566,0.212184,0.112294,0.5
1994-04,0,0.0111239,0.312573,0.162455,0.8
1994-05,0,0.0120168,0.307343,0.160842,0.6
1994-06,0,0.00833977,0.504395,0.356102,0.4
1994-07,0,0.00930212,0.307258,0.30853,0.702588
1994-08,0,0.0121962,0.405782,0.31089,0.7
1994-09,0,0.0117006,0.305804,0.208297,0.404033
1994-10,0,0.013259,0.309196,0.312482,0.500415
1994-11,0,0.0117421,0.209981,0.260541,0.300115
1994-12,0,0.00908829,0.501622,0.355094,0.500161
1995-01,0,0.0152577,0.216584,0.266778,0.5
1995-02,0,0.00924742,0.305892,0.353221,0.601979
1995-03,0,0.0109649,0.312624,0.209713,0.4
1995-04,0,0.0132299,0.209953,0.261753,0.4
1995-05,0,0.0111846,0.207884,0.110171,0.502869
1995-06,0,0.0120223,0.314102,0.163025,0.6
1995-07,0,0.0315009,0.306206,0.109602,0.400723
1995-08,0,0.00946274,0.208004,0.156681,0.7
1995-09,0,0.0151332,0.206716,0.261401,0.506924
1995-10,0,0.0159578,0.223723,0.218718,0.206833
1995-11,0,0.0107558,0.0215014,0.112908,0.6
1995-12,0,0.013311,0.110184,0.11246,0.6
1996-01,0,0.0136897,0.225056,0.312787,0.6
1996-02,0,0.0112318,0.408812,0.209,0.7
1996-03,0,0.0123438,0.207469,0.161613,0.6
1996-04,0,0.0133652,0.213922,0.264369,0.9
1996-05,0,0.0107498,0.507877,0.456831,0.7
1996-06,0,0.0128221,0.504529,0.309011,0.500554
1996-07,0,0.0326303,0.309878,0.21014,0.501491
1996-08,0,0.00954306,0.307017,0.157766,0.5
1996-09,0,0.013855,0.40704,0.20942,0.500426
1996-10,0,0.0125018,0.207403,0.305612,0.6
1996-11,0,0.0123249,0.215249,0.309604,0.700587
1996-12,0,0.013013,0.511957,0.408809,0.602261
1997-01,0,0.0135533,0.421326,0.211583,0.600904
1997-02,0,0.0186418,0.3179,0.262553,0.5
1997-03,0,0.0139076,0.413873,0.264674,0.6
1997-04,0,0.0159961,0.414096,0.311485,0.7
1997-05,0,0.00823344,0.106161,0.253924,0.500569
1997-06,0,0.0108605,0.311933,0.258052,0.800014
1997-07,0,0.0192231,0.31725,0.167327,0.6
1997-08,0,0.0141949,0.213587,0.211427,0.7
1997-09,0,0.0139362,0.411104,0.213223,0.702465
1997-10,0,0.0175716,0.323825,0.270439,0.605349
1997-11,0,0.0176384,0.521736,0.264083,0.501401
1997-12,0,0.0178994,0.223251,0.367623,0.405344
1998-01,0,0.016617,0.510593,0.117009,1
1998-02,0,0.0142714,0.511441,0.314404,0.4
1998-03,0,0.0144082,0.403183,0.112211,0.6
1998-04,0,0.0144485,0.414649,0.266432,0.6
1998-05,0,0.0166616,0.0234382,0.214146,0.601351
1998-06,0,0.0215303,0.223564,0.219789,0.4
1998-07,0,0.0208818,0.318698,0.223746,0.402667
1998-08,0,0.0281304,0.231524,0.269966,0.403407
1998-09,0,0.0328365,0.328106,0.278566,0.6
1998-10,0,0.0236143,0.415831,0.26977,0.511705
1998-11,0,0.0166291,0.408935,0.259088,0.402124
1998-12,0,0.0243329,0.318139,0.215826,0.5
1999-01,0,0.0260373,0.226688,0.129893,0.403768
1999-02,0,0.0224414,0.226802,0.122214,0.7
1999-03,0,0.0208643,0.219584,0.0689865,0.600326
1999-04,0,0.031087,0.125387,0.0874769,0.6
1999-05,0,0.0164508,0.202205,0.25229,0.601647
1999-06,0,0.0219549,0.223242,0.326001,0.5
1999-07,0,0.0296974,0.212477,0.210924,0.60177
1999-08,0,0.0227375,0.128286,0.316892,0.405153
1999-09,0,0.023058,0.318547,0.170939,0.302789
1999-10,0,0.0338439,0.351103,0.235371,0.306463
1999-11,0,0.024255,0.23021,0.22005,0.4
1999-12,0,0.032273,0.239553,0.178461,0.302086
2000-01,0,0.0347702,0.155861,0.285739,0.506931
2000-02,0,0.036284,0.332631,0.137904,0.314517
2000-03,0,0.0277419,0.213316,0.175147,0.601453
2000-04,0,0.0265825,0.422202,0.268889,0.520138
2000-05,0,0.028841,0.129759,0.129204,0.333045
2000-06,0,0.0413251,0.21956,0.416651,0.30295
2000-07,0,0.0478449,0.121459,0.225688,0.327693
2000-08,0,0.0278825,0.507999,0.320786,0.303671
2000-09,0,0.0312285,0.229626,0.13766,0.420409
2000-10,0,0.031803,0.523442,0.327967,0.420742
2000-11,0,0.0366137,0.422773,0.382296,0.255989
2000-12,0,0.0288771,0.42262,0.466647,0.310732
2001-01,0,0.0316354,0.234355,0.382711,0.32512
2001-02,0,0.0361962,0.174407,0.244848,0.528142
2001-03,0,0.0215772,0.22257,0.17255,0.412226
2001-04,0,0.0223821,0.227766,0.17291,0.408927
2001-05,0,0.0144097,0.215628,0.216483,0.408904
2001-06,0,0.0185372,0.306733,0.167824,0.316524
2001-07,0,0.0191191,0.323145,0.118836,0.70521
2001-08,0,0.0213927,0.324736,0.221118,0.501209
2001-09,0,0.0393666,0.253256,0.191223,0.401778
2001-10,0,0.0238567,0.135064,0.280516,0.704984
2001-11,0,0.0238636,0.235692,0.222796,0.714147
2001-12,0,0.0156016,0.313082,0.117319,0.6
2002-01,0,0.0326503,0.415921,0.212804,0.6
2002-02,0,0.0200598,0.518512,0.212155,0.401817
2002-03,0,0.0146292,0.210712,0.361155,0.405083
2002-04,0,0.025211,0.328706,0.229508,0.30551
2002-05,0,0.0131091,0.306442,0.158148,0.40409
2002-06,0,0.0206288,0.222623,0.122999,0.402348
2002-07,0,0.0372232,0.213408,0.182629,0.614327
2002-08,0,0.0161377,0.31001,0.212725,0.327983
2002-09,0,0.0232708,0.311391,0.318434,0.323851
2002-10,0,0.0260653,0.531094,0.224084,0.521031
2002-11,0,0.0278533,0.42388,0.0823797,0.518654
2002-12,0,0.0215045,0.325173,0.271523,0.226087
2003-01,0,0.0144546,0.412223,0.306958,0.504893
2003-02,0,0.0164255,0.409596,0.410372,0.506477
2003-03,0,0.0169847,0.324475,0.267768,0.3129
2003-04,0,0.0163803,0.31236,0.30763,0.6
2003-05,0,0.0207823,0.214998,0.216639,0.325125
2003-06,0,0.0115192,0.610973,0.358375,0.501394
2003-07,0,0.0207963,0.224512,0.218568,0.515348
2003-08,0,0.0133374,0.315198,0.311859,0.304769
2003-09,0,0.0142622,0.317991,0.313508,0.600209
2003-10,0,0.0164643,0.22131,0.212133,0.401144
2003-11,0,0.0107835,0.406561,0.20916,0.400923
2003-12,0,0.0177748,0.212406,0.217695,0.608236
2004-01,0,0.014899,0.31646,0.216499,0.8
2004-02,0,0.0145153,0.213583,0.164177,0.601586
2004-03,0,0.0122276,0.313322,0.31172,0.5
2004-04,0,0.0166507,0.324841,0.320722,0.6
2004-05,0,0.0102546,0.500331,0.311563,0.400297
2004-06,0,0.0128929,0.402784,0.164834,0.500483
2004-07,0,0.0290337,0.416781,0.413783,0.416418
2004-08,0,0.0117121,0.409465,0.25651,0.401608
2004-09,0,0.0129096,0.310712,0.260633,0.500013
2004-10,0,0.0138048,0.307363,0.210073,0.303209
2004-11,0,0.014942,0.316076,0.214856,0.503171
2004-12,0,0.0115761,0.311498,0.267367,0.703417
2005-01,0,0.0138816,0.310691,0.3621,0.5
2005-02,0,0.0153958,0.212168,0.263737,0.309877
2005-03,0,0.0117855,0.208845,0.16215,0.8
2005-04,0,0.0158282,0.206903,0.212525,0.303997
2005-05,0,0.0135567,0.208307,0.212267,0.20928
2005-06,0,0.0140246,0.213032,0.261186,0.5
2005-07,0,0.0145857,0.316604,0.266097,0.407072
2005-08,0,0.0109326,0.212035,0.308658,0.50539
2005-09,0,0.016274,0.218392,0.216465,0.401913
2005-10,0,0.0152935,0.212748,0.222737,0.412016
2005-11,0,0.0122946,0.115555,0.161857,0.50258
2005-12,0,0.00843073,0.115541,0.257661,0.400376
2006-01,0,0.0181474,0.218132,0.216184,0.402083
2006-02,0,0.0122491,0.316516,0.419082,0.312679
2006-03,0,0.00994058,0.305248,0.210464,0.305813
2006-04,0,0.0146077,0.508965,0.264959,0.30477
2006-05,0,0.0137272,0.220261,0.165009,0.606938
2006-06,0,0.00889965,0.20696,0.258672,0.306549
2006-07,0,0.0194941,0.310762,0.166958,0.313758
2006-08,0,0.0126923,0.403451,0.308577,0.402111
2006-09,0,0.0150144,0.305293,0.259785,0.500926
2006-10,0,0.0142356,0.210161,0.262034,0.30538
2006-11,0,0.0103536,0.107685,0.204499,0.401751
2006-12,0,0.0103718,0.216063,0.114591,0.308235
2007-01,0,0.0122755,0.31983,0.25938,0.303439
2007-02,0,0.0116905,0.307989,0.259838,0.505306
2007-03,0,0.00944643,0.21311,0.359883,0.402319
2007-04,0,0.00972165,0.112539,0.160127,0.403066
2007-05,0,0.0114548,0.212148,0.211638,0.401937
2007-06,0,0.0118874,0.31877,0.262594,0.305284
2007-07,0,0.0162224,0.219564,0.365511,0.406232
2007-08,0,0.0118789,0.217485,0.211056,0.507421
2007-09,0,0.0162994,0.319755,0.215185,0.309189
2007-10,0,0.0175371,0.31924,0.211308,0.502371
2007-11,0,0.0196223,0.219146,0.265979,0.707902
2007-12,0,0.0146969,0.316102,0.169683,0.505721
2008-01,0,0.0209006,0.11371,0.116699,0.60486
2008-02,0,0.021755,0.137944,0.222268,0.60291
2008-03,0,0.0142301,0.11784,0.16592,0.317185
2008-04,0,0.0204987,0.213214,0.169835,0.412098
2008-05,0,0.017075,0.124724,0.212336,0.212897
2008-06,0,0.0290821,0.151853,0.184826,0.219562
2008-07,0,0.0254339,0.332649,0.233484,0.51575
2008-08,0,0.0164906,0.12126,0.264917,0.323079
2008-09,0,0.0357073,0.242784,0.335166,0.545148
2008-10,0,0.0403814,0.623747,0.387019,0.517366
2008-11,0,0.0346716,0.419926,0.173145,0.335695
2008-12,0,0.0269815,0.316714,0.269981,0.333809
2009-01,0,0.0279242,0.206414,0.119962,0.436483
2009-02,0,0.0304393,0.222512,0.0318683,0.23644
2009-03,0,0.0194715,0.21273,0.220429,0.519405
2009-04,0,0.0465509,0.288307,0.168171,0.455244
2009-05,0,0.0224189,0.50367,0.168166,0.42703
2009-06,0,0.0189676,0.215272,0.219964,0.419537
2009-07,0,0.0214313,0.217592,0.265403,0.223479
2009-08,0,0.0140767,0.211576,0.260044,0.411537
2009-09,0,0.0149161,0.70151,0.31033,0.404878
2009-10,0,0.0162013,0.307732,0.505834,0.5
2009-11,0,0.0156071,0.417443,0.216696,0.6
2009-12,0,0.015547,0.412194,0.166502,0.604106
2010-01,0,0.0176328,0.420651,0.264401,0.600407
2010-02,0,0.0154655,0.318684,0.219524,0.503971
2010-03,0,0.010972,0.209748,0.212295,0.304918
2010-04,0,0.0182579,0.424388,0.317568,0.6
2010-05,0,0.0128056,0.411596,0.411011,0.306404
2010-06,0,0.0200484,0.330992,0.228581,0.527616
2010-07,0,0.0171483,0.600367,0.362684,0.31614
2010-08,0,0.0180916,0.322307,0.222056,0.505468
2010-09,0,0.0160555,0.223035,0.369975,0.406293
2010-10,0,0.0151548,0.228061,0.317311,0.408587
2010-11,0,0.0145875,0.308178,0.259271,0.501685
2010-12,0,0.0157922,0.221958,0.317034,0.407117
2011-01,0,0.0145926,0.602507,0.311894,0.407189
2011-02,0,0.0113906,0.212845,0.260396,0.503623
2011-03,0,0.0109686,0.21261,0.259844,0.307363
2011-04,0,0.0117004,0.509589,0.262094,0.407393
2011-05,0,0.0127044,0.212044,0.0643458,0.601335
2011-06,0,0.010136,0.407531,0.257969,0.401745
2011-07,0,0.0150674,0.312861,0.213409,0.505142
2011-08,0,0.0195054,0.315844,0.17064,0.410838
2011-09,0,0.0297337,0.516084,0.51885,0.228515
2011-10,0,0.0230982,0.518121,0.315205,0.409494
2011-11,0,0.0111657,0.121367,0.215589,0.506722
2011-12,0,0.0152359,0.220825,0.213426,0.328224
2012-01,0,0.0183793,0.127073,0.218747,0.609505
2012-02,0,0.0143306,0.209601,0.163425,0.5
2012-03,0,0.0129169,0.215183,0.213014,0.40152
2012-04,0,0.00972137,0.206674,0.210699,0.402432
2012-05,0,0.0181525,0.031362,0.223445,0.400633
2012-06,0,0.0126977,0.208857,0.263541,0.6
2012-07,0,0.0151984,0.219334,0.170339,0.503956
2012-08,0,0.0131577,0.313578,0.262366,0.5
2012-09,0,0.0106363,0.506747,0.35717,0.400828
2012-10,0,0.0144154,0.409557,0.365822,0.7
2012-11,0,0.0115467,0.224253,0.36544,0.402091
2012-12,0,0.0124959,0.207041,0.30574,0.4
2013-01,0,0.0142828,0.221528,0.313786,0.301736
2013-02,0,0.0128325,0.416832,0.168353,0.505413
2013-03,0,0.00968285,0.109788,0.111029,0.6
2013-04,0,0.0139439,0.220373,0.169829,0.700329
2013-05,0,0.0147911,0.105206,0.162535,0.700206
2013-06,0,0.0141525,0.427,0.321173,0.401285
2013-07,0,0.0117248,0.213012,0.160075,0.302087
2013-08,0,0.0104958,0.115582,0.261769,0.205254
2013-09,0,0.0121057,0.119222,0.16387,0.401242
2013-10,0,0.0093319,0.119082,0.161781,0.50837
2013-11,0,0.0112754,0.0179561,0.0656533,0.404501
2013-12,0,0.0100466,0.213867,0.0604175,0.6
2014-01,0,0.0140981,0.0183366,0.163187,0.401089
2014-02,0,0.00898663,0.30689,0.257584,0.305971
2014-03,0,0.0108592,0.111013,0.0614101,0.8
2014-04,0,0.0113735,0.114336,0.111583,0.500728
2014-05,0,0.0105447,0.516995,0.311092,0.402129
2014-06,0,0.00980077,0.317458,0.30909,0.403632
2014-07,0,0.0140024,0.309789,0.308036,0.6
2014-08,0,0.00908362,0.407867,0.31094,0.5
2014-09,0,0.0164253,0.126937,0.267115,0.204601
2014-10,0,0.0140151,0.329505,0.218558,0.3
2014-11,0,0.013373,0.216532,0.213267,0.500617
2014-12,0,0.012311,0.418514,0.116983,0.503256
2015-01,0,0.0194125,0.439492,0.177628,0.401181
2015-02,0,0.0129216,0.310794,0.164483,0.500998
2015-03,0,0.0146903,0.222482,0.0667718,0.502602
2015-04,0,0.0172602,0.416165,0.216377,0.606834
2015-05,0,0.0115173,0.229519,0.168882,0.301018
2015-06,0,0.0153259,0.129715,0.167591,0.501573
2015-07,0,0.0340806,0.243979,0.19312,0.407138
2015-08,0,0.0102915,0.40182,0.0600923,0.301321
2015-09,0,0.0206408,0.244285,0.129094,0.302826
2015-10,0,0.0176058,0.340224,0.17419,0.500354
2015-11,0,0.0116296,0.317056,0.211081,0.603461
2015-12,0,0.0136288,0.219186,0.263215,0.50033
2016-01,0,0.0189145,0.405865,0.21223,0.302279
2016-02,0,0.0332146,0.323237,0.318964,0.600306
2016-03,0,0.0134823,0.220154,0.264116,0.501664
2016-04,0,0.0220023,0.429783,0.228627,0.603094
2016-05,0,0.0139502,0.406354,0.305831,0.40154
2016-06,0,0.0164668,0.309995,0.263943,0.5
2016-07,0,0.0264685,0.315174,0.268607,0.9
2016-08,0,0.0133426,0.417732,0.215677,0.502916
2016-09,0,0.0115844,0.407986,0.508901,0.60107
2016-10,0,0.0132631,0.307882,0.261147,0.407677
2016-11,0,0.0251169,0.321333,0.318029,0.7
2016-12,0,0.0101307,0.415849,0.309924,0.600673
2017-01,0,0.0110496,0.116236,0.259772,0.503311
2017-02,0,0.0130726,0.330009,0.118099,0.5
2017-03,0,0.0086758,0.506413,0.160393,0.402232
2017-04,0,0.0112684,0.701026,0.404428,0.502857
2017-05,0,0.0233567,0.309602,0.262136,0.4
2017-06,0,0.0124479,0.311289,0.311942,0.600372
2017-07,0,0.025999,0.307142,0.161939,0.500182
2017-08,0,0.0108813,0.110814,0.162091,0.50092
2017-09,0,0.0127141,0.314636,0.112975,0.600338
2017-10,0,0.0127319,0.314105,0.360425,0.50383
2017-11,0,0.0111248,0.402272,0.455554,0.501359
2017-12,0,0.0125818,0.215053,0.11272,0.702297
2018-01,0,0.0142014,0.307624,0.213155,0.6
2018-02,0,0.0152258,0.412588,0.261688,0.400978
2018-03,0,0.0115395,0.412768,0.359493,0.409003
2018-04,0,0.0146838,0.405579,0.212744,0.504595
2018-05,0,0.0137553,0.309446,0.314563,0.401872
2018-06,0,0.0129225,0.114339,0.209803,0.405334
2018-07,0,0.0161174,0.522928,0.216686,0.505375
2018-08,0,0.0168097,0.214132,0.218535,0.504481
2018-09,0,0.0118976,0.212621,0.31196,0.309035
2018-10,0,0.0243408,0.235826,0.27476,0.600224
2018-11,0,0.0165936,0.406893,0.203884,0.5
2018-12,0,0.0154863,0.218927,0.261877,0.506188
2019-01,0,0.0138929,0.40066,0.308523,0.502374
2019-02,0,0.0120551,0.407382,0.15957,0.315928
2019-03,0,0.0143422,0.410284,0.213668,0.40294
2019-04,0,0.0141426,0.405044,0.215545,0.304591
2019-05,0,0.0208926,0.410059,0.219636,0.600043
2019-06,0,0.0122558,0.31102,0.163732,0.400254
2019-07,0,0.0137618,0.32321,0.166805,0.303548
2019-08,0,0.0204889,0.327506,0.317523,0.301496
2019-09,0,0.014726,0.117284,0.163744,0.504298
2019-10,0,0.0141563,0.41858,0.414446,0.307648
2019-11,0,0.0145024,0.22024,0.265627,0.505017
2019-12,0,0.0125649,0.214953,0.312577,0.31162
2020-01,0,0.0202906,0.240574,0.326543,0.60187
2020-02,0,0.0114297,0.114634,0.310689,0.403811
2020-03,0,0.0464274,0.274279,0.252946,0.7
2020-04,0,0.0187861,0.416546,0.463823,0.418645
2020-05,0,0.0134251,0.208615,0.259384,0.307466
2020-06,0,0.0180271,0.0205534,0.21414,0.509127
2020-07,0,0.0204728,0.123939,0.131251,0.500641
2020-08,0,0.0217843,0.229996,0.123684,0.41343
2020-09,0,0.015339,0.0234546,0.168621,0.407854
2020-10,0,0.034649,0.122145,0.171356,0.507059
2020-11,0,0.0235667,0.235594,0.17801,0.514131
2020-12,0,0.0168008,0.32208,0.167254,0.400462
2021-01,0,0.0183286,0.411724,0.211846,0.400531
2021-02,0,0.0264447,0.135319,0.176916,0.606367
2021-03,0,0.0204067,0.417515,0.558606,0.604181
2021-04,0,0.00954061,0.401675,0.057314,0.50307
2021-05,0,0.0184058,0.0263714,0.0668192,0.401664
2021-06,0,0.0192231,0.118113,0.218549,0.6
2021-07,0,0.014409,0.211672,0.114003,0.409074
2021-08,0,0.0144539,0.417742,0.218248,0.403372
2021-09,0,0.0162219,0.315902,0.11655,0.701167
2021-10,0,0.0185513,0.21067,0.167775,0.601306
2021-11,0,0.0206249,0.225725,0.167752,0.605819
2021-12,0,0.0173043,0.323362,0.265423,0.302769
2022-01,0,0.0268254,0.231714,0.180619,0.605831
2022-02,0,0.0257384,0.325321,0.468195,0.411367
2022-03,0,0.0237124,0.23809,0.27546,0.3136
2022-04,0,0.0286112,0.230507,0.230472,0.614618
2022-05,0,0.0182224,0.222805,0.165047,0.416228
2022-06,0,0.020196,0.214045,0.314876,0.603592
2022-07,0,0.0237155,0.216956,0.123166,0.601807
2022-08,0,0.0145813,0.123587,0.214076,0.411074
2022-09,0,0.0175956,0.318034,0.117052,0.4
2022-10,0,0.0198877,0.30928,0.168453,0.71761
2022-11,0,0.016605,0.215397,0.214825,0.423326
2022-12,0,0.0173342,0.233782,0.0232827,0.505042
2023-01,0,0.0261246,0.235851,0.223197,0.503986
2023-02,0,0.0147372,0.216829,0.309338,0.702445
2023-03,0,0.0192535,0.312613,0.264548,0.406166
2023-04,0,0.0155514,0.519538,0.461962,0.502689
2023-05,0,0.02154,0.326574,0.222601,0.6
2023-06,0,0.0194876,0.313282,0.409488,0.304341
2023-07,0,0.0413999,0.206389,0.204902,0.303304
2023-08,0,0.0139716,0.206534,0.2072,0.304986
2023-09,0,0.0151927,0.310884,0.20785,0.417441
2023-10,0,0.0214801,0.417743,0.213296,0.503033
2023-11,0,0.0157321,0.510019,0.360921,0.303958
2023-12,0,0.0161473,0.414787,0.213722,0.503465
2024-01,0,0.0186074,0.2146,0.320894,0.500215
2024-02,0,0.0154901,0.131104,0.368156,0.302643
2024-03,0,0.0147954,0.119257,0.265885,0.110488
2024-04,0,0.0177158,0.214159,0.313347,0.208866
2024-05,0,0.0131956,0.315975,0.361843,0.310043
2024-06,0,0.0178358,0.308808,0.314034,0.503127
2024-07,0,0.022705,0.412075,0.266112,0.8
2024-08,0,0.0163505,0.505748,0.31322,0.406034
2024-09,0,0.012145,0.403353,0.259724,0.4
2024-10,0,0.0165505,0.413915,0.267564,0.401324
2024-11,0,0.0210946,0.409874,0.267343,0.311259
2024-12,0,0.0195411,0.412374,0.462075,0.302785
2025-01,0,0.0170805,0.42079,0.317674,0.4
2025-02,0,0.0263817,0.340254,0.18127,0.505981
2025-03,0,0.0227114,0.418625,0.415332,0.303288
2025-04,0,0.0178336,0.414894,0.115278,0.7
2025-05,0,0.0189686,0.410834,0.166374,0.206006
2025-06,0,0.0172489,0.217062,0.216453,0.304973
2025-07,0,0.021776,0.219325,0.215027,0.209277
2025-08,0,0.0143716,0.311254,0.1619,0.409642
2025-09,0,0.0231616,0.23734,0.17687,0.516972
2025-10,0,0.0235996,0.405302,0.315644,0.501626
2025-11,0,0.0177579,0.603846,0.267833,0.500259
2025-12,0,0.0166464,0.41035,0.164822,0.402029
2026-01,0,0.0236169,0.418358,0.223068,0.403361
2026-02,0,0.0242527,0.321684,0.270529,0.113806
2026-03,0,0.0235894,0.330426,0.319162,0.4031
2026-04,0,0.0283405,0.223542,0.182362,0.50234
2026-05,0,0.0237021,0.214575,0.122105,0.31236
2026-06,0,0.0316312,0.0356166,0.130016,0.505184
