month,market,equal_weight,momentum_top5,momentum_top10,ml_long_only_top10,rf
1973-07,-0.0382,-0.038785714,0.02547,0.02341,-0.03344,0.007
1973-08,0.0474,0.070938776,-0.01299,-0.014995,0.06601,0.0068
1973-09,-0.0083,-0.013487755,0.03962,0.03691,0.02662,0.0065
1973-10,-0.1278,-0.15303061,0.07756,0.059935,-0.09901,0.0056
1973-11,0.0059,0.00082244898,0.0914,0.0683,0.03432,0.0064
1973-12,-0.0016,0.031222449,-0.05924,-0.04317,0.03182,0.0063
1974-01,-0.0046,0.0010122449,0.00785,0.01294,0.00195,0.0058
1974-02,-0.0282,-0.019534694,-0.01515,-0.013595,-0.01408,0.0056
1974-03,-0.0528,-0.057340816,0.0006,0.01659,-0.04553,0.0075
1974-04,-0.047,-0.055536735,-0.01212,-0.01042,-0.03718,0.0075
1974-05,-0.0284,-0.036353061,0.02022,0.0157,-0.02831,0.006
1974-06,-0.0806,-0.077502041,0.06341,0.035195,-0.02787,0.007
1974-07,-0.0939,-0.090863265,0.01132,0.012315,-0.08728,0.006
1974-08,-0.1179,-0.12425714,0.00801,0.01119,-0.14375,0.0081
1974-09,0.1611,0.14913061,0.0599,0.02485,0.16315,0.0051
1974-10,-0.0453,-0.044834694,0.02665,0.014675,-0.02647,0.0054
1974-11,-0.0344,-0.053302041,0.0035,0.00982,-0.09028,0.007
1974-12,0.1367,0.18172449,-0.06878,-0.056495,0.20267,0.0058
1975-01,0.0556,0.06547551,-0.02987,-0.02437,0.09908,0.0043
1975-02,0.0266,0.065706122,-0.0309,-0.025575,0.05742,0.0041
1975-03,0.0422,0.047687755,0.05788,0.032485,0.07066,0.0044
1975-04,0.052,0.054106122,0.01131,0.00819,0.0682,0.0044
1975-05,0.0487,0.05172449,-0.00397,-0.001415,0.04826,0.0041
1975-06,-0.066,-0.059385714,0.00924,-0.006475,-0.06324,0.0048
1975-07,-0.0284,-0.045897959,0.01909,0.000935,-0.0652,0.0048
1975-08,-0.0426,-0.048334694,0.01522,0.01383,-0.03892,0.0053
1975-09,0.0532,0.042004082,-0.0129,-0.008015,0.02754,0.0056
1975-10,0.0265,0.02492449,0.00401,0.008555,0.02597,0.0041
1975-11,-0.016,-0.018059184,-0.0122,-0.00488,-0.02408,0.0048
1975-12,0.1215,0.14988367,0.02405,0.01912,0.14397,0.0047
1976-01,0.0031,0.028918367,-0.00993,-0.002585,0.04484,0.0034
1976-02,0.0232,0.01,-0.00883,-0.002435,-0.00653,0.004
1976-03,-0.0149,-0.015314286,-0.00135,0.014705,-0.01106,0.0042
1976-04,-0.0134,-0.021520408,-0.01675,0.00231,-0.0045,0.0037
1976-05,0.0406,0.039020408,-0.00753,-0.01522,0.05584,0.0043
1976-06,-0.0106,-0.01557551,0.00383,-0.008775,-0.02583,0.0047
1976-07,-0.0057,-0.022642857,0.02557,0.004725,0.00083,0.0042
1976-08,0.0206,0.018095918,0.00397,0.00206,0.02313,0.0044
1976-09,-0.0242,-0.027167347,-0.02089,-0.001525,-0.03403,0.0041
1976-10,0.0036,0.0072408163,0.03183,0.012695,0.02719,0.004
1976-11,0.0565,0.065381633,-0.00918,0.00246,0.06302,0.004
1976-12,-0.0403,-0.036673469,0.03093,0.022395,-0.00332,0.0036
1977-01,-0.0194,-0.015930612,-0.00824,-0.006655,-0.0343,0.0035
1977-02,-0.0135,-0.0085061224,0.01331,0.00603,-0.00489,0.0038
1977-03,0.0015,0.0040489796,0.01508,0.011775,0.01437,0.0038
1977-04,-0.0147,-0.014777551,0.01084,0.010565,0.00167,0.0037
1977-05,0.0472,0.0505,-0.008,0.006375,0.05347,0.004
1977-06,-0.0169,-0.016397959,0.00386,0.01508,-0.00866,0.0042
1977-07,-0.0176,-0.011106122,-0.00882,-0.009865,-0.01006,0.0044
1977-08,-0.0027,-0.0020918367,0.02526,0.017195,0.00218,0.0043
1977-09,-0.0439,-0.04315102,-0.01266,0.00237,-0.04176,0.0049
1977-10,0.04,0.052906122,0.01194,0.01277,0.06045,0.005
1977-11,0.0027,0.0043142857,0.01346,0.01366,0.02294,0.0049
1977-12,-0.06,-0.054838776,0.02051,0.005205,-0.06075,0.0049
1978-01,-0.0139,-0.007622449,0.01943,0.01381,-0.00449,0.0046
1978-02,0.0285,0.047728571,0.02183,0.021195,0.06829,0.0053
1978-03,0.0787,0.083969388,-0.01174,-0.00633,0.08038,0.0054
1978-04,0.0176,0.037020408,0.02959,0.02325,0.05862,0.0051
1978-05,-0.0169,-0.0094408163,0.03266,0.01831,0.00227,0.0054
1978-06,0.0512,0.062455102,0.03019,0.019615,0.07778,0.0056
1978-07,0.0378,0.047459184,0.03671,0.030845,0.06953,0.0056
1978-08,-0.0144,-0.021779592,-0.02345,-0.023105,-0.03462,0.0062
1978-09,-0.119,-0.15078367,-0.06088,-0.045265,-0.18043,0.0068
1978-10,0.0271,0.032340816,0.02827,0.026595,0.01482,0.007
1978-11,0.0087,0.01195102,0.03234,0.01946,0.03705,0.0078
1978-12,0.0422,0.050369388,-0.01306,-0.01686,0.02405,0.0077
1979-01,-0.0356,-0.045534694,-0.03795,-0.01809,-0.05032,0.0073
1979-02,0.0567,0.069573469,0.02101,0.021625,0.066,0.0081
1979-03,-0.0007,0.0010163265,-0.00845,-0.005665,-0.01524,0.008
1979-04,-0.022,-0.019240816,0.00598,-0.001995,-0.01479,0.0082
1979-05,0.0384,0.044181633,-0.00157,0.00236,0.06882,0.0081
1979-06,0.0083,0.014373469,-0.01041,-0.0034,0.01883,0.0077
1979-07,0.0554,0.069693878,-0.01004,-0.006975,0.08941,0.0077
1979-08,-0.0083,-0.011557143,0.04349,0.024505,0.00702,0.0083
1979-09,-0.081,-0.094891837,-0.00449,-0.004175,-0.09123,0.0087
1979-10,0.0522,0.063497959,0.04555,0.04128,0.09699,0.0099
1979-11,0.0178,0.043810204,0.05699,0.03375,0.0891,0.0095
1979-12,0.055,0.061865306,0.07346,0.03593,0.08924,0.008
1980-01,-0.0123,-0.038234694,0.02498,0.025385,-0.02649,0.0089
1980-02,-0.129,-0.13101633,-0.04898,-0.050455,-0.19387,0.0121
1980-03,0.0395,0.030912245,3e-05,-0.00036,0.0378,0.0126
1980-04,0.0526,0.061571429,-0.0086,-0.00982,0.04809,0.0081
1980-05,0.0298,0.035040816,0.05364,0.03182,0.04558,0.0061
1980-06,0.0651,0.099755102,0.02453,0.019465,0.10052,0.0053
1980-07,0.0175,0.023542857,0.00976,0.01985,0.04247,0.0064
1980-08,0.0219,0.026826531,0.05466,0.035655,0.06456,0.0075
1980-09,0.0104,0.0036571429,0.04175,0.029655,0.03649,0.0095
1980-10,0.096,0.07042449,0.0415,0.049735,0.08573,0.0096
1980-11,-0.0446,-0.030140816,-0.05551,-0.04068,-0.02582,0.0131
1980-12,-0.0506,-0.035153061,-0.04888,-0.04312,-0.08972,0.0104
1981-01,0.0061,0.0039918367,-0.02546,-0.02341,-0.00942,0.0107
1981-02,0.0367,0.068485714,0.00465,-0.005725,0.06928,0.0121
1981-03,-0.0216,-0.0032183673,-0.00581,0.006175,0.0026,0.0108
1981-04,0.0013,0.01322449,0.01515,0.00864,0.04459,0.0115
1981-05,-0.0234,-0.039038776,-0.04007,-0.03045,-0.07303,0.0135
1981-06,-0.0155,-0.03245102,-0.04016,-0.01551,-0.02132,0.0124
1981-07,-0.0702,-0.076391837,-0.0196,-0.00842,-0.06777,0.0128
1981-08,-0.0719,-0.063771429,0.00658,0.00794,-0.04663,0.0124
1981-09,0.0492,0.053297959,0.04286,0.021755,0.05972,0.0121
1981-10,0.034,0.017773469,0.00175,0.00265,0.01524,0.0107
1981-11,-0.0363,-0.029618367,-0.00526,-0.005165,-0.02934,0.0087
1981-12,-0.0323,-0.031663265,0.0207,0.01662,-0.01629,0.008
1982-01,-0.0586,-0.055402041,0.01588,0.019425,-0.04451,0.0092
1982-02,-0.0182,-0.019961224,0.0386,0.02616,0.00788,0.0098
1982-03,0.0324,0.041385714,-0.00102,0.01032,0.04046,0.0113
1982-04,-0.0393,-0.054753061,0.02633,0.018665,-0.06101,0.0106
1982-05,-0.0308,-0.0311,0.04335,0.02554,0.00218,0.0096
1982-06,-0.032,-0.026861224,0.03978,0.015695,-0.00859,0.0105
1982-07,0.1123,0.11857755,-0.06369,-0.02857,0.09535,0.0076
1982-08,0.0131,0.014834694,0.01768,0.01229,0.0077,0.0051
1982-09,0.113,0.13353673,-0.02966,-0.024665,0.11494,0.0059
1982-10,0.0468,0.061908163,0.029,0.01776,0.08531,0.0063
1982-11,0.0056,0.002455102,-0.02681,-0.02006,-0.0248,0.0067
1982-12,0.0359,0.040944898,-0.03637,-0.027805,0.01876,0.0069
1983-01,0.0259,0.031165306,0.01413,0.00799,0.01879,0.0062
1983-02,0.0281,0.033355102,0.01267,0.012805,0.04552,0.0063
1983-03,0.0666,0.05952449,-0.0013,0.007105,0.06995,0.0071
1983-04,0.0051,0.021467347,-0.022,-0.006405,0.00995,0.0069
1983-05,0.0307,0.027040816,0.00012,0.01218,0.01931,0.0067
1983-06,-0.0406,-0.040881633,-0.02185,-0.01935,-0.04775,0.0074
1983-07,-0.005,-0.0184,-0.01151,-0.01575,-0.03147,0.0076
1983-08,0.0092,0.013471429,-0.02689,-0.016585,-0.01431,0.0076
1983-09,-0.0343,-0.04772449,-0.03611,-0.03348,-0.03524,0.0076
1983-10,0.0217,0.037981633,0.00448,0.005175,0.02247,0.007
1983-11,-0.0177,-0.019412245,-0.00125,-0.003075,-0.01629,0.0073
1983-12,-0.0192,-0.033004082,-0.01975,-0.014565,-0.0061,0.0076
1984-01,-0.0477,-0.058953061,-0.03052,-0.0251,-0.04768,0.0071
1984-02,0.0065,0.010744898,0.00283,-0.00359,0.00261,0.0073
1984-03,-0.0051,-0.011908163,0.01359,0.00065,-0.02582,0.0081
1984-04,-0.0598,-0.061638776,0.01942,0.00387,-0.05198,0.0078
1984-05,0.0181,0.02404898,-0.00039,0.00266,0.03011,0.0075
1984-06,-0.0272,-0.035538776,0.02222,0.01321,-0.00907,0.0082
1984-07,0.1027,0.10841837,-0.02008,-0.01978,0.09755,0.0083
1984-08,-0.008,-0.021189796,0.01752,0.010395,-0.03506,0.0086
1984-09,-0.0084,-0.009755102,0.03116,0.02532,-0.00491,0.01
1984-10,-0.0177,-0.022002041,-0.00787,-0.01099,-0.01196,0.0073
1984-11,0.0184,0.013732653,0.02093,0.01401,0.03916,0.0064
1984-12,0.0797,0.09274898,-0.04851,-0.035675,0.04285,0.0065
1985-01,0.0122,0.011822449,0.02404,0.02443,0.01277,0.0058
1985-02,-0.0083,-0.010761224,-0.02079,-0.00478,0.00196,0.0062
1985-03,-0.0096,-0.022593878,-0.00126,0.00374,-0.00866,0.0072
1985-04,0.0507,0.049520408,0.01883,0.02239,0.04951,0.0066
1985-05,0.0127,0.012914286,0.02264,0.01314,0.01486,0.0055
1985-06,-0.0072,0.010681633,-0.04701,-0.033335,-0.01993,0.0062
1985-07,-0.0101,-0.014244898,0.01855,0.01346,-0.02186,0.0055
1985-08,-0.0451,-0.051395918,0.01344,0.00824,-0.02466,0.006
1985-09,0.04,0.022091837,0.02729,0.030495,0.04677,0.0065
1985-10,0.0646,0.067034694,-0.00687,-0.00469,0.06725,0.0061
1985-11,0.0388,0.037806122,0.00859,0.00856,0.03659,0.0065
1985-12,0.0065,0.013304082,-0.00066,0.00599,0.02771,0.0056
1986-01,0.0714,0.073140816,0.01467,0.009635,0.07792,0.0053
1986-02,0.0491,0.053595918,0.01805,0.01477,0.05941,0.006
1986-03,-0.0128,-0.0069591837,0.01939,0.005525,0.00119,0.0052
1986-04,0.0462,0.039973469,0.01569,0.018385,0.041,0.0049
1986-05,0.0106,0.0034632653,0.04995,0.032085,0.03256,0.0052
1986-06,-0.0643,-0.077844898,-0.01658,-0.000625,-0.08271,0.0052
1986-07,0.0607,0.054865306,-0.0432,-0.03893,0.04327,0.0046
1986-08,-0.0859,-0.076016327,-0.06147,-0.0411,-0.07678,0.0045
1986-09,0.0464,0.046122449,0.03695,0.026495,0.00817,0.0046
1986-10,0.0117,0.0095938776,0.0097,0.00476,0.01124,0.0039
1986-11,-0.0326,-0.036814286,0.01345,0.013825,-0.02192,0.0049
1986-12,0.1245,0.13324898,0.03002,0.02466,0.15817,0.0042
1987-01,0.0438,0.0589,-0.031,-0.02122,0.02706,0.0043
1987-02,0.0163,0.020512245,0.00656,0.00435,0.01497,0.0047
1987-03,-0.0209,-0.021467347,0.03712,0.018815,0.01154,0.0044
1987-04,0.0011,0.0043122449,0.0038,-0.00338,0.01167,0.0038
1987-05,0.0391,0.032542857,-0.02651,-0.017705,0.00561,0.0048
1987-06,0.0384,0.049473469,0.02702,0.02438,0.05227,0.0046
1987-07,0.0352,0.03135102,-0.01132,-0.006155,0.01634,0.0047
1987-08,-0.0258,-0.017787755,0.02724,0.013955,-0.00635,0.0045
1987-09,-0.2319,-0.26563878,-0.01976,-0.011835,-0.28532,0.006
1987-10,-0.0776,-0.06504898,0.02864,0.017545,-0.04969,0.0035
1987-11,0.0682,0.087734694,0.00792,-0.003755,0.09845,0.0039
1987-12,0.0421,0.022961224,-0.06021,-0.03617,-0.03864,0.0029
1988-01,0.0477,0.063306122,-0.00719,0.00298,0.03805,0.0046
1988-02,-0.0226,-0.0051836735,-0.01551,-0.004435,0.00296,0.0044
1988-03,0.0057,0.0051693878,0.00781,-0.002225,0.00354,0.0046
1988-04,-0.0027,-0.0088795918,0.00228,-5e-05,-0.00906,0.0051
1988-05,0.0478,0.055593878,-0.02921,-0.0229,0.0329,0.0049
1988-06,-0.0125,-0.020532653,0.02342,0.015475,-0.02001,0.0051
1988-07,-0.0331,-0.03605,-0.01129,-0.000175,-0.02508,0.0059
1988-08,0.0331,0.031216667,-0.00696,-0.006875,0.03846,0.0062
1988-09,0.0116,0.0052854167,0.01217,0.02038,0.02696,0.0061
1988-10,-0.0227,-0.028508333,-0.00304,0.001785,-0.03036,0.0057
1988-11,0.0148,0.022379167,0.0002,-0.001755,0.02136,0.0063
1988-12,0.0607,0.058277083,0.01196,0.006205,0.06063,0.0055
1989-01,-0.0223,-0.012345833,-0.00134,-0.00228,-0.00063,0.0061
1989-02,0.0157,0.01614375,0.01362,0.01464,0.03577,0.0067
1989-03,0.0435,0.042733333,0.01096,0.005075,0.05505,0.0067
1989-04,0.0328,0.031689583,0.02554,0.01167,0.03914,0.0079
1989-05,-0.0133,-0.01504375,0.0191,0.011585,-0.0016,0.0071
1989-06,0.0718,0.066527083,0.04609,0.03249,0.08503,0.007
1989-07,0.0143,0.018635417,-0.0246,-0.015335,-0.00578,0.0074
1989-08,-0.0076,-0.011847917,0.00504,0.013735,-0.02743,0.0065
1989-09,-0.0365,-0.049777083,0.01917,0.01183,-0.02205,0.0068
1989-10,0.0104,0.00575,-0.00798,0.010715,-0.00237,0.0069
1989-11,0.0118,0.0083479167,0.00877,0.00257,0.01081,0.0061
1989-12,-0.078,-0.075795833,-0.01479,-0.01364,-0.08271,0.0057
1990-01,0.0112,0.014485417,-0.00658,-0.005705,0.03486,0.0057
1990-02,0.0183,0.029214583,0.00056,-0.00879,0.03345,0.0064
1990-03,-0.0336,-0.033716667,-0.00659,-0.006735,-0.02657,0.0069
1990-04,0.0843,0.0830875,0.02822,0.01289,0.08699,0.0068
1990-05,-0.0109,-0.01101875,-2e-05,-0.00294,0.00292,0.0063
1990-06,-0.019,-0.023829167,0.01872,0.025775,-0.0208,0.0068
1990-07,-0.1012,-0.11390417,0.00459,0.01573,-0.09486,0.0066
1990-08,-0.0611,-0.079010417,0.00905,0.017245,-0.06378,0.006
1990-09,-0.0192,-0.041658333,0.03184,0.020915,-0.054,0.0068
1990-10,0.0635,0.06870625,-0.02003,-0.026685,0.04679,0.0057
1990-11,0.0246,0.033877083,-0.01271,-0.010465,0.01702,0.006
1990-12,0.0469,0.063460417,0.00864,0.00942,0.08916,0.0052
1991-01,0.0719,0.080833333,0.00546,-0.016955,0.06958,0.0048
1991-02,0.0266,0.027716667,0.01805,0.013255,0.04473,0.0044
1991-03,-0.0028,-0.0029979167,-0.01227,-0.01086,-0.0158,0.0053
1991-04,0.0366,0.042114583,0.01563,0.003155,0.04881,0.0047
1991-05,-0.0494,-0.045125,-0.02541,-0.01004,-0.04275,0.0042
1991-06,0.0424,0.033270833,0.0347,0.02218,0.02872,0.0049
1991-07,0.0232,0.016597959,0.04252,0.024015,0.05156,0.0046
1991-08,-0.0159,-0.017491837,0.01473,0.0163,-0.01321,0.0046
1991-09,0.0129,0.0098469388,0.00064,0.012305,0.01828,0.0042
1991-10,-0.042,-0.046330612,0.00341,0.003185,-0.04366,0.0039
1991-11,0.1085,0.10894694,0.0175,0.02488,0.13519,0.0038
1991-12,-0.0059,0.016232653,-0.03008,-0.0097,-0.00024,0.0034
1992-01,0.0108,0.019085417,-0.01076,-0.012415,0.02651,0.0028
1992-02,-0.0265,-0.029604167,0.00804,0.005675,-0.02356,0.0034
1992-03,0.0109,0.0055958333,-0.0291,-0.02369,0.02401,0.0032
1992-04,0.003,-0.0012958333,0.01184,0.00744,0.00521,0.0028
1992-05,-0.0233,-0.030516667,-0.01373,-0.002195,-0.01587,0.0032
1992-06,0.0378,0.028108333,-0.00719,0.00316,0.01684,0.0031
1992-07,-0.0238,-0.028565306,-0.00655,-0.005065,-0.01244,0.0026
1992-08,0.0119,0.017369388,0.00086,0.001325,0.02122,0.0026
1992-09,0.0102,0.012795918,-0.00186,0.006065,0.02454,0.0023
1992-10,0.0414,0.042944898,0.00876,0.013,0.05331,0.0023
1992-11,0.0153,0.017555102,0.02211,0.005555,0.01522,0.0028
1992-12,0.0093,0.0084612245,0.05027,0.037365,0.03576,0.0023
1993-01,0.0012,-0.0055469388,0.02035,0.02879,-0.00289,0.0022
1993-02,0.0232,0.024532653,-0.00383,0.00514,0.03528,0.0025
1993-03,-0.0305,-0.031881633,0.0181,0.0075,-0.01374,0.0024
1993-04,0.0289,0.035544898,-0.02513,-0.010405,0.03551,0.0022
1993-05,0.003,-0.0052693878,0.03691,0.029255,0.00625,0.0025
1993-06,-0.0034,-0.00019183673,0.0166,0.013845,0.02839,0.0024
1993-07,0.0372,0.038022449,0.01586,0.009355,0.03554,0.0025
1993-08,-0.0012,-0.0054333333,0.02516,0.01876,0.00585,0.0026
1993-09,0.0142,0.023727083,-0.03184,-0.0086,0.00838,0.0022
1993-10,-0.0187,-0.00914375,-0.02195,-0.02635,-0.02382,0.0025
1993-11,0.0165,0.0299375,0.01489,0.00514,0.02815,0.0023
1993-12,0.0287,0.032027083,-0.00428,0.001665,0.05366,0.0025
1994-01,-0.0255,-0.014072917,0.02341,0.01373,0.00076,0.0021
1994-02,-0.0479,-0.05075,0.0016,-0.00529,-0.05471,0.0027
1994-03,0.0068,-0.0036354167,-0.02288,-0.02106,-0.02601,0.0027
1994-04,0.0058,0.0039375,0.01064,0.00049,0.01129,0.0032
1994-05,-0.0304,-0.03175625,-0.00119,-0.00166,-0.02968,0.0031
1994-06,0.0282,0.02194375,-0.00014,-0.00064,0.01761,0.0028
1994-07,0.0402,0.0440375,0.01802,0.01402,0.05717,0.0037
1994-08,-0.0228,-0.020091667,0.016,-0.00135,-0.00307,0.0037
1994-09,0.0135,0.0037270833,-0.00245,-0.00679,0.00157,0.0038
1994-10,-0.0403,-0.044704167,-0.0132,-0.006475,-0.02878,0.0037
1994-11,0.0086,0.014425,0.00132,0.004085,0.01522,0.0044
1994-12,0.018,0.010064583,0.00348,0.00568,0.00302,0.0042
1995-01,0.0363,0.0371125,-0.00042,0.010925,0.03089,0.004
1995-02,0.0219,0.029,-0.00178,0.00369,0.03771,0.0046
1995-03,0.0211,0.013141667,0.01823,0.02141,0.02371,0.0044
1995-04,0.029,0.020210417,-0.0064,0.00202,0.02762,0.0054
1995-05,0.0272,0.026797917,0.03205,0.016045,0.03024,0.0047
1995-06,0.0371,0.03848125,0.00475,-0.003995,0.05157,0.0045
1995-07,0.0055,0.0036729167,-0.00559,-0.00515,-0.00356,0.0047
1995-08,0.0336,0.019029167,0.02379,0.016565,0.04052,0.0043
1995-09,-0.0151,-0.028070833,0.04991,0.035125,0.01297,0.0047
1995-10,0.0396,0.045389583,-0.0306,-0.01763,0.03705,0.0042
1995-11,0.0104,0.0097229167,-0.01767,-0.0065,0.01502,0.0049
1995-12,0.0226,0.022102083,-0.01052,-0.00272,0.03225,0.0043
1996-01,0.0133,0.018775,-0.00477,0.003265,0.01815,0.0039
1996-02,0.0074,0.017577083,-0.01459,-0.0166,0.00861,0.0039
1996-03,0.0206,0.02240625,0.00447,-0.005075,0.00234,0.0046
1996-04,0.0236,0.027027083,-0.02191,-0.00323,0.02651,0.0042
1996-05,-0.0113,-0.013539583,-0.02129,-0.005525,0.007,0.004
1996-06,-0.0596,-0.061816667,0.0053,0.00634,-0.04814,0.0045
1996-07,0.0277,0.029960417,0.0038,0.001605,0.0139,0.0041
1996-08,0.0501,0.042752083,-0.00152,0.00857,0.04929,0.0044
1996-09,0.0087,-0.0020083333,0.00253,0.00721,-0.00588,0.0042
1996-10,0.0625,0.0533375,-0.02145,-0.014445,0.04697,0.0041
1996-11,-0.017,-0.0084020833,0.00427,0.005715,-0.01104,0.0046
1996-12,0.0496,0.039445833,0.03457,0.017595,0.04579,0.0045
1997-01,-0.0048,0.00348125,-0.03222,-0.01341,-0.00804,0.0039
1997-02,-0.0502,-0.047754167,0.00752,0.01138,-0.04831,0.0043
1997-03,0.0404,0.027958333,0.01832,0.02409,0.00594,0.0043
1997-04,0.0673,0.06656875,-0.00198,-0.004465,0.06539,0.0049
1997-05,0.041,0.038920833,0.01766,0.008515,0.02814,0.0037
1997-06,0.0731,0.061439583,0.05243,0.04163,0.07739,0.0043
1997-07,-0.041,-0.029760417,-0.02513,-0.0234,-0.04547,0.0041
1997-08,0.0534,0.048270833,0.00397,-0.004575,0.0462,0.0044
1997-09,-0.038,-0.05050625,0.01023,0.008665,-0.04962,0.0042
1997-10,0.0299,0.018658333,0.01458,0.010775,0.04286,0.0039
1997-11,0.0133,0.0093083333,0.01995,0.01552,0.02979,0.0048
1997-12,0.0015,-0.0083791667,0.00205,0.008585,-0.04334,0.0043
1998-01,0.0703,0.069733333,0.01239,-0.001445,0.07445,0.0039
1998-02,0.0476,0.043633333,0.01645,0.00747,0.02352,0.0039
1998-03,0.0074,0.0060479167,-0.01184,0.00085,-0.00276,0.0043
1998-04,-0.0307,-0.033145833,0.02003,0.019725,-0.03481,0.004
1998-05,0.0319,0.0052895833,0.03865,0.03312,0.04085,0.0041
1998-06,-0.0242,-0.0483875,0.00496,0.01395,-0.0293,0.004
1998-07,-0.1605,-0.1678125,0.02498,0.005425,-0.16314,0.0043
1998-08,0.0619,0.04625,-0.06539,-0.027165,0.0499,0.0046
1998-09,0.0698,0.0853,-0.01576,-0.00407,0.09138,0.0032
1998-10,0.0607,0.048404167,0.01152,0.01751,0.06928,0.0031
1998-11,0.0615,0.02403125,0.03858,0.029815,0.05952,0.0038
1998-12,0.0348,0.00406875,0.07459,0.03875,0.06753,0.0035
1999-01,-0.0408,-0.041035417,-0.00889,-0.004715,-0.06519,0.0035
1999-02,0.0348,0.017491667,0.03748,0.031175,0.02195,0.0043
1999-03,0.0434,0.088702083,-0.05121,-0.074565,0.02294,0.0037
1999-04,-0.0246,-0.018495833,0.00014,0.00433,-0.0198,0.0034
1999-05,0.0477,0.032270833,0.0258,0.030315,0.06136,0.004
1999-06,-0.0349,-0.04226875,0.02305,0.009485,-0.05328,0.0038
1999-07,-0.0137,-0.031655102,0.04943,0.024135,-0.01615,0.0039
1999-08,-0.0277,-0.042795918,0.03018,0.01984,-0.02951,0.0039
1999-09,0.0609,0.011063265,0.1021,0.06892,0.04675,0.0039
1999-10,0.0341,0.0072265306,0.03457,0.01814,0.03423,0.0036
1999-11,0.0766,0.045255102,0.10789,0.071035,0.12792,0.0044
1999-12,-0.0474,-0.038169388,0.03389,0.016155,-0.03976,0.0041
2000-01,0.0246,-0.025253061,0.09544,0.06867,0.08424,0.0043
2000-02,0.0521,0.072746939,-0.05192,-0.02803,0.0274,0.0047
2000-03,-0.0639,-0.0052755102,-0.04255,-0.03805,-0.06228,0.0046
2000-04,-0.0439,-0.022153061,-0.04867,-0.042045,-0.04026,0.005
2000-05,0.0468,0.0018163265,0.05397,0.03178,0.05556,0.004
2000-06,-0.0248,0.0036104167,-0.03704,-0.03237,-0.01876,0.0048
2000-07,0.0703,0.056089583,0.04962,0.03449,0.10889,0.005
2000-08,-0.0544,-0.029016667,-0.04494,-0.03566,-0.09663,0.0051
2000-09,-0.0278,-0.0010666667,-0.01851,-0.03067,-0.03366,0.0056
2000-10,-0.107,-0.043414583,-0.0576,-0.05125,-0.111,0.0051
2000-11,0.0118,0.04525,0.00849,0.012505,0.0107,0.005
2000-12,0.0325,0.02343125,-0.08944,-0.082855,0.04032,0.0054
2001-01,-0.1003,-0.043908333,0.10594,0.06623,-0.06931,0.0038
2001-02,-0.0725,-0.058077083,0.03433,0.03312,-0.08605,0.0042
2001-03,0.0793,0.066072917,-0.03722,-0.03777,0.0961,0.0039
2001-04,0.0068,0.022797917,0.02833,0.0123,0.02757,0.0032
2001-05,-0.0194,-0.01456875,0.01814,0.008475,-0.01468,0.0028
2001-06,-0.0213,-0.01174375,0.03593,0.02495,-0.04499,0.003
2001-07,-0.064,-0.03291875,0.03973,0.023215,-0.02244,0.0031
2001-08,-0.0924,-0.10065,0.09432,0.05402,-0.00256,0.0028
2001-09,0.0248,0.030052083,-0.09323,-0.026315,-0.00542,0.0022
2001-10,0.0753,0.0659125,-0.0889,-0.057165,0.03053,0.0017
2001-11,0.0161,0.033679167,0.01319,0.01424,0.04172,0.0015
2001-12,-0.0144,0.010104167,0.03283,0.030715,0.01282,0.0014
2002-01,-0.023,0.0083361702,0.05264,0.0321,0.02902,0.0013
2002-02,0.0424,0.051846809,-0.00079,-0.004665,0.04306,0.0013
2002-03,-0.0521,-0.013010638,0.04985,0.051235,0.04037,0.0015
2002-04,-0.0136,-0.0095702128,0.00134,0.016225,-0.00549,0.0014
2002-05,-0.0723,-0.051087234,0.04208,0.03856,-0.03961,0.0013
2002-06,-0.0819,-0.10285957,-0.03041,-0.00403,-0.13126,0.0015
2002-07,0.005,0.0042020833,0.02884,0.01367,0.00322,0.0014
2002-08,-0.1034,-0.088575,0.04949,0.037275,-0.08302,0.0014
2002-09,0.0784,0.039964583,-0.03694,-0.02471,0.05209,0.0014
2002-10,0.0596,0.06020625,-0.06063,-0.06227,0.08159,0.0012
2002-11,-0.0576,-0.038135417,0.04486,0.037305,-0.00406,0.0011
2002-12,-0.0257,-0.040091667,-0.01499,-0.00908,-0.07121,0.001
2003-01,-0.0188,-0.02228125,-0.02956,-0.008275,-0.03502,0.0009
2003-02,0.0109,-0.00020416667,0.01321,0.00476,-0.0382,0.001
2003-03,0.0818,0.076172917,-0.02733,-0.026255,0.09956,0.001
2003-04,0.0605,0.073466667,-0.04245,-0.035255,0.10379,0.0009
2003-05,0.0142,0.01415,-0.00131,-0.006055,0.0174,0.001
2003-06,0.0233,0.030327083,-0.04654,-0.02661,0.00037,0.0007
2003-07,0.0233,0.035847917,0.00047,-0.004495,0.05318,0.0007
2003-08,-0.0124,-0.01675625,-0.00062,0.00098,-0.03037,0.0008
2003-09,0.0608,0.071497917,0.04677,0.03764,0.10266,0.0007
2003-10,0.0135,0.024702083,0.0078,0.01304,0.04007,0.0007
2003-11,0.0429,0.05398125,-0.0287,-0.01486,0.03271,0.0008
2003-12,0.0215,0.012010417,-0.00695,0.002875,-0.01214,0.0007
2004-01,0.014,0.02139375,0.01693,-0.00132,0.00414,0.0006
2004-02,-0.0132,-0.0053166667,-0.00767,-0.00365,-0.00407,0.0009
2004-03,-0.0181,-0.014297917,-0.04873,-0.019145,-0.01479,0.0008
2004-04,0.0118,0.0097208333,-0.00554,0.00249,7e-05,0.0006
2004-05,0.0185,0.03539375,-0.00721,0.01727,0.03993,0.0008
2004-06,-0.0404,-0.04509375,-0.01276,-0.00895,-0.04864,0.001
2004-07,0.0007,0.0015897959,-0.01909,-0.009925,0.00516,0.0011
2004-08,0.016,0.023206122,0.02416,0.02088,0.02883,0.0011
2004-09,0.0142,0.012622449,-0.01884,-0.015815,-0.00493,0.0011
2004-10,0.0453,0.063506122,0.04309,0.03096,0.08447,0.0015
2004-11,0.0342,0.032436735,-0.01042,-0.009865,0.00251,0.0016
2004-12,-0.0275,-0.020112245,0.03369,0.02662,-0.00439,0.0016
2005-01,0.0188,0.028557143,0.05121,0.02754,0.06508,0.0016
2005-02,-0.0194,-0.020712245,-0.00921,0.003715,-0.03722,0.0021
2005-03,-0.0261,-0.039906122,-0.0087,-0.00358,-0.01859,0.0021
2005-04,0.0365,0.039730612,0.00859,8e-05,0.05347,0.0024
2005-05,0.0058,0.0073571429,0.02164,0.01384,0.02344,0.0023
2005-06,0.0392,0.045812245,0.01268,0.000935,0.05608,0.0024
2005-07,-0.012,-0.011506122,0.00733,0.00706,0.00114,0.003
2005-08,0.0048,0.0048979592,0.00268,0.01375,0.02802,0.0029
2005-09,-0.0204,-0.030236735,-0.00706,-0.01233,-0.04895,0.0027
2005-10,0.0361,0.037763265,-0.00759,-0.008745,0.03016,0.0031
2005-11,-0.0024,0.0019040816,-0.00245,-0.001725,0.00715,0.0032
2005-12,0.0303,0.041432653,0.03464,0.01928,0.08283,0.0035
2006-01,-0.003,-0.00082040816,-0.04786,-0.023925,-0.01924,0.0034
2006-02,0.0147,0.024563265,0.0183,0.01247,0.05179,0.0037
2006-03,0.0073,0.01345102,0.04593,0.032215,0.05222,0.0036
2006-04,-0.0356,-0.035683673,-0.03467,-0.02461,-0.05321,0.0043
2006-05,-0.0035,-0.0053734694,-0.00418,0.00192,0.00123,0.004
2006-06,-0.0077,-0.01994898,-0.02121,-0.01247,-0.01985,0.004
2006-07,0.0203,0.015765306,-0.02824,-0.017975,-0.00909,0.0042
2006-08,0.0184,0.0090571429,-0.00668,-0.007795,-0.01131,0.0041
2006-09,0.0322,0.040177551,-0.01084,-0.00735,0.05458,0.0041
2006-10,0.017,0.02614898,0.00432,7e-05,0.02981,0.0042
2006-11,0.0085,0.0033897959,0.01567,0.00917,0.00085,0.004
2006-12,0.0138,0.02465102,0.01407,0.00118,0.03421,0.0044
2007-01,-0.0196,-0.0077122449,-0.00613,-0.012355,-0.003,0.0038
2007-02,0.0071,0.0058061224,0.02257,0.02048,0.02016,0.0043
2007-03,0.0349,0.039530612,-0.01652,-0.01007,0.03775,0.0044
2007-04,0.0323,0.038806122,0.00245,-0.002425,0.04506,0.0041
2007-05,-0.0196,-0.017116327,0.00995,0.001675,-0.00138,0.004
2007-06,-0.0372,-0.033997959,0.01114,0.01089,-0.02256,0.004
2007-07,0.0094,-0.00079387755,0.00295,-0.008015,-0.00357,0.0042
2007-08,0.0322,0.037457143,0.0127,0.013965,0.08308,0.0032
2007-09,0.0179,0.029642857,0.01905,0.010615,0.03921,0.0032
2007-10,-0.048,-0.048253061,0.0138,0.001565,-0.06744,0.0034
2007-11,-0.0087,-0.0089877551,0.02696,0.0339,0.01522,0.0027
2007-12,-0.0633,-0.054526531,-0.0292,-0.025185,-0.05644,0.0021
2008-01,-0.0309,-0.019428571,0.07562,0.058865,-0.00655,0.0013
2008-02,-0.0094,-0.010840816,-0.02833,-0.016745,-0.03097,0.0017
2008-03,0.0461,0.044514286,0.02828,0.01746,0.05625,0.0018
2008-04,0.0187,0.028081633,0.04982,0.0309,0.07483,0.0018
2008-05,-0.0843,-0.08607551,0.09911,0.065545,-0.00255,0.0017
2008-06,-0.0075,-0.0047367347,-0.0792,-0.036785,-0.08684,0.0015
2008-07,0.0153,0.018893878,-0.03976,-0.03452,-0.00576,0.0013
2008-08,-0.0935,-0.11353469,-0.06771,-0.049005,-0.14427,0.0015
2008-09,-0.172,-0.21098776,0.03554,0.032095,-0.27442,0.0008
2008-10,-0.0774,-0.092304082,0.0379,0.01734,-0.09894,0.0003
2008-11,0.0177,0.039979592,-0.05178,-0.032505,0.05426,0
2008-12,-0.0809,-0.080493878,0.01838,0.02723,-0.1056,0
2009-01,-0.1014,-0.11397959,0.01441,0.01889,-0.11152,0.0001
2009-02,0.0901,0.088885714,-0.00398,-0.032895,0.11999,0.0002
2009-03,0.1017,0.17462041,-0.25494,-0.174905,0.22673,0.0001
2009-04,0.0521,0.052020408,0.00237,-0.00846,0.09514,0
2009-05,0.0042,-0.005177551,0.01884,0.01088,-0.03548,0.0001
2009-06,0.0774,0.097565306,-0.02571,-0.04663,0.14074,0.0001
2009-07,0.0333,0.038783673,-0.01521,-0.014185,0.05657,0.0001
2009-08,0.0408,0.050622449,-0.02941,-0.01436,0.06185,0.0001
2009-09,-0.0253,-0.039895918,0.03228,0.02187,-0.05288,0
2009-10,0.0563,0.063185714,-0.00306,-0.005715,0.07998,0
2009-11,0.028,0.039920408,0.00728,0.014475,0.02353,0.0001
2009-12,-0.0335,-0.039089796,-0.025,-0.024425,-0.06881,0
2010-01,0.0339,0.050716327,0.05132,0.03359,0.06416,0
2010-02,0.063,0.069777551,0.02904,0.020715,0.08465,0.0001
2010-03,0.0199,0.032389796,0.02827,0.02769,0.04137,0.0001
2010-04,-0.079,-0.079220408,-0.00067,-0.00486,-0.09346,0.0001
2010-05,-0.0556,-0.064104082,-0.05528,-0.033915,-0.0749,0.0001
2010-06,0.0692,0.075620408,0.01833,0.010775,0.07452,0.0001
2010-07,-0.0478,-0.051459184,0.04798,0.020525,-0.04982,0.0001
2010-08,0.0955,0.10290204,0.01687,0.0179,0.10905,0.0001
2010-09,0.0387,0.044293878,0.01552,0.01313,0.04967,0.0001
2010-10,0.0059,0.016883673,0.0157,0.009735,0.0265,0.0001
2010-11,0.0682,0.071806122,-0.03964,-0.02411,0.06317,0.0001
2010-12,0.0198,0.015671429,-0.02318,-0.024825,0.00883,0.0001
2011-01,0.0348,0.038657143,0.00102,-0.001005,0.04422,0.0001
2011-02,0.0045,0.018610204,0.02373,0.014615,0.04191,0.0001
2011-03,0.029,0.025185714,0.00405,-0.003975,0.01891,0
2011-04,-0.0127,-0.0098367347,-0.01729,-0.010485,-0.01951,0
2011-05,-0.0174,-0.013540816,-0.00219,0.004305,-0.00633,0
2011-06,-0.0235,-0.032334694,-0.00179,0.00347,-0.02452,0
2011-07,-0.0596,-0.060957143,-0.00971,-0.013905,-0.04884,0.0001
2011-08,-0.0758,-0.10487347,-0.05314,-0.04505,-0.16134,0
2011-09,0.1133,0.13778367,-0.00837,-0.00167,0.16996,0
2011-10,-0.0027,0.0024326531,0.03392,0.017125,0.01486,0
2011-11,0.0075,-0.004244898,0.02447,0.017685,-0.02955,0
2011-12,0.0505,0.065793878,-0.05154,-0.035445,0.04797,0
2012-01,0.0442,0.035422449,0.02448,0.005925,0.04217,0
2012-02,0.0312,0.019773469,0.02552,0.013745,0.03158,0
2012-03,-0.0085,-0.0086673469,0.00979,0.012895,-0.00182,0
2012-04,-0.0617,-0.069228571,0.04575,0.032765,-0.05079,0.0001
2012-05,0.0389,0.034122449,-0.01851,-0.013415,0.02192,0
2012-06,0.0079,-0.0060469388,0.03422,0.035975,0.02069,0
2012-07,0.0254,0.033606122,-0.01782,-0.02201,0.01721,0.0001
2012-08,0.0273,0.031946939,-0.02646,-0.010315,0.03905,0.0001
2012-09,-0.0176,-0.0023918367,-0.0271,-0.014255,-0.00339,0.0001
2012-10,0.0078,0.010820408,0.02362,0.00864,0.01135,0.0001
2012-11,0.0118,0.021179592,-0.00234,-0.00765,0.02408,0.0001
2012-12,0.0557,0.056114286,0.03795,0.01963,0.07382,0
2013-01,0.0128,0.011661224,0.03175,0.008905,0.02054,0
2013-02,0.0404,0.046083673,0.01679,0.01168,0.05821,0
2013-03,0.0156,0.0032061224,0.02507,0.010465,-0.00111,0
2013-04,0.028,0.02842449,-0.00892,-0.00289,0.00918,0
2013-05,-0.012,-0.020542857,0.04052,0.0174,-0.01839,0
2013-06,0.0565,0.054995918,0.0319,0.016145,0.08347,0
2013-07,-0.0271,-0.022946939,-0.01222,-0.010955,-0.014,0
2013-08,0.0377,0.044704082,0.03825,0.0248,0.0627,0
2013-09,0.0417,0.044193878,-0.01128,-0.00313,0.03517,0
2013-10,0.0311,0.024973469,0.0312,0.026095,0.03811,0
2013-11,0.0281,0.032581633,-0.00045,-0.00052,0.0326,0
2013-12,-0.0332,-0.036393878,0.01174,0.00652,-0.01649,0
2014-01,0.0466,0.049140816,0.01041,0.00865,0.05782,0
2014-02,0.0043,0.0031061224,-0.00797,-0.0108,-0.02058,0
2014-03,-0.0018,-0.00087142857,-0.02926,-0.013785,0.00995,0
2014-04,0.0205,0.016197959,0.02146,0.011655,0.01215,0
2014-05,0.026,0.030561224,-0.01501,-0.00532,0.02084,0
2014-06,-0.0203,-0.033171429,0.03267,0.01542,-0.02894,0
2014-07,0.0424,0.044430612,-4e-05,-0.00281,0.04377,0
2014-08,-0.0196,-0.033646939,0.04029,0.01631,-0.01229,0
2014-09,0.0251,0.019306122,0.02683,0.014055,0.02741,0
2014-10,0.0256,0.025589796,0.01769,0.011855,0.02996,0
2014-11,-0.0005,-0.0070163265,0.02272,0.012835,-0.01527,0
2014-12,-0.031,-0.027573469,0.01312,0.007355,-0.03308,0
2015-01,0.0613,0.069826531,-0.02629,-0.010655,0.07572,0
2015-02,-0.0111,-0.016995918,0.00855,0.01482,-0.00183,0
2015-03,0.0059,0.0039428571,-0.03344,-0.02943,-0.03425,0
2015-04,0.0137,0.0065204082,0.0498,0.032725,0.02537,0
2015-05,-0.0152,-0.0218,0.02607,0.02123,-0.00911,0
2015-06,0.0157,-0.0057020408,0.08215,0.06264,0.03933,0
2015-07,-0.0602,-0.049475,-0.02186,-0.01407,-0.0459,0
2015-08,-0.0306,-0.051458333,0.06338,0.04036,-0.02844,0
2015-09,0.0775,0.065427083,0.01585,-0.0005,0.05171,0
2015-10,0.0057,0.0066041667,-0.02045,-0.009555,0.00051,0
2015-11,-0.0215,-0.028897917,0.02387,0.02022,-0.02308,0.0001
2015-12,-0.0574,-0.05829375,0.01461,0.009975,-0.03728,0.0001
2016-01,-0.0006,0.0253625,-0.06146,-0.037555,0.00247,0.0002
2016-02,0.0695,0.079123404,-0.04629,-0.02898,0.06472,0.0002
2016-03,0.0092,0.025817021,-0.01513,-0.021065,0.02704,0.0001
2016-04,0.0178,0.0090106383,-0.00867,-0.00052,0.0064,0.0001
2016-05,-0.0003,0.005993617,0.04735,0.033255,0.0197,0.0002
2016-06,0.0394,0.050108511,-0.01685,-0.02264,0.0263,0.0002
2016-07,0.0049,-0.0015395833,-0.01282,-0.01526,-0.01682,0.0002
2016-08,0.0027,-0.0003125,-0.00501,0.00598,0.00758,0.0002
2016-09,-0.0201,-0.02786875,-0.00947,-0.003875,-0.02564,0.0002
2016-10,0.0486,0.06185,-0.00507,-0.010755,0.06881,0.0001
2016-11,0.0181,0.0092458333,-0.01877,-0.010175,-0.02081,0.0003
2016-12,0.0194,0.026125,0.01832,0.006145,0.03695,0.0004
2017-01,0.0355,0.026875,-0.03243,-0.01947,0.02114,0.0004
2017-02,0.0017,0.0031395833,-0.01328,-0.013025,-0.00754,0.0003
2017-03,0.0108,0.011191667,-0.01764,-0.003325,0.0214,0.0005
2017-04,0.0107,0.0074125,0.00912,0.00195,0.01403,0.0006
2017-05,0.0079,0.012334043,-0.02298,-0.00585,-0.00108,0.0006
2017-06,0.0188,0.01443617,0.01584,0.00616,0.01144,0.0007
2017-07,0.0018,-0.0024625,0.00986,0.01411,0.00536,0.0009
2017-08,0.0249,0.027433333,0.01021,0.00927,0.02717,0.0009
2017-09,0.0226,0.018858333,0.02663,0.021835,0.03937,0.0009
2017-10,0.0312,0.0363,-0.00839,-0.00826,0.03406,0.0008
2017-11,0.0106,0.014566667,-0.02078,-0.01341,-0.00247,0.0009
2017-12,0.0558,0.04453125,0.01396,0.01734,0.02837,0.0011
2018-01,-0.0364,-0.037791667,0.01298,0.011645,-0.01051,0.0011
2018-02,-0.0235,-0.01543125,0.00454,0.000315,-0.02418,0.0012
2018-03,0.0027,-0.0041291667,-0.00239,-0.00812,6e-05,0.0014
2018-04,0.0266,0.0204625,0.03006,0.01894,0.04252,0.0014
2018-05,0.0049,0.0028895833,-0.01836,-0.01277,0.00245,0.0014
2018-06,0.032,0.028927083,0.01224,-0.001885,0.01223,0.0016
2018-07,0.0345,0.0091395833,0.01239,0.02328,0.01231,0.0016
2018-08,0.0006,-0.0031625,0.00256,0.01257,0.00333,0.0015
2018-09,-0.0765,-0.083414583,-0.00636,-0.007155,-0.10579,0.0019
2018-10,0.0171,0.020827083,-0.01206,-0.01182,0.00389,0.0018
2018-11,-0.0955,-0.09875,-0.00698,2e-05,-0.09914,0.0019
2018-12,0.0837,0.094152083,0.00642,-0.007085,0.08747,0.0021
2019-01,0.0342,0.036620833,0.00604,0.002815,0.06227,0.0018
2019-02,0.011,-0.00148125,0.01384,0.018685,0.00133,0.0019
2019-03,0.0397,0.033775,0.00532,-0.00261,0.02682,0.0021
2019-04,-0.0692,-0.071845833,0.02775,0.016855,-0.0679,0.0021
2019-05,0.0699,0.082727083,-0.03207,-0.022875,0.06351,0.0018
2019-06,0.0123,0.0024395833,0.03127,0.015425,0.02247,0.0019
2019-07,-0.0255,-0.030547917,0.05225,0.03538,-0.00174,0.0016
2019-08,0.0141,0.0164375,-0.02672,-0.01441,-0.01112,0.0018
2019-09,0.0207,0.010441667,-0.00217,-0.004975,0.01497,0.0015
2019-10,0.0387,0.028489583,0.00588,0.00133,0.02043,0.0012
2019-11,0.0277,0.029479167,-0.01373,-0.00481,0.04271,0.0014
2019-12,-0.0011,-0.01885625,0.07705,0.044515,-0.01659,0.0013
2020-01,-0.0815,-0.087679167,-0.00043,-0.00088,-0.08856,0.0012
2020-02,-0.1337,-0.17835625,0.07258,0.0632,-0.12696,0.0012
2020-03,0.136,0.13689167,0.02885,0.020535,0.18281,0
2020-04,0.0557,0.057827083,-0.00144,-0.009135,0.06292,0.0001
2020-05,0.0245,0.020489583,0.02079,0.002395,0.0561,0.0001
2020-06,0.0583,0.059741667,0.06427,0.040885,0.09562,0.0001
2020-07,0.0762,0.065479167,0.06257,0.02546,0.09991,0.0001
2020-08,-0.0364,-0.016383333,-0.02165,-0.007145,-0.02324,0.0001
2020-09,-0.0208,-0.0077979167,0.00625,-0.01176,0.00508,0.0001
2020-10,0.1245,0.14375745,-0.06006,-0.05062,0.09971,0.0001
2020-11,0.0463,0.056453191,-0.01241,-0.011005,0.08441,0.0001
2020-12,-0.0007,-0.0029851064,0.01398,0.006635,0.01268,0
2021-01,0.0281,0.05173617,-0.033,-0.0409,0.04162,0
2021-02,0.0317,0.048606383,-0.04441,-0.01982,0.03706,0
2021-03,0.0495,0.039904255,-0.00168,0.001045,0.04154,0
2021-04,0.003,0.025319149,-0.00177,-0.003065,0.02933,0
2021-05,0.0274,0.0017276596,0.00566,0.00467,-0.02964,0
2021-06,0.0134,0.011065957,-0.00289,0.008045,0.02208,0
2021-07,0.0294,0.019051064,0.00779,0.010825,0.03158,0
2021-08,-0.044,-0.041955319,-0.00313,0.00505,-0.04513,0
2021-09,0.0663,0.058202128,0.02339,0.033975,0.08011,0
2021-10,-0.0158,-0.029651064,-0.03619,-0.02087,-0.03008,0
2021-11,0.0323,0.056055319,0.00233,-0.00911,0.05841,0.0001
2021-12,-0.0616,-0.060244681,0.03162,-0.00686,-0.0568,0
2022-01,-0.0228,0.0082914894,0.05245,0.02642,0.08993,0
2022-02,0.0308,0.032102128,0.09412,0.054335,0.09749,0
2022-03,-0.0941,-0.0697,0.02895,0.009915,-0.05828,0
2022-04,-0.0034,-0.0048957447,0.00231,0.00051,-0.01398,0.0003
2022-05,-0.084,-0.091234043,-0.0177,0.00451,-0.13615,0.0006
2022-06,0.0957,0.09026383,-0.01098,-0.02818,0.05141,0.0008
2022-07,-0.0377,-0.035191489,0.03899,0.03485,-0.02051,0.0019
2022-08,-0.0934,-0.096506383,0.0132,0.009245,-0.1076,0.0019
2022-09,0.0785,0.093889362,0.02044,0.034895,0.12041,0.0023
2022-10,0.0465,0.065385106,-0.02082,-0.01858,0.08079,0.0029
2022-11,-0.0638,-0.055425532,0.01901,0.012925,-0.08637,0.0033
2022-12,0.0661,0.076982979,-0.05495,-0.060235,0.05056,0.0035
2023-01,-0.0257,-0.027789362,-0.01188,-0.000375,-0.0505,0.0034
2023-02,0.0248,0.0013851064,-0.03969,-0.021235,-0.01858,0.0036
2023-03,0.0062,-0.0024829787,0.02243,0.00536,0.01406,0.0035
2023-04,0.0034,-0.039244681,0.01757,0.010895,-0.01482,0.0036
2023-05,0.0646,0.085902128,-0.01791,-0.00314,0.10962,0.004
2023-06,0.0321,0.029178723,0.0025,0.001415,0.03476,0.0045
2023-07,-0.0236,-0.028381633,-0.00948,-0.00094,-0.03026,0.0045
2023-08,-0.0523,-0.052918367,-0.02234,-0.008575,-0.04508,0.0043
2023-09,-0.0315,-0.046726531,0.02877,0.00977,-0.07758,0.0047
2023-10,0.0888,0.082097959,0.04116,0.02707,0.1074,0.0044
2023-11,0.0485,0.061487755,-0.00344,-0.0133,0.06404,0.0043
2023-12,0.0073,-0.017555102,0.02054,0.02315,-0.03051,0.0047
2024-01,0.0507,0.043626531,0.00513,0.01934,0.05733,0.0042
2024-02,0.0284,0.041367347,-0.02202,-0.01534,0.04776,0.0043
2024-03,-0.0465,-0.043769388,-0.02511,-0.024905,-0.05627,0.0047
2024-04,0.0433,0.032269388,0.0185,0.009985,0.05117,0.0044
2024-05,0.028,-0.017497959,-0.01844,-0.00853,-0.02395,0.0041
2024-06,0.0122,0.053267347,-0.00998,-0.01207,0.01883,0.0045
2024-07,0.016,0.0099755102,-0.00056,0.013285,0.02212,0.0048
2024-08,0.0172,0.020785714,-0.01386,-0.00635,0.00832,0.004
2024-09,-0.01,-0.023808163,-0.03059,-0.0069,-0.04328,0.0039
2024-10,0.0649,0.070679592,0.01499,-0.01229,0.08019,0.004
2024-11,-0.0317,-0.070281633,0.00123,-0.00395,-0.06862,0.0037
2024-12,0.028,0.036581633,0.02436,0.01374,0.04321,0.0037
2025-01,-0.0244,-0.02367551,-0.00619,-0.006985,-0.01747,0.0033
2025-02,-0.0639,-0.041863265,0.02314,-0.006185,-0.03951,0.0034
2025-03,-0.0084,-0.013483673,0.03288,0.016295,0.01136,0.0035
2025-04,0.0606,0.045842857,0.00319,0.005495,0.05886,0.0038
2025-05,0.0486,0.034577551,0.00715,-0.005715,0.04379,0.0034
2025-06,0.0198,0.0089326531,-0.0508,-0.020855,0.03255,0.0034
2025-07,0.0184,0.03987551,-0.02088,-0.0185,0.04315,0.0038
2025-08,0.0339,0.012232653,0.02089,0.01217,0.04257,0.0033
2025-09,0.0196,-0.0075326531,-0.00874,0.00069,-0.00496,0.0037
2025-10,-0.0013,0.016314286,-0.00331,-0.01718,-0.03309,0.003
2025-11,-0.0036,0.0029653061,0.00322,0.00779,0.01047,0.0034
2025-12,0.0103,0.047869388,0.04541,0.03039,0.0742,0.003
2026-01,-0.0117,0.035838776,-0.00307,0.008355,0.0779,0.0028
2026-02,-0.0518,-0.0682,0.00455,0.003795,-0.07517,0.0029
2026-03,0.0995,0.049997959,0.047,0.048665,0.08066,0.0029
2026-04,0.0491,0.012422449,0.02972,0.02824,0.07148,0.0031
2026-05,-0.0107,0.022183673,0.00724,-0.011655,-0.00191,0.0029
2026-06,-0.006,-0.01087551,-0.08913,-0.07272,-0.1062,0.0033
