month,rf-expanding-refit12m,ridge-expanding-refit12m,rf-expanding-refit36m,ridge-expanding-refit36m,rf-rolling-refit12m,ridge-rolling-refit12m,rf-rolling-refit36m,ridge-rolling-refit36m
1973-07,0.0893923,0.404408,0.0893923,0.404408,0.0893923,0.404408,0.0893923,0.404408
1973-08,-0.10036,-0.0434705,-0.10036,-0.0434705,-0.10036,-0.0434705,-0.10036,-0.0434705
1973-09,0.30823,0.353794,0.30823,0.353794,0.30823,0.353794,0.30823,0.353794
1973-10,0.543177,0.595219,0.543177,0.595219,0.543177,0.595219,0.543177,0.595219
1973-11,0.334294,0.455522,0.334294,0.455522,0.334294,0.455522,0.334294,0.455522
1973-12,0.0513802,-0.331548,0.0513802,-0.331548,0.0513802,-0.331548,0.0513802,-0.331548
1974-01,-0.0432664,0.419654,-0.0432664,0.419654,-0.0432664,0.419654,-0.0432664,0.419654
1974-02,0.157045,-0.393224,0.157045,-0.393224,0.157045,-0.393224,0.157045,-0.393224
1974-03,0.378071,0.226638,0.378071,0.226638,0.378071,0.226638,0.378071,0.226638
1974-04,0.0848513,0.107454,0.0848513,0.107454,0.0848513,0.107454,0.0848513,0.107454
1974-05,0.310008,0.322661,0.310008,0.322661,0.310008,0.322661,0.310008,0.322661
1974-06,0.191122,0.225102,0.191122,0.225102,0.191122,0.225102,0.191122,0.225102
1974-07,0.0665306,0.163163,0.0842857,0.177245,0.127959,0.145918,0.0842857,0.177245
1974-08,-0.00831654,0.0905125,-0.120615,0.0848491,-0.0072961,0.0911758,-0.120615,0.0848491
1974-09,0.015102,-0.0509184,-0.0396939,-0.223061,-0.102245,-0.0537755,-0.0396939,-0.223061
1974-10,0.309592,0.348878,0.26398,0.401122,0.377143,0.341224,0.26398,0.401122
1974-11,-0.226236,0.130823,-0.0943415,0.18205,-0.198428,0.121792,-0.0943415,0.18205
1974-12,-0.0418888,-0.450879,-0.0749509,-0.361132,-0.0218883,-0.435317,-0.0749509,-0.361132
1975-01,0.181122,-0.374592,0.138673,-0.383163,0.167449,-0.360918,0.138673,-0.383163
1975-02,-0.114238,-0.0412255,-0.0663282,-0.0183168,-0.10786,-0.0477563,-0.0663282,-0.0183168
1975-03,0.489184,0.295612,0.442857,0.23,0.449694,0.296939,0.442857,0.23
1975-04,0.00632653,0.0253061,0.0628571,0.00734694,0.0102041,0.0330612,0.0628571,0.00734694
1975-05,0.0730687,-0.119451,0.0136749,-0.17165,0.0695479,-0.109348,0.0136749,-0.17165
1975-06,0.0854125,0.0476045,0.0192357,-0.105209,0.0605133,0.0546967,0.0192357,-0.105209
1975-07,-0.0670935,-0.211332,-0.00321437,-0.174494,-0.0927575,-0.225465,-0.00321437,-0.174494
1975-08,0.34705,0.269854,0.331692,0.327253,0.339856,0.219546,0.331692,0.327253
1975-09,-0.0471441,-0.0202046,-0.00913289,-0.0186739,-0.0129085,-0.00438787,-0.00913289,-0.0186739
1975-10,0.0958698,0.162759,0.207301,0.105258,0.0942371,0.134391,0.207301,0.105258
1975-11,-0.223673,-0.334082,-0.196735,-0.234388,-0.26898,-0.377959,-0.196735,-0.234388
1975-12,0.040102,0.202347,0.0287755,0.094898,0.0372449,0.227959,0.0287755,0.094898
1976-01,0.222302,0.300722,0.182454,0.229394,0.156841,0.340927,0.182454,0.229394
1976-02,-0.239106,-0.420247,-0.288244,-0.420247,-0.273242,-0.419175,-0.288244,-0.420247
1976-03,0.0210204,0.174286,0.0332653,0.0394898,0.0153061,0.22898,0.0332653,0.0394898
1976-04,0.346999,0.245823,0.330774,0.236128,0.331794,0.240771,0.330774,0.236128
1976-05,0.123673,-0.0838776,0.192755,0.0379592,0.143367,-0.109184,0.192755,0.0379592
1976-06,-0.0547959,-0.0631633,-0.0915306,-0.170102,-0.0442857,-0.0563265,-0.0915306,-0.170102
1976-07,0.481531,0.454082,0.481531,0.454082,0.586122,0.455204,0.586122,0.455204
1976-08,0.185009,0.0607684,0.185009,0.0607684,0.171897,0.0130619,0.171897,0.0130619
1976-09,-0.26,-0.134592,-0.26,-0.134592,-0.261735,-0.0226531,-0.261735,-0.0226531
1976-10,0.316488,0.461593,0.316488,0.461593,0.327866,0.446695,0.327866,0.446695
1976-11,-0.0198474,-0.0169392,-0.0198474,-0.0169392,-0.103166,-0.0218373,-0.103166,-0.0218373
1976-12,0.549198,0.60573,0.549198,0.60573,0.564606,0.607413,0.564606,0.607413
1977-01,-0.361122,-0.351939,-0.361122,-0.351939,-0.320918,-0.290306,-0.320918,-0.290306
1977-02,0.0787835,0.125727,0.0787835,0.125727,0.0622002,0.0972548,0.0622002,0.0972548
1977-03,0.29949,0.30102,0.29949,0.30102,0.286531,0.311429,0.286531,0.311429
1977-04,0.367551,0.413673,0.367551,0.413673,0.349184,0.386837,0.349184,0.386837
1977-05,0.0518367,0.0986735,0.0518367,0.0986735,0.00744898,0.054898,0.00744898,0.054898
1977-06,0.303571,0.328673,0.303571,0.328673,0.323163,0.373776,0.323163,0.373776
1977-07,0.016429,-0.11786,0.0264292,-0.103166,-0.0414807,-0.136228,-0.0214291,-0.133575
1977-08,0.0356122,0.329082,0.0314286,0.284592,0.115918,0.283673,0.055102,0.309388
1977-09,0.0102046,0.0121435,0.00051023,0.0077555,-0.0191336,0.0127047,0.0255115,0.0246441
1977-10,0.26016,0.159596,0.254139,0.17577,0.284701,0.191382,0.237659,0.136381
1977-11,0.332525,0.272062,0.29242,0.265837,0.311912,0.224252,0.295533,0.24507
1977-12,-0.0072449,0.146837,0.00540816,0.122143,0.0447959,0.193163,0.0203061,0.167449
1978-01,0.167708,0.283528,0.186382,0.27465,0.192964,0.265721,0.16679,0.259752
1978-02,0.477984,0.387112,0.458952,0.396551,0.481759,0.352926,0.442063,0.375938
1978-03,-0.106281,-0.218072,-0.0650543,-0.21496,-0.169039,-0.262462,-0.110006,-0.231083
1978-04,0.39,0.392551,0.377143,0.390714,0.437857,0.349388,0.35949,0.367959
1978-05,0.360631,0.45089,0.35012,0.451503,0.378642,0.401551,0.404868,0.423848
1978-06,0.28602,0.107551,0.288878,0.100408,0.177551,0.0532653,0.227041,0.0737755
1978-07,0.207811,0.195566,0.207811,0.152759,0.150871,0.167708,0.158065,0.0756652
1978-08,-0.383764,-0.24079,-0.326309,-0.217624,-0.232473,-0.0859782,-0.203592,-0.0685784
1978-09,-0.218061,-0.324694,-0.0730612,-0.201633,-0.00469388,-0.0742857,0.0692857,-0.0554082
1978-10,-0.317508,-0.114391,-0.386438,-0.249343,-0.388326,-0.313273,-0.437205,-0.385112
1978-11,0.618061,0.424082,0.537347,0.407347,0.488265,0.427959,0.475,0.35602
1978-12,-0.417919,-0.331743,-0.506493,-0.373377,-0.501084,-0.379346,-0.480625,-0.374193
1979-01,0.21568,-0.100773,0.327678,-0.0501059,0.247927,-0.253234,0.359772,-0.044034
1979-02,0.0190311,0.142657,-0.044593,0.0498992,-0.0974515,0.0904615,-0.128881,-0.0660221
1979-03,-0.162708,0.0385214,-0.176331,-0.000816347,-0.176382,-0.0301538,-0.143626,0.037552
1979-04,-0.051074,-0.139752,0.0307159,-0.0711261,0.0633196,-0.174039,0.158886,-0.0413797
1979-05,0.342857,0.271429,0.286122,0.261735,0.254694,0.125714,0.252755,0.201122
1979-06,0.0297967,0.0710222,0.0457155,0.0474502,0.0303579,-0.00566341,0.01648,0.0154086
1979-07,0.0654082,0.0733673,0.0654082,0.0733673,-0.0116327,0.0836735,-0.0116327,0.0836735
1979-08,0.350978,0.419807,0.350978,0.419807,0.376795,0.335264,0.376795,0.335264
1979-09,-0.0532667,-0.136126,-0.0532667,-0.136126,-0.000561239,-0.00454093,-0.000561239,-0.00454093
1979-10,0.408878,0.467449,0.408878,0.467449,0.310714,0.268265,0.310714,0.268265
1979-11,0.466531,0.50102,0.466531,0.50102,0.346122,0.405918,0.346122,0.405918
1979-12,0.519554,0.48588,0.519554,0.48588,0.483839,0.382918,0.483839,0.382918
1980-01,0.180714,0.237347,0.180714,0.237347,0.118571,0.172653,0.118571,0.172653
1980-02,-0.674354,-0.696242,-0.674354,-0.696242,-0.714253,-0.611087,-0.714253,-0.611087
1980-03,0.0597959,0.189388,0.0597959,0.189388,0.203061,0.134592,0.203061,0.134592
1980-04,-0.294811,-0.0774019,-0.294811,-0.0774019,-0.231593,-0.0840859,-0.231593,-0.0840859
1980-05,0.283025,0.418695,0.283025,0.418695,0.148018,0.233175,0.148018,0.233175
1980-06,-0.16551,-0.00795918,-0.16551,-0.00795918,-0.175816,0.0962245,-0.175816,0.0962245
1980-07,0.245874,0.446287,0.18327,0.418021,0.244037,0.483482,0.10235,0.371132
1980-08,0.603587,0.693538,0.560831,0.645731,0.594964,0.740172,0.468787,0.614556
1980-09,0.331939,0.300612,0.353469,0.271122,0.190816,0.166224,0.140918,0.0172449
1980-10,0.351999,0.299242,0.342917,0.22424,0.433072,0.37404,0.27414,0.0670935
1980-11,-0.251901,-0.335476,-0.133884,-0.32119,-0.210827,-0.25884,0.0780142,-0.0785754
1980-12,-0.491327,-0.178776,-0.298265,-0.0436735,-0.343367,-0.231837,-0.0828571,0.225204
1981-01,-0.159294,0.0406143,-0.0363284,0.162865,0.0747997,0.157916,0.306444,0.318384
1981-02,-0.0914286,0.0836735,-0.165918,0.0706122,-0.118163,0.137551,-0.217449,0.0368367
1981-03,0.145714,0.215612,0.179898,0.226224,0.0894898,0.201735,0.139082,0.273367
1981-04,0.621817,0.468238,0.571509,0.500791,0.446911,0.267514,0.512475,0.365733
1981-05,-0.503393,-0.597428,-0.468136,-0.591714,-0.466912,-0.563294,-0.331497,-0.576713
1981-06,0.154804,-0.0770958,0.155365,0.00806164,0.0408184,-0.0865861,0.209143,-0.00346956
1981-07,0.137245,0.116122,0.0740816,0.120408,0.186224,-0.103776,0.118469,0.0856122
1981-08,0.274082,0.0988776,0.300408,0.124694,0.236531,0.231429,0.306633,0.241327
1981-09,0.175821,0.116687,0.08939,0.0949004,0.195566,0.0970433,0.0619404,-0.0202046
1981-10,-0.210158,-0.243884,-0.19475,-0.237557,-0.277507,-0.123422,-0.186433,-0.227812
1981-11,-0.0647992,-0.0188785,-0.0395939,-0.00219399,-0.0718404,0.0353079,-0.0448492,0.0335731
1981-12,0.434767,0.392061,0.408541,0.397214,0.355937,0.278688,0.374509,0.320271
1982-01,0.475879,0.504452,0.506697,0.522411,0.442256,0.534197,0.516697,0.553739
1982-02,0.533024,0.534656,0.575423,0.554708,0.508942,0.459604,0.596648,0.451797
1982-03,0.179184,0.131429,0.167245,0.148673,0.162449,0.0837755,0.162755,0.0990816
1982-04,0.243788,0.225318,0.243431,0.2469,0.307261,0.277055,0.314659,0.255523
1982-05,0.528381,0.40251,0.567821,0.429807,0.459757,0.265415,0.527769,0.30613
1982-06,0.487245,0.376429,0.483367,0.401735,0.46949,0.262449,0.448571,0.330204
1982-07,-0.165612,-0.227449,-0.165612,-0.227449,-0.275816,-0.352041,-0.275816,-0.352041
1982-08,-0.117857,0.235204,-0.117857,0.235204,0.0953061,0.25,0.0953061,0.25
1982-09,-0.0247959,-0.196735,-0.0247959,-0.196735,-0.230204,-0.268878,-0.230204,-0.268878
1982-10,0.416552,0.253329,0.416552,0.253329,0.307771,0.0655646,0.307771,0.0655646
1982-11,-0.254146,-0.253482,-0.254146,-0.253482,-0.264452,-0.199449,-0.264452,-0.199449
1982-12,-0.327041,-0.420306,-0.327041,-0.420306,-0.444796,-0.566224,-0.444796,-0.566224
1983-01,-0.00857143,0.293265,-0.00857143,0.293265,0.133163,0.412449,0.133163,0.412449
1983-02,0.228118,0.258476,0.228118,0.258476,0.353734,0.255925,0.353734,0.255925
1983-03,0.120976,0.182969,0.120976,0.182969,0.137762,0.160518,0.137762,0.160518
1983-04,-0.254139,-0.290773,-0.254139,-0.290773,-0.310212,-0.535167,-0.310212,-0.535167
1983-05,0.0699015,0.0865861,0.0699015,0.0865861,0.0956681,0.141997,0.0956681,0.141997
1983-06,-0.19676,-0.375252,-0.19676,-0.375252,-0.121138,-0.33989,-0.121138,-0.33989
1983-07,-0.10475,-0.245931,-0.0581152,-0.315322,-0.142762,-0.268279,-0.119394,-0.252156
1983-08,-0.176484,-0.194036,-0.170617,-0.129391,-0.182403,-0.23669,-0.0589811,-0.0771958
1983-09,0.0182658,-0.0877063,0.0843389,-0.028317,-0.0718896,-0.220975,0.119136,-0.154545
1983-10,-0.244796,-0.187449,-0.266531,-0.191224,-0.252755,-0.0187755,-0.289082,-0.112347
1983-11,0.228781,-0.0133677,0.182658,-0.0412255,0.156382,-0.117962,0.148065,-0.148473
1983-12,0.128367,0.108469,0.164796,0.0992857,0.0897959,-0.241633,0.137959,-0.172347
1984-01,0.0193887,-0.161233,0.00653095,-0.165161,-0.0725037,-0.195928,-0.026532,-0.215317
1984-02,-0.0560204,-0.0589796,-0.0291837,-0.0590816,-0.11449,-0.0381633,-0.00561224,-0.0160204
1984-03,-0.159145,-0.130112,-0.156951,-0.092303,-0.0611271,0.0345435,-0.0437789,0.141848
1984-04,0.350408,0.343061,0.361735,0.321224,0.316531,0.243673,0.347041,0.286224
1984-05,0.0742385,0.0475534,0.111077,0.0868412,0.0315322,0.129905,0.0895454,0.160569
1984-06,0.372765,0.443583,0.380775,0.435776,0.305314,0.504605,0.306896,0.407714
1984-07,-0.302559,-0.379091,-0.318069,-0.418327,-0.185566,-0.289548,-0.328988,-0.396439
1984-08,-0.22398,-0.131633,-0.186122,-0.0702041,-0.322857,-0.0176531,-0.00397959,0.199592
1984-09,0.40501,0.387561,0.409857,0.469094,0.352611,0.266997,0.471134,0.419092
1984-10,0.170102,0.193265,0.208776,0.211122,-0.00683673,0.100306,0.246429,0.261633
1984-11,0.319208,0.0936806,0.305278,0.096436,0.231344,-0.0610251,0.215986,-0.0407684
1984-12,-0.60898,-0.676429,-0.650816,-0.665204,-0.432143,-0.550816,-0.654592,-0.651837
1985-01,-0.0685714,0.221531,0.0713265,0.336837,-0.19,0.0476531,0.274082,0.358673
1985-02,0.301028,0.417358,0.332713,0.409857,0.191638,0.265772,0.340927,0.295263
1985-03,0.450085,0.323086,0.432176,0.335587,0.243029,0.194403,0.41044,0.327576
1985-04,0.232143,0.255918,0.263673,0.292245,0.235102,0.299796,0.275102,0.309694
1985-05,0.315612,0.380204,0.375,0.40051,0.368367,0.405714,0.403061,0.38
1985-06,-0.520983,-0.566239,-0.515064,-0.583127,-0.450318,-0.452154,-0.505064,-0.429195
1985-07,-0.0185729,0.202464,-0.0185729,0.202464,-0.0941909,0.0227058,-0.0941909,0.0227058
1985-08,0.313367,0.229694,0.313367,0.229694,0.283571,0.205612,0.283571,0.205612
1985-09,0.640016,0.53435,0.640016,0.53435,0.503686,0.452665,0.503686,0.452665
1985-10,-0.113628,-0.122404,-0.113628,-0.122404,-0.106332,-0.0999541,-0.106332,-0.0999541
1985-11,0.0781162,0.164447,0.0781162,0.164447,0.144089,0.196745,0.144089,0.196745
1985-12,0.153422,0.189444,0.153422,0.189444,0.0315314,0.12434,0.0315314,0.12434
1986-01,0.346795,0.179443,0.346795,0.179443,0.165157,0.177096,0.165157,0.177096
1986-02,0.357857,0.332041,0.357857,0.332041,0.298061,0.258265,0.298061,0.258265
1986-03,-0.0647482,0.0297464,-0.0647482,0.0297464,-0.031124,-0.0854125,-0.031124,-0.0854125
1986-04,0.0495918,0.262245,0.0495918,0.262245,0.0371429,0.120612,0.0371429,0.120612
1986-05,0.552769,0.659252,0.552769,0.659252,0.552616,0.512462,0.552616,0.512462
1986-06,0.153776,0.155918,0.153776,0.155918,0.207755,0.23398,0.207755,0.23398
1986-07,-0.147967,-0.20746,-0.0692892,-0.115516,-0.252819,-0.271289,0.0556151,-0.00295933
1986-08,-0.201485,-0.0785734,-0.124544,0.0193882,-0.245108,-0.293579,-0.0781142,-0.00617363
1986-09,-0.422256,-0.0666344,-0.478839,-0.164392,-0.21623,0.170566,-0.490472,-0.27164
1986-10,0.023012,-0.0159196,0.041942,-0.0162768,0.0143889,0.0247978,0.0204097,0.0162257
1986-11,0.132449,0.15051,0.106837,0.169898,0.245204,0.201327,0.182551,0.197245
1986-12,0.305,0.238469,0.290816,0.25551,0.217143,0.246531,0.183265,0.272449
1987-01,-0.249445,-0.237506,-0.191127,-0.222608,-0.234649,-0.208067,-0.145973,-0.239751
1987-02,0.175315,0.136997,0.214807,0.109291,0.0796469,0.125823,0.0889841,-0.0230624
1987-03,0.428429,0.328274,0.466338,0.331488,0.386796,0.304038,0.440215,0.269242
1987-04,0.089288,0.0926044,0.077451,0.0967882,0.0799,0.0367356,0.121789,0.0967372
1987-05,-0.183673,-0.177857,-0.244286,-0.158673,-0.20102,-0.0958163,-0.137551,-0.0252041
1987-06,0.271487,0.432511,0.320569,0.394194,0.355825,0.44542,0.277609,0.223985
1987-07,-0.353061,-0.275918,-0.294898,-0.273265,-0.308469,-0.260408,-0.237245,-0.162449
1987-08,0.303783,0.299906,0.261435,0.225516,0.156126,0.314294,0.134646,0.108574
1987-09,-0.0933673,-0.124184,-0.0769388,-0.164184,-0.0420408,-0.0439796,-0.0197959,-0.0636735
1987-10,-0.151896,0.0325017,-0.0281137,0.0559722,-0.00617378,-0.0254605,-0.0633196,-0.0307669
1987-11,0.341896,0.204393,0.286946,0.154035,0.0627567,0.200719,0.251741,0.325467
1987-12,-0.758367,-0.766939,-0.785102,-0.754898,-0.720816,-0.729388,-0.697653,-0.755306
1988-01,-0.413673,-0.102347,-0.486837,-0.196837,-0.328878,0.0971429,-0.267347,0.030102
1988-02,0.110108,-0.044441,0.255472,0.0493903,-0.0594418,-0.290525,-0.0712791,-0.111383
1988-03,0.171701,0.0855189,0.153791,0.0968466,0.00193897,0.0739361,0.0832738,0.112971
1988-04,-0.0382153,0.0514809,-0.0194903,0.100309,-0.0637261,-0.00158167,0.00989821,0.113778
1988-05,-0.356224,-0.344898,-0.388265,-0.37051,-0.220816,-0.112347,-0.298367,-0.338367
1988-06,-0.0264803,0.00581647,-0.0230618,0.0635731,0.0208169,-0.137963,-0.0652057,0.0551545
1988-07,0.31003,0.347916,0.31003,0.347916,0.110399,0.33109,0.110399,0.33109
1988-08,0.0636127,0.0480894,0.0636127,0.0480894,-0.00531915,0.0980243,-0.00531915,0.0980243
1988-09,0.264282,0.28176,0.264282,0.28176,0.263739,0.211469,0.263739,0.211469
1988-10,0.00341955,-0.00542785,0.00341955,-0.00542785,0.0965072,-0.0198117,0.0965072,-0.0198117
1988-11,-0.0961867,-0.0735514,-0.0961867,-0.0735514,-0.193948,-0.0895644,-0.193948,-0.0895644
1988-12,0.0807664,0.0841317,0.0807664,0.0841317,0.020083,0.112954,0.020083,0.112954
1989-01,-0.0167182,0.139988,-0.0167182,0.139988,0.168594,0.228519,0.168594,0.228519
1989-02,0.452453,0.282783,0.452453,0.282783,0.272036,0.129288,0.272036,0.129288
1989-03,0.0939586,0.112902,0.0939586,0.112902,0.0192694,0.024046,0.0192694,0.024046
1989-04,0.319092,0.226209,0.319092,0.226209,0.244884,0.235981,0.244884,0.235981
1989-05,0.181354,0.250237,0.181354,0.250237,-0.0597096,0.165993,-0.0597096,0.165993
1989-06,0.413114,0.310527,0.413114,0.310527,0.269873,0.274324,0.269873,0.274324
1989-07,-0.329679,-0.316544,-0.323057,-0.350847,-0.320777,-0.357903,-0.197894,-0.352584
1989-08,-0.25597,-0.143508,-0.258684,-0.123752,-0.251954,-0.220473,-0.287234,-0.176617
1989-09,0.440579,0.318235,0.46115,0.302386,0.398079,0.283334,0.527044,0.20577
1989-10,0.255272,0.371699,0.248378,0.343583,0.185632,0.386517,0.215269,0.378267
1989-11,0.309705,0.17195,0.323817,0.159792,0.309379,0.193226,0.263135,0.102366
1989-12,0.0106389,0.00559084,0.0708354,0.0365304,-0.0346849,-0.0586224,0.0723009,-0.00635076
1990-01,0.224231,-0.0567226,0.25517,-0.0466265,0.228519,0.0912989,0.299571,0.0522173
1990-02,0.032132,0.0605732,0.0336518,0.0299609,0.214177,-0.0721884,0.10063,-0.141772
1990-03,0.163482,0.307642,0.153061,0.315784,0.190621,0.277356,0.250217,0.156969
1990-04,0.123212,0.0679024,0.114311,0.0630173,0.190626,0.0521616,0.110131,-0.0533015
1990-05,0.0723532,0.0372893,0.0416316,0.0341955,0.0607376,0.0578066,0.0166092,0.0103672
1990-06,0.178029,0.388949,0.188016,0.395788,0.094442,0.271928,0.136452,0.156969
1990-07,0.251194,0.371038,0.290274,0.386235,0.176617,0.364633,0.343574,0.399913
1990-08,0.361115,0.527261,0.358781,0.533178,0.1922,0.457459,0.402529,0.447092
1990-09,0.145028,0.264872,0.119192,0.224598,0.0209509,0.332501,-0.0405992,0.26954
1990-10,-0.0235026,-0.330285,-0.0435314,-0.355633,-0.08576,-0.0617689,-0.134991,-0.195565
1990-11,-0.140042,-0.185909,-0.128915,-0.217337,0.0300168,0.147207,-0.110677,0.185366
1990-12,0.320017,0.130265,0.254993,0.102692,0.23795,0.120386,0.111485,0.23274
1991-01,-0.203865,-0.0907512,-0.191381,-0.0823925,-0.257382,-0.208641,-0.240122,-0.161094
1991-02,0.431394,0.266175,0.424555,0.292119,0.182914,0.247503,0.49696,0.210269
1991-03,-0.211529,-0.169354,-0.229387,-0.199153,-0.113608,-0.206698,-0.147424,-0.220702
1991-04,0.188465,0.0383227,0.134618,0.00249695,0.263319,0.0682318,0.12919,-0.0586782
1991-05,-0.034902,0.0745807,0.00987896,0.105466,0.0131358,0.0656245,0.126038,0.0548771
1991-06,0.0383196,-0.0626357,0.0155232,-0.0603561,-0.0181285,-0.181611,-0.112896,-0.155124
1991-07,0.57277,0.545269,0.57277,0.545269,0.583535,0.444552,0.583535,0.444552
1991-08,0.139089,0.120516,0.139089,0.120516,0.097505,0.0479106,0.097505,0.0479106
1991-09,0.225471,0.146334,0.225471,0.146334,0.36461,0.289556,0.36461,0.289556
1991-10,0.0630628,0.209036,0.0630628,0.209036,0.0529095,0.145769,0.0529095,0.145769
1991-11,0.30062,0.374295,0.30062,0.374295,0.352152,0.337202,0.352152,0.337202
1991-12,-0.159082,-0.227857,-0.159082,-0.227857,-0.0629592,-0.226531,-0.0629592,-0.226531
1992-01,0.14416,0.0476552,0.14416,0.0476552,0.0971559,0.228289,0.0971559,0.228289
1992-02,0.204038,0.141454,0.204038,0.141454,0.40672,0.336427,0.40672,0.336427
1992-03,0.184276,0.159253,0.184276,0.159253,0.22569,0.191657,0.22569,0.191657
1992-04,-0.0123216,-0.0549856,-0.0123216,-0.0549856,-0.0739293,-0.00526516,-0.0739293,-0.00526516
1992-05,0.233078,0.128209,0.233078,0.128209,0.291918,0.09461,0.291918,0.09461
1992-06,-0.404972,-0.262111,-0.404972,-0.262111,-0.321274,-0.123972,-0.321274,-0.123972
1992-07,0.371387,0.378632,0.342509,0.367203,0.385571,0.327355,0.401541,0.450777
1992-08,0.0980687,0.195117,0.0540858,0.150573,0.312677,0.367579,0.236294,0.218027
1992-09,-0.046991,0.0756142,-0.0318375,0.0131126,0.196689,0.215312,0.054032,0.00535728
1992-10,0.202153,0.353845,0.225114,0.342671,0.275218,0.31471,0.200878,0.0725037
1992-11,-0.0334192,0.0913289,-0.0700528,0.0957167,-0.0871961,-0.0755632,-0.0786245,0.135769
1992-12,0.474145,0.373224,0.465777,0.356285,0.414602,0.380163,0.383224,0.230159
1993-01,0.201694,0.325833,0.206031,0.311649,0.231593,0.260881,0.323639,0.4015
1993-02,0.223061,0.192347,0.217449,0.200204,-0.0469388,-0.103367,0.0580612,0.027449
1993-03,0.188265,0.156224,0.142755,0.157551,0.226735,0.0810204,0.161122,0.0739796
1993-04,-0.281676,-0.246415,-0.34194,-0.260244,-0.292239,-0.175843,-0.392356,-0.365362
1993-05,0.272048,0.280875,0.339345,0.300161,0.0572464,0.0108166,0.110972,0.323376
1993-06,0.457959,0.507959,0.474592,0.527143,0.426735,0.242551,0.451224,0.489388
1993-07,0.00357161,0.124547,0.0273994,0.116486,0.00153069,0.162661,-0.00479616,0.0253074
1993-08,0.257226,0.242354,0.285505,0.23318,0.219339,0.0578066,0.123375,0.0550927
1993-09,-0.335821,-0.363286,-0.314598,-0.355578,-0.268136,-0.396613,-0.281651,-0.45024
1993-10,-0.145579,-0.0630191,-0.115019,-0.122076,0.113662,0.0533572,0.06747,-0.121261
1993-11,0.126357,0.185627,0.0898828,0.188233,0.041142,0.203105,0.0378854,0.240447
1993-12,0.213309,0.111485,0.18693,0.0709944,0.269106,0.0133521,0.199848,-0.0788102
1994-01,0.271563,0.119199,0.319818,0.142268,0.0169896,-0.0495576,0.122184,0.110948
1994-02,-0.0665997,0.0395148,-0.0887454,0.00488507,-0.0438028,0.272749,-0.0865199,0.0682824
1994-03,-0.371472,-0.244247,-0.41891,-0.300586,-0.167282,-0.176835,-0.309922,-0.292336
1994-04,-0.00564481,-0.144485,0.0119409,-0.0981329,0.0349544,-0.30254,0.0315892,-0.372883
1994-05,-0.0530829,-0.0125923,-0.0741424,-0.0286583,-0.0907512,0.0787017,0.103561,0.0746852
1994-06,0.0237733,0.00477638,0.0237733,0.0244247,0.102584,0.00423361,0.0374512,0.183565
1994-07,0.205493,0.166739,0.205493,0.166739,0.0908597,0.11485,0.0908597,0.11485
1994-08,0.346179,0.347156,0.346179,0.347156,0.318606,0.0995441,0.318606,0.0995441
1994-09,-0.223838,-0.223187,-0.223838,-0.223187,-0.0399479,-0.112136,-0.0399479,-0.112136
1994-10,0.0409803,-0.0419573,0.0409803,-0.0419573,-0.0347925,-0.138953,-0.0347925,-0.138953
1994-11,0.0337079,0.105412,0.0337079,0.105412,0.0596537,-0.00390816,0.0596537,-0.00390816
1994-12,-0.16142,-0.259661,-0.16142,-0.259661,-0.230677,-0.220473,-0.230677,-0.220473
1995-01,-0.151775,-0.142276,-0.151775,-0.142276,-0.0767561,0.111877,-0.0767561,0.111877
1995-02,0.159475,0.0765348,0.159475,0.0765348,0.0363133,0.0208978,0.0363133,0.0208978
1995-03,0.192683,0.096396,0.192683,0.096396,0.220039,-0.0527573,0.220039,-0.0527573
1995-04,0.10009,-0.0523245,0.10009,-0.0523245,0.111108,0.0337612,0.111108,0.0337612
1995-05,-0.10986,0.0328928,-0.10986,0.0328928,-0.156973,0.0497191,-0.156973,0.0497191
1995-06,0.0614975,0.0738188,0.0614975,0.0738188,0.0806036,0.261622,0.0806036,0.261622
1995-07,-0.19442,-0.25076,-0.212983,-0.24696,-0.157946,-0.0858663,-0.0585106,-0.0555797
1995-08,0.426803,0.507952,0.463442,0.501656,0.51224,0.405363,0.622917,0.45568
1995-09,0.670901,0.678554,0.658253,0.674592,0.609727,0.673397,0.722358,0.696412
1995-10,-0.254566,-0.177762,-0.209461,-0.128423,-0.207181,-0.177165,-0.178088,-0.114962
1995-11,-0.0740902,0.0544956,-0.0734388,0.0449969,-0.257389,-0.21402,-0.0598692,-0.0946617
1995-12,0.170055,0.215594,0.160502,0.21364,0.129346,0.102695,0.168155,0.117513
1996-01,-0.251086,-0.0643726,-0.313721,-0.0620929,-0.187039,-0.0884716,-0.259553,-0.0443986
1996-02,-0.137212,-0.25076,-0.120821,-0.226444,-0.202996,-0.195397,-0.167716,-0.186822
1996-03,-0.175216,-0.198339,-0.119199,-0.21332,0.00032568,-0.0335993,-0.0202464,-0.0349563
1996-04,-0.0588363,0.0463526,-0.0603561,0.0631785,0.0375597,-0.0201911,-0.0667607,-0.0381025
1996-05,0.375054,0.421081,0.38211,0.447243,0.179223,0.308728,0.29353,0.379722
1996-06,0.383912,0.250767,0.435476,0.261894,0.308573,0.165387,0.360084,0.189378
1996-07,-0.196602,-0.250502,-0.200185,-0.250828,-0.175759,-0.219291,-0.284753,-0.245183
1996-08,0.0541685,0.0408163,0.030178,0.0216023,0.0843465,0.0869518,-0.0333261,-0.0640469
1996-09,-0.0458098,0.0169344,-0.0587277,0.0132436,-0.0427703,-0.153278,0.0844551,-0.0533
1996-10,-0.157896,-0.187424,-0.192743,-0.19334,-0.0768041,0.0481993,-0.124569,-0.164844
1996-11,-0.144377,-0.0577508,-0.193226,-0.0533,-0.287885,-0.308511,-0.207338,-0.181068
1996-12,0.23198,0.0943335,0.196591,0.0818498,0.164568,0.0132436,0.266066,-0.0416848
1997-01,-0.0978072,-0.00314807,-0.107577,-0.00282241,-0.154472,-0.191272,-0.176617,-0.0332175
1997-02,-0.089071,-0.112302,-0.0611176,-0.130703,-0.144815,-0.0775097,-0.0213315,-0.0301788
1997-03,-0.031373,-0.00591636,-0.0322414,-0.00738188,0.0630173,0.175917,0.0205173,0.147909
1997-04,-0.153178,-0.105955,-0.128861,-0.105195,0.0597623,0.0806058,-0.0273571,-0.00483092
1997-05,0.0421213,-0.0300168,0.0256744,-0.0518917,-0.178581,-0.0137871,-0.0585138,0.0330565
1997-06,0.175098,0.243595,0.137429,0.235997,0.235345,0.239687,0.111159,0.217
1997-07,-0.299718,-0.259336,-0.299718,-0.259336,-0.355189,-0.164459,-0.355189,-0.164459
1997-08,-0.173144,-0.125706,-0.173144,-0.125706,0.00814155,0.000325662,0.00814155,0.000325662
1997-09,0.151115,0.175379,0.151115,0.175379,0.105412,0.15231,0.105412,0.15231
1997-10,0.359531,0.276596,0.359531,0.276596,0.495115,0.44366,0.495115,0.44366
1997-11,0.112571,0.404581,0.112571,0.404581,0.0347373,0.0594876,0.0347373,0.0594876
1997-12,-0.181073,-0.205824,-0.181073,-0.205824,0.110837,-0.0504247,0.110837,-0.0504247
1998-01,0.0515632,-0.0594876,0.0515632,-0.0594876,0.165002,0.219062,0.165002,0.219062
1998-02,-0.160334,-0.137538,-0.160334,-0.137538,-0.0474381,-0.179006,-0.0474381,-0.179006
1998-03,-0.165436,-0.33858,-0.165436,-0.33858,0.0199739,-0.070343,0.0199739,-0.070343
1998-04,-0.14036,-0.00835866,-0.14036,-0.00835866,-0.0598133,-0.134824,-0.0598133,-0.134824
1998-05,0.501805,0.476728,0.501805,0.476728,0.630716,0.514289,0.630716,0.514289
1998-06,0.428312,0.412028,0.428312,0.412028,0.480256,0.384292,0.480256,0.384292
1998-07,0.0976987,0.239253,0.0691489,0.239904,-0.0281155,0.220908,-0.0425532,0.195506
1998-08,0.0533015,-0.0567753,0.102044,-0.0622032,0.111922,-0.0337612,0.104975,-0.11583
1998-09,0.119952,-0.152518,0.0877117,-0.197785,0.0757707,0.160009,0.190621,0.265089
1998-10,0.254776,0.244247,0.270083,0.200065,0.272362,0.373969,0.402736,0.432045
1998-11,0.200716,0.471342,-0.0790274,0.47145,0.581416,0.554494,0.560899,0.438124
1998-12,0.447243,0.464394,0.529201,0.446483,0.562853,0.607794,0.642097,0.608663
1999-01,-0.0650239,-0.014112,-0.0878202,-0.0320234,0.0357143,0.126248,0.0358228,0.134607
1999-02,0.413265,0.417716,0.39416,0.411637,0.51574,0.46548,0.452453,0.419236
1999-03,-0.415545,-0.456253,-0.377768,-0.454516,-0.384607,-0.456687,-0.271385,-0.392531
1999-04,-0.167825,-0.139601,-0.0937907,-0.116587,-0.14036,-0.02703,0.156535,0.182805
1999-05,0.173266,0.226734,0.157796,0.187325,0.163984,0.25268,0.068666,0.142869
1999-06,0.0925966,0.1231,0.0778333,0.114199,0.119084,0.074251,0.123643,0.0419019
1999-07,0.183673,0.393878,0.191735,0.397041,0.0933673,0.271735,0.16051,0.306531
1999-08,0.186178,0.23419,0.110717,0.204699,0.176127,0.20725,0.0764305,0.174596
1999-09,0.237404,0.226894,0.165259,0.160259,0.377204,0.507513,0.359907,0.471185
1999-10,0.0477053,0.0412766,-0.0734202,-0.0018878,0.132095,0.0907676,0.023419,0.00938799
1999-11,0.518163,0.643265,0.493367,0.637959,0.315102,0.462449,0.267245,0.537041
1999-12,0.0812245,0.0666327,0.0847959,0.0471429,0.00693878,0.0652041,-0.0581633,0.0227551
2000-01,0.443571,0.444286,0.352347,0.420102,0.311224,0.420714,0.302857,0.440816
2000-02,-0.367918,-0.503992,-0.440266,-0.556851,0.0554096,-0.00198985,-0.150922,-0.0481645
2000-03,-0.269286,-0.151939,0.126429,-0.015102,-0.24551,-0.372041,-0.124286,-0.292959
2000-04,-0.146224,0.103673,0.0386735,0.137143,-0.305,-0.120816,-0.265918,-0.164796
2000-05,0.198571,0.192245,0.0320408,0.135816,0.288469,0.253265,0.254796,0.288469
2000-06,-0.332935,-0.383521,-0.268129,-0.402301,-0.199848,-0.241967,-0.226118,-0.305688
2000-07,0.278658,0.285497,0.278658,0.285497,0.324794,0.273448,0.324794,0.273448
2000-08,-0.259336,-0.461138,-0.259336,-0.461138,-0.332718,-0.571103,-0.332718,-0.571103
2000-09,-0.221559,-0.358446,-0.221559,-0.358446,-0.491207,-0.435193,-0.491207,-0.435193
2000-10,-0.150894,-0.242679,-0.150894,-0.242679,-0.465492,-0.652319,-0.465492,-0.652319
2000-11,-0.15013,0.0656752,-0.15013,0.0656752,-0.0830439,-0.00206253,-0.0830439,-0.00206253
2000-12,0.093465,-0.503799,0.093465,-0.503799,0.172384,0.176726,0.172384,0.176726
2001-01,-0.247612,-0.367021,-0.247612,-0.367021,-0.552215,-0.633196,-0.552215,-0.633196
2001-02,-0.329036,0.288436,-0.329036,0.288436,-0.223953,-0.276603,-0.223953,-0.276603
2001-03,0.187098,-0.42842,0.187098,-0.42842,0.320406,0.377453,0.320406,0.377453
2001-04,-0.224924,-0.0923795,-0.224924,-0.0923795,-0.28604,-0.28452,-0.28604,-0.28452
2001-05,-0.0100955,0.0145462,-0.0100955,0.0145462,-0.0445072,-0.0855406,-0.0445072,-0.0855406
2001-06,-0.130811,0.300649,-0.130811,0.300649,-0.0644829,-0.0413602,-0.0644829,-0.0413602
2001-07,0.204256,0.27965,0.148184,0.155512,0.0476035,0.0733322,-0.525159,-0.569506
2001-08,0.628779,0.637301,0.608913,0.570428,0.249688,0.493948,-0.168159,-0.00939044
2001-09,-0.451869,-0.371916,-0.14259,-0.349336,-0.154857,-0.154477,0.169946,0.246859
2001-10,-0.198111,-0.375488,0.189535,0.00607903,-0.336735,-0.416739,0.566652,0.621146
2001-11,0.315132,0.280504,0.300912,0.408706,0.136995,-0.201259,0.151433,0.210921
2001-12,0.222451,0.308978,0.124416,0.199218,0.0615568,0.371838,-0.0835957,-0.080013
2002-01,0.337766,0.313714,0.321115,0.248844,-0.012951,0.148705,-0.47803,-0.284574
2002-02,-0.186633,-0.175763,-0.187442,-0.170213,-0.167784,-0.0238205,0.0260176,0.14408
2002-03,0.51272,0.64963,0.434551,0.514339,0.0498381,0.588113,-0.500694,-0.132979
2002-04,0.163279,0.217455,0.123443,0.187621,-0.234859,0.128184,-0.318869,-0.0750484
2002-05,0.347017,0.347132,0.376272,0.248959,0.197849,0.328862,-0.432123,-0.337188
2002-06,-0.064408,-0.070074,-0.0853377,-0.00763182,-0.0519195,-0.0726179,0.0453284,0.0794403
2002-07,0.0771298,0.135208,0.0632345,0.085163,0.194208,0.170597,-0.0920021,-0.151491
2002-08,0.0140035,0.464937,-0.128311,0.222536,0.380373,0.51802,-0.38287,-0.311007
2002-09,-0.0301246,-0.34342,0.176405,-0.158276,-0.272424,-0.493392,0.453497,0.438516
2002-10,0.144594,-0.466782,0.297981,0.0999783,-0.418802,-0.540816,0.425532,0.595419
2002-11,0.202996,0.273556,-0.257707,-0.223296,0.339991,0.574902,-0.634498,-0.572188
2002-12,-0.492035,-0.218308,-0.312753,-0.256195,-0.0863028,-0.160339,0.0848373,-0.174451
2003-01,-0.235406,-0.229327,-0.0839688,-0.134285,-0.0538986,-0.273618,0.187587,0.0686623
2003-02,-0.241756,0.199799,-0.177654,0.1757,-0.0150351,0.225527,0.0218742,0.234429
2003-03,0.24023,-0.511181,0.351064,-0.317846,-0.264003,-0.650456,0.380591,-0.0626357
2003-04,0.0300695,-0.44746,0.0319149,-0.494898,-0.111594,-0.139383,-0.0358228,-0.352909
2003-05,0.174298,0.0582983,0.190962,0.0944497,-0.0500475,-0.087556,0.0287692,0.010422
2003-06,-0.200174,-0.387972,-0.130156,-0.234802,-0.0665436,-0.471667,0.13591,0.0335432
2003-07,0.291041,0.0641029,0.291041,0.0641029,-0.107526,-0.237686,-0.107526,-0.237686
2003-08,-0.242245,-0.184764,-0.242245,-0.184764,-0.255109,0.271067,-0.255109,0.271067
2003-09,0.26663,0.256534,0.26663,0.256534,0.335134,0.338391,0.335134,0.338391
2003-10,0.287343,0.253257,0.287343,0.253257,0.136778,0.160769,0.136778,0.160769
2003-11,-0.263569,-0.239904,-0.263569,-0.239904,-0.0688233,-0.241533,-0.0688233,-0.241533
2003-12,-0.16588,-0.12175,-0.16588,-0.12175,-0.0300168,0.184335,-0.0300168,0.184335
2004-01,-0.154698,-0.270857,-0.154698,-0.270857,-0.0578625,0.129783,-0.0578625,0.129783
2004-02,0.0990013,0.0747937,0.0990013,0.0747937,-0.078376,-0.144703,-0.078376,-0.144703
2004-03,-0.113551,-0.201916,-0.113551,-0.201916,-0.128586,-0.149374,-0.128586,-0.149374
2004-04,-0.237733,-0.0952019,-0.237733,-0.0952019,0.125271,0.185627,0.125271,0.185627
2004-05,0.234585,0.183565,0.234585,0.183565,0.073274,0.241641,0.073274,0.241641
2004-06,-0.014818,0.0381578,-0.014818,0.0381578,-0.135479,0.0648628,-0.135479,0.0648628
2004-07,0.0985254,0.190112,0.114343,0.176285,-0.348844,-0.261391,-0.439257,-0.281137
2004-08,-0.0198985,0.0192862,-0.0395418,0.0089288,0.399245,0.260211,0.312253,0.162147
2004-09,-0.238233,-0.259714,-0.258591,-0.245223,-0.140266,-0.256958,-0.142817,-0.24308
2004-10,0.086839,0.128371,0.0608179,0.115258,0.068216,0.380928,0.0882165,0.420215
2004-11,-0.10322,-0.179499,-0.0832185,-0.179754,-0.197714,-0.226287,-0.145211,-0.24588
2004-12,0.286946,0.384398,0.220975,0.358581,0.127605,0.215975,-0.0692875,0.20123
2005-01,0.412511,0.34057,0.404296,0.324447,0.412817,0.475063,0.347509,0.452716
2005-02,-0.118121,-0.00653111,-0.105518,-0.0220935,-0.262724,-0.225119,-0.230783,-0.180575
2005-03,0.170668,0.225924,0.176535,0.241384,-0.225822,-0.352866,-0.207403,-0.320773
2005-04,-0.194495,-0.11036,-0.198117,-0.11138,-0.182148,0.17128,-0.180056,0.171127
2005-05,0.25,0.164082,0.230918,0.16,0.227041,0.13949,0.196633,0.124388
2005-06,0.0128575,-0.0219393,-0.00678589,-0.0172453,0.118166,0.390673,0.141075,0.412306
2005-07,0.0528598,0.0860758,0.0339303,0.0780652,0.186132,0.037706,0.114853,0.0824022
2005-08,0.309156,0.333495,0.283236,0.305534,0.315789,0.125979,0.060923,0.11756
2005-09,-0.155306,-0.25,-0.127245,-0.239796,-0.215918,-0.273265,-0.0154082,-0.219184
2005-10,-0.173631,-0.120363,-0.086433,-0.121639,0.193377,0.149038,0.330731,0.172356
2005-11,0.208673,0.114592,0.128878,0.0885714,0.360408,0.234694,0.238061,0.218265
2005-12,0.432664,0.306028,0.383275,0.315467,0.500574,0.261129,0.426439,0.242149
2006-01,-0.0246939,-0.182857,0.0128571,-0.17051,-0.0795918,-0.353469,0.052551,-0.368878
2006-02,0.338274,0.376591,0.301742,0.364805,0.0259701,0.290773,-0.00994923,0.250006
2006-03,0.38949,0.369898,0.323673,0.38449,0.24051,0.326633,0.155102,0.257347
2006-04,-0.27481,-0.371601,-0.235471,-0.350222,-0.373386,-0.475177,-0.37507,-0.458901
2006-05,0.133218,0.222251,0.142912,0.194699,0.217352,-0.0829103,0.130922,-0.100615
2006-06,0.0631633,0.00969388,0.132041,0.00489796,-0.0956122,-0.170612,-0.115612,-0.237245
2006-07,-0.289811,-0.282055,-0.289811,-0.282055,-0.468901,-0.461656,-0.468901,-0.461656
2006-08,-0.0427063,0.149599,-0.0427063,0.149599,-0.0795449,-0.112914,-0.0795449,-0.112914
2006-09,0.0218367,0.129898,0.0218367,0.129898,-0.0782653,0.204082,-0.0782653,0.204082
2006-10,0.0187755,0.158163,0.0187755,0.158163,0.29449,0.388878,0.29449,0.388878
2006-11,-0.120306,-0.151327,-0.120306,-0.151327,-0.110816,-0.31102,-0.110816,-0.31102
2006-12,0.00280619,0.144442,0.00280619,0.144442,0.141789,0.155004,0.141789,0.155004
2007-01,-0.0346446,0.0264809,-0.0346446,0.0264809,-0.0592377,0.0846472,-0.0592377,0.0846472
2007-02,0.281742,0.502768,0.281742,0.502768,0.34904,0.326284,0.34904,0.326284
2007-03,-0.0968902,-0.0425011,-0.0968902,-0.0425011,-0.252915,0.13735,-0.252915,0.13735
2007-04,0.176025,0.100921,0.176025,0.100921,0.077451,0.363836,0.077451,0.363836
2007-05,0.270714,0.120306,0.270714,0.120306,-0.0294898,0.0513265,-0.0294898,0.0513265
2007-06,0.353682,0.317253,0.353682,0.317253,0.210311,-0.0362254,0.210311,-0.0362254
2007-07,0.0791367,-0.0120925,0.105005,-0.0167355,-0.0441859,-0.409817,-0.263279,-0.492576
2007-08,0.458838,0.420164,0.502258,0.416643,0.449093,0.397918,0.374652,0.299906
2007-09,0.309141,0.276895,0.303222,0.275466,0.233884,0.323069,0.19577,0.339703
2007-10,0.046482,0.0391857,0.0715853,0.0580642,-0.0422981,-0.00898005,-0.0187765,-0.0564315
2007-11,0.435204,0.420714,0.440102,0.418061,0.243469,0.253367,0.343776,0.248878
2007-12,-0.408367,-0.484898,-0.371837,-0.46898,-0.100918,-0.105306,-0.195918,-0.0458163
2008-01,0.127605,0.45991,0.159443,0.486951,0.251027,0.528279,0.437409,0.548075
2008-02,-0.0531633,-0.0429592,-0.00306122,-0.0387755,-0.292143,-0.315102,-0.370306,-0.42449
2008-03,0.0613265,0.00673469,0.0463265,0.022449,0.102551,0.0745918,0.120816,0.198163
2008-04,0.464961,0.333172,0.461695,0.330468,0.484094,0.345162,0.440266,0.354346
2008-05,0.527629,0.577376,0.538497,0.594214,0.320578,0.334558,0.332823,0.297566
2008-06,-0.217857,-0.171531,-0.200408,-0.170612,-0.26449,-0.192041,-0.341429,-0.258163
2008-07,-0.282245,-0.224694,-0.237959,-0.192653,-0.268673,-0.382551,-0.365816,-0.345408
2008-08,-0.0989796,0.0606122,-0.0770408,0.152041,-0.463571,-0.468163,-0.547347,-0.501429
2008-09,-0.271429,0.410714,-0.256633,0.425918,-0.126735,0.286122,-0.159286,0.164286
2008-10,-0.28051,0.117245,-0.202755,0.132347,-0.135816,-0.0260204,0.0281633,-0.0697959
2008-11,0.00607158,-0.144749,0.00295926,-0.165106,0.0215822,-0.00918391,-0.0208679,-0.109544
2008-12,-0.231383,0.22919,-0.222965,0.228271,-0.226843,0.224291,-0.293885,0.21623
2009-01,-0.217664,0.317312,-0.201388,0.305679,-0.00234706,0.13516,-0.212868,0.0846472
2009-02,0.427551,-0.287449,0.423776,-0.28,0.211633,-0.393878,0.284184,-0.395816
2009-03,0.414184,-0.570204,0.460204,-0.554592,-0.0916327,-0.467143,0.0254082,-0.532245
2009-04,0.0516863,-0.266748,0.0213786,-0.297056,0.150365,0.348487,0.13914,0.380683
2009-05,-0.315212,0.110972,-0.236639,0.168066,-0.411694,-0.257864,-0.252404,-0.224138
2009-06,0.48602,-0.471939,0.517959,-0.451633,0.314286,-0.178469,0.35898,-0.0562245
2009-07,0.398388,-0.18006,0.398388,-0.18006,0.21695,0.198531,0.21695,0.198531
2009-08,-0.0692857,-0.104184,-0.0692857,-0.104184,-0.0281633,0.190408,-0.0281633,0.190408
2009-09,-0.0456644,0.286232,-0.0456644,0.286232,-0.016378,-0.223985,-0.016378,-0.223985
2009-10,-0.111431,-0.201077,-0.111431,-0.201077,-0.0626036,-0.0618893,-0.0626036,-0.0618893
2009-11,-0.130918,-0.00234694,-0.130918,-0.00234694,-0.172449,-0.0653061,-0.172449,-0.0653061
2009-12,-0.455777,-0.375979,-0.455777,-0.375979,-0.362356,-0.185005,-0.362356,-0.185005
2010-01,0.175978,0.228124,0.175978,0.228124,0.340783,0.173835,0.340783,0.173835
2010-02,0.408949,0.390938,0.408949,0.390938,0.0722996,0.131333,0.0722996,0.131333
2010-03,0.306633,0.290102,0.306633,0.290102,0.146429,-0.13,0.146429,-0.13
2010-04,-0.328588,-0.274249,-0.328588,-0.274249,0.086382,-0.176233,0.086382,-0.176233
2010-05,-0.0573499,-0.0250013,-0.0573499,-0.0250013,-0.0322976,-0.0422981,-0.0322976,-0.0422981
2010-06,0.0910738,0.044542,0.0910738,0.044542,0.102707,-0.172606,0.102707,-0.172606
2010-07,-0.065102,0.0171429,0.0613265,0.029898,-0.0137755,0.196939,0.00173469,0.136327
2010-08,-0.126633,-0.109388,-0.135612,-0.12949,0.226122,-0.282245,0.127959,-0.250408
2010-09,0.262653,0.251939,0.282653,0.247449,0.178469,0.00204082,0.170612,0.0486735
2010-10,0.221689,0.288324,0.176382,0.289701,-0.0326029,-0.039848,-0.0184699,0.11883
2010-11,-0.103878,-0.0944898,-0.128469,-0.0908163,-0.0803061,-0.0169388,-0.152449,-0.00867347
2010-12,0.169851,-0.00346948,0.185158,-0.0175004,-0.0217863,-0.155055,0.0368377,-0.141585
2011-01,0.0389796,-0.0105102,0.0147959,-0.0339796,-0.179592,-0.207245,-0.0736735,-0.169898
2011-02,0.247914,0.357815,0.290518,0.360672,0.179341,0.202607,0.198934,0.186178
2011-03,0.0120925,0.0225522,0.0451043,0.0164804,-0.139803,-0.207358,-0.0479106,-0.237665
2011-04,0.0209189,0.113472,0.014031,0.134544,0.0641343,0.157912,0.0784204,0.0692365
2011-05,0.181178,0.285517,0.189648,0.283324,0.0944412,0.0403072,0.0730121,0.00295926
2011-06,-0.0112245,-0.0588776,0.00897959,-0.0592857,-0.0153061,-0.109796,0.187041,-0.0131633
2011-07,0.306224,-0.0765306,0.317347,-0.0437755,0.193061,-0.258469,0.314082,0.145714
2011-08,-0.325476,-0.148375,-0.193632,-0.022093,-0.46533,-0.525945,0.0677075,0.364457
2011-09,-0.0833673,-0.325714,-0.30551,-0.405714,0.496837,0.442857,-0.13,-0.576429
2011-10,0.102755,0.257755,0.130102,0.289388,0.0367347,0.00540816,0.167653,0.17602
2011-11,-0.121891,0.432766,0.164494,0.443481,-0.52083,-0.142555,-0.124646,0.263884
2011-12,-0.409592,-0.585612,-0.562449,-0.611837,0.174082,0.364592,-0.500102,-0.220408
2012-01,0.176336,0.00836777,0.126282,0.00341854,-0.111179,-0.0134701,-0.0439308,0.0497985
2012-02,0.158631,0.351957,0.168937,0.346242,-0.0118373,-0.143681,0.062146,0.0341854
2012-03,0.170213,0.307159,0.138578,0.306036,0.135211,0.0582173,0.0919435,-0.0105618
2012-04,0.465612,0.561531,0.488163,0.588673,0.244388,-0.0918367,0.506429,0.180918
2012-05,-0.0385724,-0.0162249,-0.0236741,-0.0151534,0.0754611,-0.0466338,0.135054,0.0759203
2012-06,0.369286,0.379082,0.383061,0.373878,0.00204082,-0.171531,0.182653,0.0819388
2012-07,-0.345366,-0.392204,-0.345366,-0.392204,-0.136534,0.0288783,-0.136534,0.0288783
2012-08,-0.00704082,0.00877551,-0.00704082,0.00877551,-0.0314286,0.179898,-0.0314286,0.179898
2012-09,-0.082298,0.0162249,-0.082298,0.0162249,-0.0497972,0.329345,-0.0497972,0.329345
2012-10,-0.191224,-0.148673,-0.191224,-0.148673,-0.148469,0.0696939,-0.148469,0.0696939
2012-11,-0.0094898,-0.0934694,-0.0094898,-0.0934694,-0.0906122,0.216837,-0.0906122,0.216837
2012-12,0.306429,0.31102,0.306429,0.31102,-0.0368367,-0.154898,-0.0368367,-0.154898
2013-01,0.13864,0.269116,0.13864,0.269116,0.166144,0.041791,0.166144,0.041791
2013-02,0.496709,0.42742,0.496709,0.42742,0.280269,0.206643,0.280269,0.206643
2013-03,0.179596,0.107707,0.179596,0.107707,0.179596,-0.1573,0.179596,-0.1573
2013-04,-0.336947,-0.346182,-0.336947,-0.346182,-0.119544,-0.221689,-0.119544,-0.221689
2013-05,0.0303077,0.0424001,0.0303077,0.0424001,-0.0964845,-0.279504,-0.0964845,-0.279504
2013-06,0.41541,0.3826,0.41541,0.3826,-0.0567419,-0.0953693,-0.0567419,-0.0953693
2013-07,-0.000714286,0.00612245,-0.0044898,0.00438776,-0.0631633,0.115612,0.175816,0.138265
2013-08,0.499694,0.520714,0.494082,0.503367,0.379898,0.440714,0.175102,0.106633
2013-09,-0.181234,-0.0187765,-0.229859,-0.020052,0.0767386,0.174346,0.265983,0.154294
2013-10,0.25516,0.158218,0.224598,0.152351,-0.033011,-0.03995,-0.211128,-0.242608
2013-11,-0.0957143,-0.0469388,-0.157653,-0.0681633,-0.0454082,0.251122,0.0760204,0.0134694
2013-12,0.166994,0.0190311,0.177862,0.00617363,-0.0410215,-0.197658,-0.287711,-0.190923
2014-01,0.0195418,0.0875045,0.00959233,0.0960253,-0.0729119,0.0939334,-0.0634216,-0.0455125
2014-02,-0.534694,-0.486939,-0.587551,-0.487245,-0.00102041,-0.334184,-0.0577551,-0.175306
2014-03,0.216327,0.214796,0.245816,0.236122,0.360816,0.351735,0.360612,0.439898
2014-04,0.0152045,-0.119493,0.002347,-0.105717,0.0897982,-0.297355,0.0984719,-0.246486
2014-05,-0.34205,-0.244037,-0.320722,-0.244649,-0.11883,-0.182045,0.0411745,0.0480625
2014-06,0.161339,-0.0872006,0.162972,-0.0851086,-0.102559,-0.280736,-0.0900579,-0.326811
2014-07,-0.230057,-0.15179,-0.228577,-0.150973,-0.118676,-0.225261,-0.166739,0.0201536
2014-08,0.40845,0.121897,0.410899,0.126846,0.255734,0.0497997,0.0690869,-0.182922
2014-09,0.186035,0.164553,0.180065,0.183892,0.152563,0.0684236,-0.00933745,-0.199046
2014-10,0.241429,0.0908163,0.243265,0.0907143,0.123061,0.0333673,0.0653061,-0.0572449
2014-11,0.11184,0.0420419,0.123983,0.0200515,0.00719406,0.0883186,-0.303936,-0.118932
2014-12,0.0987755,0.255204,0.0772449,0.250612,0.045,0.0305102,0.103469,0.0423469
2015-01,-0.187347,-0.245408,-0.177449,-0.265306,0.161122,0.0945918,0.179184,0.0896939
2015-02,0.242959,0.070102,0.288265,0.0489796,0.119388,0.110714,-0.111327,-0.23102
2015-03,-0.656122,-0.651633,-0.671837,-0.65898,-0.425816,-0.636224,-0.331939,-0.118571
2015-04,0.351098,0.286399,0.33074,0.224864,0.00709238,-0.15144,-0.132153,-0.28742
2015-05,0.242212,0.297727,0.274613,0.304003,-0.12057,-0.0164809,-0.230783,-0.195576
2015-06,0.611444,0.491441,0.576545,0.495574,0.132656,0.0485216,-0.0395418,-0.0993393
2015-07,-0.111376,-0.0876031,-0.111376,-0.0876031,-0.0566652,-0.114525,-0.0566652,-0.114525
2015-08,0.363395,0.47586,0.363395,0.47586,0.327571,0.227427,0.327571,0.227427
2015-09,-0.244898,-0.236214,-0.244898,-0.236214,0.155232,-0.0123752,0.155232,-0.0123752
2015-10,-0.06432,-0.26629,-0.06432,-0.26629,0.0147095,-0.124895,0.0147095,-0.124895
2015-11,0.234652,0.218857,0.234652,0.218857,0.144493,-0.0870651,0.144493,-0.0870651
2015-12,0.248107,0.261731,0.248107,0.261731,-0.0058078,-0.173908,-0.0058078,-0.173908
2016-01,-0.327616,-0.317086,-0.327616,-0.317086,0.0395137,-0.156318,0.0395137,-0.156318
2016-02,-0.228261,-0.36494,-0.228261,-0.36494,-0.129278,0.0394311,-0.129278,0.0394311
2016-03,-0.319736,-0.369981,-0.319736,-0.369981,-0.0801943,-0.241508,-0.0801943,-0.241508
2016-04,-0.14085,-0.111304,-0.14085,-0.111304,-0.085516,-0.0602486,-0.085516,-0.0602486
2016-05,0.138707,0.141193,0.138707,0.141193,-0.122633,-0.181724,-0.122633,-0.181724
2016-06,-0.604973,-0.542238,-0.604973,-0.542238,-0.318127,-0.533044,-0.318127,-0.533044
2016-07,-0.0128097,0.020463,0.0569381,-0.0107471,0.10492,0.0275192,0.276875,0.169078
2016-08,0.0189975,-0.126035,-0.124515,-0.1313,-0.242354,-0.22759,-0.318886,-0.286156
2016-09,0.0283334,0.0973214,0.170217,0.0887454,0.241919,0.0631802,0.243385,0.0929248
2016-10,0.0970473,0.11637,0.0196483,0.139058,-0.0369084,0.139492,0.0054277,0.289079
2016-11,-0.348522,-0.238011,-0.340001,-0.249464,-0.285342,-0.227101,-0.183896,-0.201862
2016-12,0.117133,0.0798437,0.0558526,0.0649714,0.0762613,0.0182376,0.153337,0.0913507
2017-01,0.00217114,-0.177111,0.0352267,-0.174234,0.00597064,-0.124081,0.0148723,-0.0740359
2017-02,-0.152092,-0.170113,-0.147859,-0.126852,0.0163383,-0.0769147,-0.0361505,-0.0422841
2017-03,0.333487,0.438625,0.355741,0.438787,0.329471,0.550058,0.372785,0.569544
2017-04,0.200608,0.256839,0.202996,0.273122,0.205167,0.293639,0.182914,0.305905
2017-05,-0.230175,-0.20277,-0.219074,-0.141887,-0.279842,-0.241739,-0.17785,-0.0596687
2017-06,-0.220982,-0.160562,-0.212078,-0.135816,-0.0873638,-0.369229,-0.100373,-0.358359
2017-07,0.223139,0.258637,0.198171,0.234483,0.0679024,0.070942,0.00146552,0.0104758
2017-08,0.0198659,0.157788,0.0396233,0.207995,0.0362038,0.0658398,0.168263,0.312319
2017-09,0.418836,0.449722,0.400543,0.439517,0.412539,0.38605,0.411833,0.385833
2017-10,-0.214726,-0.148072,-0.200559,-0.160067,-0.306565,-0.139116,-0.275301,-0.13955
2017-11,-0.288219,-0.316498,-0.267702,-0.337341,-0.330773,-0.0609548,-0.2182,-0.111217
2017-12,-0.174723,-0.0248596,-0.175102,0.027085,-0.172117,-0.143024,-0.177762,-0.132819
2018-01,0.492835,0.365827,0.491967,0.361594,0.189318,0.353886,0.129288,0.356166
2018-02,-0.253148,-0.106383,-0.268129,-0.0911854,0.0941164,-0.166413,-0.110617,-0.128094
2018-03,0.0878202,0.0811984,0.0914025,0.0826096,-0.031155,0.0451585,-0.0151976,-0.0265957
2018-04,0.303083,0.277898,0.317195,0.262918,0.0576422,-0.217759,-0.00738168,-0.191924
2018-05,-0.239043,-0.259397,-0.249627,-0.243765,-0.404375,0.120987,-0.43374,-0.0483621
2018-06,-0.270198,-0.236274,-0.265585,-0.257823,0.00998724,-0.00971585,-0.0502076,0.0239911
2018-07,0.210166,0.153717,0.210166,0.153717,0.0620403,0.27199,0.0620403,0.27199
2018-08,0.339512,0.238608,0.339512,0.238608,0.191712,0.157353,0.191712,0.157353
2018-09,-0.2335,-0.268454,-0.2335,-0.268454,-0.270842,-0.105406,-0.270842,-0.105406
2018-10,-0.118168,-0.242794,-0.118168,-0.242794,-0.214623,0.417467,-0.214623,0.417467
2018-11,0.0530829,0.0230135,0.0530829,0.0230135,-0.408272,-0.100087,-0.408272,-0.100087
2018-12,-0.259227,-0.296135,-0.259227,-0.296135,0.301346,-0.245224,0.301346,-0.245224
2019-01,0.240623,0.173262,0.240623,0.173262,0.0809314,0.106986,0.0809314,0.106986
2019-02,0.0859771,0.199148,0.0859771,0.199148,-0.0829918,-0.00445084,-0.0829918,-0.00445084
2019-03,-0.113765,-0.113656,-0.113765,-0.113656,0.0870604,0.00369084,0.0870604,0.00369084
2019-04,0.128311,0.0727312,0.128311,0.0727312,-0.232197,-0.0282241,-0.232197,-0.0282241
2019-05,-0.562054,-0.546205,-0.562054,-0.546205,-0.294569,-0.221239,-0.294569,-0.221239
2019-06,0.18541,0.0969388,0.18541,0.0969388,-0.0420104,0.196374,-0.0420104,0.196374
2019-07,0.518685,0.505116,0.492252,0.50593,0.333976,0.445355,0.178631,0.295275
2019-08,-0.394768,-0.34608,-0.403126,-0.346297,0.0211686,-0.255597,0.0406546,-0.200396
2019-09,-0.0412505,-0.178463,-0.0143291,-0.160117,-0.0836952,-0.0892314,-0.037234,-0.0295267
2019-10,0.153391,0.101664,0.152523,0.0950417,-0.158222,-0.0384835,0.0441827,0.195837
2019-11,-0.0932505,-0.191169,-0.0939018,-0.17494,-0.152685,-0.065297,-0.128477,-0.116916
2019-12,0.212657,0.196266,0.204733,0.184108,0.391012,0.310465,0.025076,0.0255102
2020-01,0.134828,0.0625831,0.137325,0.0565582,0.0378321,0.166961,0.00445084,0.123266
2020-02,0.546135,0.473187,0.555363,0.468628,0.0429874,0.134281,-0.16663,0.170647
2020-03,0.136348,-0.0315901,0.113171,-0.0453768,-0.0489592,0.0834261,-0.35775,-0.252232
2020-04,0.348251,0.00890167,0.374793,-0.00037995,0.367086,0.0427715,0.505116,0.509404
2020-05,0.417825,0.368432,0.387538,0.365393,-0.263569,-0.0576422,0.0610074,-0.0925966
2020-06,0.218308,0.445789,0.328005,0.436671,-0.145792,0.096073,-0.289576,0.0658398
2020-07,0.0519974,-0.022145,0.0667607,-0.0327833,0.234694,0.0770734,-0.128745,0.113873
2020-08,0.0496675,-0.0147646,0.0489619,0.0262722,-0.0318632,-0.0691003,0.132121,0.028552
2020-09,0.155729,0.0473864,0.190848,0.075612,0.11833,0.153341,0.248982,0.179504
2020-10,-0.316027,-0.201087,-0.260291,-0.214963,-0.304117,-0.0264801,-0.00647549,0.225486
2020-11,0.282212,0.246249,0.275158,0.258507,0.0224336,-0.143332,-0.30002,-0.11662
2020-12,0.248215,0.341071,0.267758,0.364257,0.162586,0.0735451,-0.150559,-0.155069
2021-01,-0.0316267,-0.0860339,0.0122575,-0.0808303,-0.0695557,0.139054,0.188835,0.217455
2021-02,-0.101642,-0.209413,-0.0482192,-0.159112,-0.0861471,-0.054926,0.177151,0.14697
2021-03,0.125347,0.0933164,0.103377,0.0740056,0.374075,0.319727,0.284228,0.237858
2021-04,-0.0484505,-0.184204,-0.0694958,-0.175532,-0.231614,0.0691489,-0.307817,-0.143386
2021-05,-0.469428,-0.348299,-0.461334,-0.341707,-0.151947,-0.437455,-0.0510537,-0.387962
2021-06,0.213819,0.31431,0.209656,0.297485,0.0630818,0.131772,-0.0781729,0.171668
2021-07,0.0947645,0.146743,0.0947645,0.146743,0.0339973,0.166459,0.0339973,0.166459
2021-08,-0.31351,-0.2591,-0.31351,-0.2591,-0.265576,-0.203302,-0.265576,-0.203302
2021-09,0.206759,0.258796,0.206759,0.258796,-0.0163048,0.171779,-0.0163048,0.171779
2021-10,0.061808,-0.0527305,0.061808,-0.0527305,0.152294,0.0695557,0.152294,0.0695557
2021-11,-0.176457,0.00462535,-0.176457,0.00462535,-0.203862,-0.132516,-0.203862,-0.132516
2021-12,0.0600139,0.0689177,0.0600139,0.0689177,0.190217,-0.0694958,0.190217,-0.0694958
2022-01,0.449321,0.395085,0.449321,0.395085,0.100838,0.0719861,0.100838,0.0719861
2022-02,0.329161,0.299847,0.329161,0.299847,0.0463704,0.329045,0.0463704,0.329045
2022-03,-0.0152067,0.0857473,-0.0152067,0.0857473,-0.340098,0.427349,-0.340098,0.427349
2022-04,-0.214622,0.133272,-0.214622,0.133272,-0.02995,0.235321,-0.02995,0.235321
2022-05,-0.365865,0.115865,-0.365865,0.115865,-0.545328,0.0889223,-0.545328,0.0889223
2022-06,-0.359736,-0.548335,-0.359736,-0.548335,0.215079,-0.527752,0.215079,-0.527752
2022-07,0.0290241,0.26191,-0.180389,0.238552,-0.0161887,0.524283,-0.0529602,0.497456
2022-08,-0.125351,0.164898,-0.229193,0.145124,-0.283137,0.33633,-0.246307,0.341765
2022-09,0.314061,0.291975,0.320883,0.285153,-0.151364,0.323196,0.00150324,0.28839
2022-10,0.135527,-0.0285045,0.108352,-0.0352115,0.0287358,-0.4633,0.23908,-0.487237
2022-11,-0.296832,0.189755,-0.407377,0.14512,-0.369565,0.0386216,-0.300185,0.102567
2022-12,-0.342054,-0.607441,-0.207106,-0.583331,0.432193,-0.480125,0.401318,-0.26186
2023-01,-0.124537,0.220167,-0.158302,0.219241,-0.0290241,0.126272,0.0431314,0.126503
2023-02,-0.20525,-0.153099,-0.258557,-0.173451,-0.187095,-0.146161,-0.24364,-0.0810592
2023-03,0.218323,0.279148,0.229135,0.277182,-0.124194,0.132289,-0.0420341,0.0202943
2023-04,0.188136,0.107886,0.189986,0.156452,0.203515,0.163853,0.302266,0.290356
2023-05,0.0416883,0.135877,0.0637757,0.130905,0.225036,0.143452,0.0841862,0.0496675
2023-06,0.134833,0.086323,0.150617,0.109797,0.245497,-0.0130092,0.0924518,-0.124483
2023-07,-0.0317873,0.0963825,-0.0365325,0.095311,0.0284198,0.120414,-0.0988826,0.0727078
2023-08,-0.139956,-0.18205,-0.1546,-0.194143,-0.248941,-0.0919435,-0.286239,-0.18353
2023-09,-0.0703589,-0.0231128,0.00112248,-0.00627567,-0.316284,-0.312508,-0.192199,-0.246894
2023-10,0.0646445,0.263782,0.0408684,0.266793,0.419143,0.459961,0.254751,0.394755
2023-11,0.2372,0.240618,0.251843,0.236588,0.279446,0.253323,0.200362,0.151126
2023-12,0.0519401,0.0148983,0.0827572,0.00301028,0.21174,0.298222,0.523024,0.502258
2024-01,0.245408,0.240816,0.219388,0.216122,0.260408,0.227857,0.192347,0.00561224
2024-02,-0.0790837,-0.130565,-0.0882165,-0.123166,-0.0825021,-0.222506,-0.0184699,-0.293987
2024-03,-0.342305,-0.281997,-0.379602,-0.3021,-0.489808,-0.417358,-0.432817,-0.312457
2024-04,0.138776,0.190306,0.165102,0.178776,0.100204,0.102347,0.0304082,-0.0142857
2024-05,-0.164592,-0.183673,-0.180204,-0.184082,-0.121429,-0.152143,0.0562245,-0.0697959
2024-06,-0.41,-0.363878,-0.408163,-0.372959,-0.242857,-0.362449,-0.367245,-0.346429
2024-07,0.186837,-0.0543878,0.186837,-0.0543878,-0.0891837,-0.0545918,-0.0891837,-0.0545918
2024-08,-0.184443,-0.072757,-0.184443,-0.072757,-0.0947473,-0.0172964,-0.0947473,-0.0172964
2024-09,0.0483686,-0.00372458,0.0483686,-0.00372458,0.156228,0.0931146,0.156228,0.0931146
2024-10,0.152147,0.23419,0.152147,0.23419,0.195209,0.267813,0.195209,0.267813
2024-11,-0.0566866,-0.0225522,-0.0566866,-0.0225522,0.133374,0.103118,0.133374,0.103118
2024-12,0.212143,0.145408,0.212143,0.145408,0.180102,0.218367,0.180102,0.218367
2025-01,-0.129901,-0.360775,-0.129901,-0.360775,-0.447818,-0.413786,-0.447818,-0.413786
2025-02,0.0714286,0.0940816,0.0714286,0.0940816,-0.468163,-0.36551,-0.468163,-0.36551
2025-03,0.321531,0.428469,0.321531,0.428469,0.317959,0.322653,0.317959,0.322653
2025-04,0.276589,0.273323,0.276589,0.273323,0.363224,0.273425,0.363224,0.273425
2025-05,0.416633,0.267143,0.416633,0.267143,0.435612,0.225612,0.435612,0.225612
2025-06,0.335102,0.118367,0.335102,0.118367,0.132755,0.0704082,0.132755,0.0704082
2025-07,-0.306385,-0.268782,-0.29863,-0.283017,-0.0625526,-0.0683691,-0.199444,-0.241537
2025-08,0.328792,0.370937,0.291188,0.380887,0.529823,0.557273,0.401347,0.544773
2025-09,0.29914,0.184392,0.27715,0.178474,0.364499,0.381846,0.268068,0.296436
2025-10,-0.194184,-0.20051,-0.194286,-0.188265,-0.281939,-0.213163,-0.26051,-0.196327
2025-11,-0.0255102,0.0394898,0.0230612,0.0432653,0.165612,0.232041,0.144592,0.161735
2025-12,0.238878,0.231939,0.205306,0.235918,0.251837,0.0814286,0.277449,0.0271429
2026-01,0.215,0.184184,0.176735,0.178673,-0.121735,-0.128776,-0.0208163,-0.00459184
2026-02,-0.205102,-0.183163,-0.220816,-0.186939,-0.0170408,0.116327,-0.170204,0.140612
2026-03,0.0913289,0.144085,0.0841858,0.112758,0.175107,0.299344,0.112809,0.188219
2026-04,0.249388,0.434184,0.246327,0.42102,0.485816,0.489694,0.395714,0.416531
2026-05,-0.0826531,-0.107245,-0.0881633,-0.0904082,-0.153878,-0.291531,-0.154184,-0.249898
2026-06,-0.495306,-0.545,-0.536327,-0.560612,-0.399388,-0.462143,-0.379694,-0.495918
