month,rf-expanding-refit12m-top5,rf-expanding-refit12m-top10,ridge-expanding-refit12m-top5,ridge-expanding-refit12m-top10,rf-expanding-refit36m-top5,rf-expanding-refit36m-top10,ridge-expanding-refit36m-top5,ridge-expanding-refit36m-top10,rf-rolling-refit12m-top5,rf-rolling-refit12m-top10,ridge-rolling-refit12m-top5,ridge-rolling-refit12m-top10,rf-rolling-refit36m-top5,rf-rolling-refit36m-top10,ridge-rolling-refit36m-top5,ridge-rolling-refit36m-top10
1973-07,0.5,0.5,0.5,0.5,0.5,0.5,0.5,0.5,0.5,0.5,0.5,0.5,0.5,0.5,0.5,0.5
1973-08,0.811341,0.758593,0.519605,0.612089,0.811341,0.758593,0.519605,0.612089,0.811341,0.758593,0.519605,0.612089,0.811341,0.758593,0.519605,0.612089
1973-09,0.406677,0.362642,0.609137,0.459005,0.406677,0.362642,0.609137,0.459005,0.406677,0.362642,0.609137,0.459005,0.406677,0.362642,0.609137,0.459005
1973-10,0.607061,0.320251,0.609231,0.516785,0.607061,0.320251,0.609231,0.516785,0.607061,0.320251,0.609231,0.516785,0.607061,0.320251,0.609231,0.516785
1973-11,0.336151,0.529421,0.33842,0.337949,0.336151,0.529421,0.33842,0.337949,0.336151,0.529421,0.33842,0.337949,0.336151,0.529421,0.33842,0.337949
1973-12,0.523456,0.462049,0.314234,0.280851,0.523456,0.462049,0.314234,0.280851,0.523456,0.462049,0.314234,0.280851,0.523456,0.462049,0.314234,0.280851
1974-01,0.70629,0.560367,0.618101,0.613626,0.70629,0.560367,0.618101,0.613626,0.70629,0.560367,0.618101,0.613626,0.70629,0.560367,0.618101,0.613626
1974-02,0.507816,0.409355,0.510577,0.412189,0.507816,0.409355,0.510577,0.412189,0.507816,0.409355,0.510577,0.412189,0.507816,0.409355,0.510577,0.412189
1974-03,0.605207,0.654392,0.8,0.80174,0.605207,0.654392,0.8,0.80174,0.605207,0.654392,0.8,0.80174,0.605207,0.654392,0.8,0.80174
1974-04,0.320987,0.514853,0.8,0.753842,0.320987,0.514853,0.8,0.753842,0.320987,0.514853,0.8,0.753842,0.320987,0.514853,0.8,0.753842
1974-05,0.512722,0.464633,0.805688,0.658927,0.512722,0.464633,0.805688,0.658927,0.512722,0.464633,0.805688,0.658927,0.512722,0.464633,0.805688,0.658927
1974-06,0.515832,0.462218,0.708014,0.465226,0.515832,0.462218,0.708014,0.465226,0.515832,0.462218,0.708014,0.465226,0.515832,0.462218,0.708014,0.465226
1974-07,0.700773,0.755912,0.710284,0.607055,0.9,0.810774,0.710284,0.513497,0.700773,0.657213,0.710284,0.608284,0.9,0.810774,0.710284,0.513497
1974-08,0.410083,0.506119,0.51136,0.415328,0.611017,0.555934,0.608241,0.41078,0.409973,0.505447,0.604448,0.464093,0.611017,0.555934,0.608241,0.41078
1974-09,0.313615,0.46009,0.342339,0.525168,0.514609,0.510263,0.615862,0.518759,0.313615,0.413556,0.43234,0.525192,0.514609,0.510263,0.615862,0.518759
1974-10,0.601844,0.653657,0.425067,0.416765,0.901665,0.700868,0.51345,0.412383,0.701079,0.55487,0.420816,0.464453,0.901665,0.700868,0.51345,0.412383
1974-11,0.614944,0.415849,0.508462,0.412625,0.716015,0.564542,0.412394,0.313522,0.419714,0.3667,0.508462,0.412295,0.716015,0.564542,0.412394,0.313522
1974-12,0.8,0.602805,0.516149,0.515239,0.705569,0.456705,0.511642,0.460734,0.703562,0.506771,0.516149,0.515239,0.705569,0.456705,0.511642,0.460734
1975-01,0.703194,0.463318,0.627851,0.570076,0.7,0.514798,0.718152,0.762839,0.506007,0.467862,0.719079,0.619877,0.7,0.514798,0.718152,0.762839
1975-02,0.513399,0.46198,0.712124,0.710343,0.321234,0.367173,0.712508,0.759613,0.417801,0.46281,0.711691,0.709542,0.321234,0.367173,0.712508,0.759613
1975-03,0.415591,0.422165,0.616653,0.613938,0.41872,0.468095,0.708178,0.518082,0.424903,0.419349,0.613278,0.662814,0.41872,0.468095,0.708178,0.518082
1975-04,0.621139,0.571004,0.601052,0.463664,0.422567,0.566673,0.606365,0.602057,0.521139,0.571413,0.601052,0.41171,0.422567,0.566673,0.606365,0.602057
1975-05,0.411317,0.50408,0.505314,0.455652,0.605999,0.405368,0.601731,0.557096,0.314628,0.505668,0.505314,0.455851,0.605999,0.405368,0.601731,0.557096
1975-06,0.701654,0.554447,0.7,0.604116,0.9,0.405342,0.8,0.454926,0.701863,0.553659,0.600609,0.604116,0.9,0.405342,0.8,0.454926
1975-07,0.418202,0.463825,0.408094,0.514251,0.519664,0.51148,0.51556,0.464876,0.418202,0.513313,0.408507,0.51518,0.519664,0.51148,0.51556,0.464876
1975-08,0.80054,0.553371,0.7,0.602429,0.602431,0.408179,0.700898,0.652866,0.8,0.603164,0.8,0.602134,0.602431,0.408179,0.700898,0.652866
1975-09,0.410399,0.508955,0.506458,0.507252,0.412285,0.459464,0.706141,0.509223,0.511604,0.55922,0.606094,0.45894,0.412285,0.459464,0.706141,0.509223
1975-10,0.706913,0.561265,0.410966,0.410985,0.605489,0.660049,0.412178,0.460867,0.800537,0.561,0.410966,0.460307,0.605489,0.660049,0.412178,0.460867
1975-11,0.517271,0.411682,0.516278,0.414602,0.614673,0.314023,0.510857,0.412622,0.514098,0.461,0.612362,0.317256,0.614673,0.314023,0.510857,0.412622
1975-12,0.406935,0.553726,0.804249,0.653408,0.411231,0.506796,0.801398,0.653156,0.406919,0.504499,0.803522,0.751663,0.411231,0.506796,0.801398,0.653156
1976-01,0.612728,0.612148,0.616071,0.417107,0.609187,0.464253,0.709442,0.663208,0.518406,0.612148,0.616337,0.418267,0.609187,0.464253,0.709442,0.663208
1976-02,0.614856,0.466887,0.512184,0.318758,0.708399,0.517127,0.507019,0.417515,0.617717,0.466738,0.514243,0.318236,0.708399,0.517127,0.507019,0.417515
1976-03,0.601816,0.702248,0.8,0.603016,0.804474,0.754974,0.702027,0.602268,0.8,0.603133,0.8,0.506584,0.804474,0.754974,0.702027,0.602268
1976-04,0.509776,0.604693,0.603601,0.555347,0.7,0.607093,0.703537,0.60496,0.705574,0.655178,0.704374,0.555405,0.7,0.607093,0.703537,0.60496
1976-05,0.414196,0.40929,0.305806,0.358589,0.407882,0.26117,0.504823,0.304833,0.316426,0.41096,0.403967,0.260292,0.407882,0.26117,0.504823,0.304833
1976-06,0.505999,0.31212,0.414781,0.410016,0.417536,0.36198,0.417419,0.411048,0.504573,0.310518,0.415568,0.509123,0.417536,0.36198,0.417419,0.411048
1976-07,0.70769,0.660237,0.708612,0.558844,0.709586,0.709876,0.708765,0.65652,0.709984,0.660175,0.608769,0.755605,0.709586,0.709876,0.708765,0.755764
1976-08,0.225498,0.416422,0.426618,0.321297,0.225498,0.416422,0.426618,0.321297,0.225327,0.267365,0.327621,0.320234,0.225327,0.267365,0.327621,0.320234
1976-09,0.607332,0.506722,0.71406,0.409574,0.607332,0.506722,0.71406,0.409574,0.606734,0.506948,0.613455,0.360907,0.606734,0.506948,0.613455,0.360907
1976-10,0.700884,0.551196,0.701088,0.554271,0.700884,0.551196,0.701088,0.554271,0.600903,0.601148,0.701277,0.554469,0.600903,0.601148,0.701277,0.554469
1976-11,0.518834,0.362726,0.607995,0.368389,0.518834,0.362726,0.607995,0.368389,0.518834,0.411996,0.607789,0.415794,0.518834,0.411996,0.607789,0.415794
1976-12,0.80177,0.558718,0.510885,0.462062,0.80177,0.558718,0.510885,0.462062,0.608277,0.560207,0.512772,0.461704,0.608277,0.560207,0.512772,0.461704
1977-01,0.223481,0.369184,0.320532,0.368158,0.223481,0.369184,0.320532,0.368158,0.223538,0.36842,0.517848,0.318432,0.223538,0.36842,0.517848,0.318432
1977-02,0.600213,0.501845,0.801199,0.502826,0.600213,0.501845,0.801199,0.502826,0.700747,0.553245,0.603005,0.503012,0.700747,0.553245,0.603005,0.503012
1977-03,0.511126,0.457916,0.410591,0.456353,0.511126,0.457916,0.410591,0.456353,0.510929,0.556647,0.509805,0.506511,0.510929,0.556647,0.509805,0.506511
1977-04,0.407668,0.409886,0.6,0.40855,0.407668,0.409886,0.6,0.40855,0.407526,0.409976,0.506563,0.456023,0.407526,0.409976,0.506563,0.456023
1977-05,0.500351,0.354536,0.700153,0.308479,0.500351,0.354536,0.700153,0.308479,0.403906,0.40344,0.406968,0.357115,0.403906,0.40344,0.406968,0.357115
1977-06,0.807185,0.459003,0.603446,0.311514,0.807185,0.459003,0.603446,0.311514,0.606065,0.409074,0.606616,0.411408,0.606065,0.409074,0.606616,0.411408
1977-07,0.701377,0.409653,0.509983,0.407363,0.606385,0.409653,0.509983,0.407363,0.703346,0.36206,0.707021,0.458441,0.704812,0.36206,0.706952,0.408441
1977-08,0.506208,0.307203,0.604803,0.458298,0.607971,0.356661,0.70386,0.507254,0.505967,0.25731,0.704593,0.356342,0.508805,0.357136,0.703725,0.408368
1977-09,0.405008,0.4569,0.510789,0.358511,0.505064,0.259423,0.509188,0.406246,0.306294,0.406261,0.607354,0.356441,0.505592,0.357615,0.60795,0.455711
1977-10,0.500912,0.407541,0.508944,0.309504,0.601455,0.357478,0.608633,0.358849,0.604161,0.309019,0.611336,0.308521,0.609638,0.407963,0.609998,0.40771
1977-11,0.407037,0.355988,0.505643,0.503986,0.50664,0.355818,0.507066,0.504055,0.506797,0.504678,0.7039,0.505593,0.506797,0.405483,0.703484,0.553445
1977-12,0.40741,0.505361,0.509256,0.505165,0.502556,0.505361,0.509497,0.457496,0.407525,0.455768,0.50917,0.55452,0.503001,0.456266,0.510058,0.505377
1978-01,0.601814,0.503813,0.507646,0.406922,0.703213,0.453704,0.505868,0.406058,0.602238,0.453926,0.412414,0.456061,0.703069,0.503704,0.510096,0.505904
1978-02,0.411838,0.457836,0.507813,0.45688,0.408684,0.407518,0.507813,0.45688,0.507376,0.457114,0.409191,0.506537,0.410523,0.457122,0.509978,0.456937
1978-03,0.604462,0.360295,0.503636,0.311067,0.601693,0.410203,0.502575,0.311067,0.312699,0.35868,0.403667,0.507196,0.403327,0.407891,0.60079,0.409966
1978-04,0.510405,0.313345,0.609485,0.362845,0.608211,0.313345,0.610002,0.313565,0.404437,0.357715,0.609485,0.408348,0.404437,0.360007,0.510076,0.408948
1978-05,0.611588,0.412641,0.702776,0.459854,0.612054,0.462641,0.704349,0.459388,0.51038,0.411634,0.503852,0.410211,0.613289,0.461821,0.50709,0.412121
1978-06,0.606086,0.407751,0.604123,0.307658,0.606086,0.407261,0.604804,0.307886,0.60673,0.407952,0.407834,0.356413,0.507942,0.457618,0.70275,0.356993
1978-07,0.604717,0.460197,0.609044,0.362099,0.507111,0.508954,0.609044,0.361434,0.605807,0.557718,0.506223,0.459403,0.510741,0.508898,0.607596,0.409766
1978-08,0.510684,0.460308,0.703139,0.31056,0.609085,0.508728,0.703334,0.456879,0.8,0.60752,0.702237,0.608647,0.806768,0.755283,0.604538,0.455923
1978-09,0.8,0.652959,0.700336,0.503537,0.8,0.7524,0.800517,0.60253,0.9,0.751738,0.800336,0.553218,0.9,0.653039,0.601342,0.651187
1978-10,0.802376,0.758521,0.701291,0.659612,0.71447,0.759516,0.801003,0.753921,0.714682,0.757628,0.808429,0.70701,0.61843,0.709846,0.8,0.660002
1978-11,0.701353,0.653343,0.701392,0.653523,0.802779,0.702393,0.702667,0.702374,0.601269,0.505056,0.9,0.850727,0.604861,0.605484,0.9,0.751769
1978-12,0.504295,0.406042,0.506057,0.458936,0.7,0.503412,0.506057,0.558765,0.504263,0.556036,0.510191,0.557404,0.6,0.552189,0.510976,0.557335
1979-01,0.701323,0.602519,0.702969,0.504058,0.801146,0.603195,0.703123,0.65268,0.700901,0.653343,0.603565,0.503434,0.80065,0.652003,0.800544,0.603443
1979-02,0.702467,0.555001,0.609515,0.458158,0.60326,0.457376,0.701392,0.507219,0.605448,0.557007,0.707628,0.461817,0.410628,0.410583,0.70191,0.70206
1979-03,0.606223,0.504886,0.602697,0.555472,0.50612,0.552535,0.60132,0.506412,0.705081,0.60207,0.608185,0.557453,0.500631,0.502304,0.701249,0.605388
1979-04,0.70448,0.504131,0.604039,0.504796,0.802855,0.505628,0.801275,0.454778,0.8,0.553881,0.50436,0.556816,0.800424,0.454758,0.9,0.553444
1979-05,0.601752,0.505821,0.705472,0.408651,0.702487,0.50673,0.607239,0.506407,0.602468,0.654293,0.606112,0.50627,0.605673,0.507033,0.9,0.556244
1979-06,0.604241,0.408631,0.310474,0.408781,0.506033,0.409748,0.408178,0.40701,0.410556,0.457516,0.401908,0.554297,0.607324,0.554836,0.507188,0.50617
1979-07,0.502214,0.504245,0.503252,0.408152,0.601892,0.553979,0.504498,0.357413,0.701969,0.405632,0.306983,0.604022,0.600282,0.455216,0.701384,0.454176
1979-08,0.60261,0.405292,0.706008,0.455084,0.60261,0.405292,0.706008,0.455084,0.603466,0.405123,0.507778,0.50301,0.603466,0.405123,0.507778,0.50301
1979-09,0.509876,0.311777,0.512107,0.362325,0.509876,0.311777,0.512107,0.362325,0.413042,0.41018,0.410159,0.359039,0.413042,0.41018,0.410159,0.359039
1979-10,0.605483,0.506249,0.603162,0.553761,0.605483,0.506249,0.603162,0.553761,0.602561,0.508282,0.801846,0.652977,0.602561,0.508282,0.801846,0.652977
1979-11,0.511707,0.515223,0.704787,0.466322,0.511707,0.515223,0.704787,0.466322,0.513432,0.561929,0.9,0.610492,0.513432,0.561929,0.9,0.610492
1979-12,0.610214,0.315732,0.417453,0.2662,0.610214,0.315732,0.417453,0.2662,0.608422,0.364732,0.603547,0.365012,0.608422,0.364732,0.603547,0.365012
1980-01,0.316463,0.41872,0.610382,0.222252,0.316463,0.41872,0.610382,0.222252,0.415864,0.368486,0.228157,0.371162,0.415864,0.368486,0.228157,0.371162
1980-02,0.7022,0.460646,0.508232,0.311061,0.7022,0.460646,0.508232,0.311061,0.703757,0.508856,0.412159,0.310056,0.703757,0.508856,0.412159,0.310056
1980-03,0.811802,0.763675,0.815031,0.80969,0.811802,0.763675,0.815031,0.80969,1,1,0.9,0.900366,1,1,0.9,0.900366
1980-04,0.606432,0.557469,0.509533,0.508146,0.606432,0.557469,0.509533,0.508146,0.604742,0.504337,0.509948,0.459262,0.604742,0.504337,0.509948,0.459262
1980-05,0.506022,0.460033,0.506668,0.456691,0.506022,0.460033,0.506668,0.456691,0.804246,0.556465,0.409709,0.461895,0.804246,0.556465,0.409709,0.461895
1980-06,0.604977,0.555914,0.508532,0.411465,0.604977,0.555914,0.508532,0.411465,0.702402,0.555819,0.703057,0.456831,0.702402,0.555819,0.703057,0.456831
1980-07,0.708925,0.659212,0.705214,0.459471,0.708925,0.755813,0.705214,0.508325,0.615867,0.706952,0.608913,0.36613,0.710404,0.707376,0.609681,0.4146
1980-08,0.411319,0.55727,0.606695,0.408814,0.508555,0.558613,0.606074,0.457554,0.314695,0.407575,0.509196,0.311435,0.805888,0.508061,0.509008,0.360029
1980-09,0.319036,0.314133,0.319192,0.265364,0.514603,0.414439,0.319192,0.265353,0.122121,0.363485,0.221654,0.311877,0.613216,0.559545,0.414521,0.264014
1980-10,0.609364,0.462291,0.314187,0.313542,0.703836,0.557126,0.414161,0.412439,0.610962,0.557837,0.409909,0.313209,0.8,0.604441,0.60507,0.508232
1980-11,0.712047,0.41824,0.424756,0.420867,0.615016,0.562426,0.623353,0.420703,0.711522,0.516908,0.415286,0.276032,1,0.615422,0.618346,0.519478
1980-12,0.601277,0.555573,0.61822,0.658821,0.808444,0.513498,0.8,0.75,0.701277,0.563049,0.416812,0.61364,0.715373,0.660919,0.9,0.704146
1981-01,0.806555,0.705837,0.806508,0.558949,0.709587,0.561223,0.711273,0.514315,0.710397,0.655129,0.31901,0.563156,0.611094,0.70804,0.514034,0.418283
1981-02,0.603479,0.607281,0.310941,0.309808,0.706463,0.60534,0.405245,0.359695,0.806644,0.704585,0.417358,0.362345,0.706198,0.554568,0.207949,0.313011
1981-03,0.705184,0.663175,0.515833,0.614075,0.806022,0.711007,0.517248,0.663454,0.9,0.760084,0.515708,0.614744,1,0.760039,0.620864,0.662944
1981-04,0.605676,0.509349,0.415503,0.40729,0.704698,0.458224,0.612203,0.457868,0.503182,0.556949,0.409881,0.310447,0.604795,0.507489,0.608013,0.358899
1981-05,0.604752,0.508569,0.511482,0.40848,0.605198,0.409692,0.408719,0.362169,0.509386,0.361789,0.404317,0.307586,0.604117,0.458235,0.601371,0.409347
1981-06,0.805788,0.757359,0.511648,0.458058,0.9,0.803348,0.413961,0.608497,0.708497,0.558905,0.312988,0.310054,0.8,0.659928,0.606877,0.507287
1981-07,0.409197,0.506269,0.51131,0.458678,0.409401,0.407579,0.507822,0.408906,0.409637,0.407621,0.40802,0.40752,0.211221,0.456274,0.410513,0.457168
1981-08,0.511781,0.314714,0.510349,0.507346,0.403374,0.411597,0.510349,0.407491,0.40158,0.266767,0.601755,0.406085,0.406591,0.454743,0.8,0.409881
1981-09,0.613317,0.461492,0.603047,0.456081,0.516251,0.511132,0.603508,0.310496,0.512998,0.264886,0.512202,0.410827,0.515862,0.46131,0.41725,0.411474
1981-10,0.521526,0.316776,0.322462,0.415559,0.621785,0.367319,0.421114,0.414115,0.42621,0.316835,0.226764,0.320877,0.224997,0.216645,0.424302,0.416454
1981-11,0.709629,0.409392,0.606509,0.555241,0.704447,0.458047,0.606509,0.604651,0.410962,0.45724,0.507078,0.409411,0.504373,0.410858,0.605846,0.456231
1981-12,0.50824,0.40632,0.706421,0.557224,0.407342,0.505503,0.806288,0.456674,0.606341,0.406051,0.61043,0.358759,0.305426,0.306964,0.509464,0.407342
1982-01,0.61495,0.42029,0.421913,0.466432,0.60982,0.417495,0.421913,0.416111,0.320667,0.365144,0.612631,0.321669,0.314953,0.459434,0.512668,0.516986
1982-02,0.411848,0.313889,0.609667,0.311245,0.507111,0.312232,0.609667,0.263097,0.411673,0.264255,0.413378,0.26342,0.41065,0.412293,0.411388,0.312221
1982-03,0.5201,0.366631,0.706192,0.41438,0.228901,0.3683,0.705886,0.363954,0.422853,0.365976,0.60581,0.312287,0.422853,0.319686,0.705478,0.310852
1982-04,0.308891,0.460448,0.310839,0.410356,0.31357,0.311448,0.310839,0.36033,0.31001,0.310456,0.412905,0.363124,0.413168,0.310602,0.418469,0.314208
1982-05,0.306985,0.407443,0.509659,0.457644,0.208718,0.307649,0.509659,0.359642,0.307109,0.211747,0.409048,0.40709,0.306285,0.309093,0.310615,0.408928
1982-06,0.22047,0.366171,0.514364,0.364111,0.22047,0.366467,0.514364,0.315921,0.222604,0.267195,0.218598,0.316375,0.220389,0.367994,0.319357,0.363945
1982-07,0.323161,0.320273,0.415619,0.317237,0.323161,0.321167,0.415619,0.317593,0.323878,0.270661,0.418564,0.317333,0.32968,0.320547,0.316148,0.316414
1982-08,0.7,0.604049,0.516104,0.414672,0.7,0.604049,0.516104,0.414672,0.504986,0.45931,0.418733,0.265505,0.504986,0.45931,0.418733,0.265505
1982-09,0.604908,0.605884,0.516202,0.413738,0.604908,0.605884,0.516202,0.413738,0.412987,0.409348,0.405102,0.21685,0.412987,0.409348,0.405102,0.21685
1982-10,0.605523,0.508534,0.306356,0.311204,0.605523,0.508534,0.306356,0.311204,0.30559,0.560654,0.312276,0.259465,0.30559,0.560654,0.312276,0.259465
1982-11,0.515213,0.460832,0.514976,0.315501,0.515213,0.460832,0.514976,0.315501,0.317831,0.368628,0.415198,0.316016,0.317831,0.368628,0.415198,0.316016
1982-12,0.7,0.75,0.511262,0.410157,0.7,0.75,0.511262,0.410157,0.408686,0.45621,0.22048,0.166835,0.408686,0.45621,0.22048,0.166835
1983-01,0.802265,0.659543,0.601948,0.5072,0.802265,0.659543,0.601948,0.5072,0.507649,0.611132,0.221539,0.168141,0.507649,0.611132,0.221539,0.168141
1983-02,0.608885,0.608158,0.605459,0.511476,0.608885,0.608158,0.605459,0.511476,0.511468,0.606173,0.236345,0.275442,0.511468,0.606173,0.236345,0.275442
1983-03,0.603326,0.457325,0.407086,0.308841,0.603326,0.457325,0.407086,0.308841,0.405835,0.40562,0.119327,0.355895,0.405835,0.40562,0.119327,0.355895
1983-04,0.802382,0.703951,0.507904,0.359636,0.802382,0.703951,0.507904,0.359636,0.60459,0.507526,0.409211,0.260682,0.60459,0.507526,0.409211,0.260682
1983-05,0.9,0.752002,0.704811,0.556939,0.9,0.752002,0.704811,0.556939,0.605391,0.702555,0.313102,0.360141,0.605391,0.702555,0.313102,0.360141
1983-06,0.802264,0.655547,0.702886,0.508288,0.802264,0.655547,0.702886,0.508288,0.703457,0.705203,0.215478,0.410971,0.703457,0.705203,0.215478,0.410971
1983-07,0.804481,0.606731,0.806476,0.656259,0.804481,0.606731,0.806476,0.606259,0.704217,0.656187,0.806157,0.753391,0.804217,0.706187,0.606337,0.605728
1983-08,0.703726,0.50481,0.406904,0.554894,0.704314,0.652592,0.408714,0.455091,0.606891,0.505126,0.70287,0.557716,0.704196,0.55421,0.505936,0.508718
1983-09,0.7,0.75,0.5,0.600808,0.8,0.8,0.5,0.550914,0.618636,0.709712,0.7,0.503785,0.7,0.551904,0.413814,0.309852
1983-10,0.702486,0.558442,0.603225,0.45928,0.51225,0.512767,0.513287,0.36007,0.600464,0.652101,0.507928,0.504039,0.510504,0.41434,0.203917,0.408304
1983-11,0.5055,0.507163,0.610678,0.561446,0.601647,0.556859,0.613299,0.510806,0.519158,0.413534,0.509607,0.608027,0.609847,0.408865,0.507183,0.408091
1983-12,0.309004,0.358899,0.508077,0.60388,0.506439,0.357953,0.508077,0.506479,0.408961,0.357385,0.60744,0.405838,0.408268,0.358843,0.407088,0.259358
1984-01,0.514716,0.41363,0.515185,0.514362,0.415916,0.461253,0.515185,0.466413,0.604894,0.51335,0.512599,0.510911,0.415383,0.560068,0.509906,0.415448
1984-02,0.222556,0.263466,0.418777,0.360874,0.220342,0.312095,0.419837,0.363733,0.517996,0.364204,0.516693,0.465651,0.415094,0.314201,0.418894,0.41253
1984-03,0.509081,0.505091,0.708239,0.408765,0.40828,0.455331,0.410705,0.359321,0.506947,0.457975,0.510962,0.50717,0.508915,0.358199,0.412748,0.456719
1984-04,0.508799,0.506289,0.60931,0.455774,0.411109,0.506739,0.511749,0.456175,0.408932,0.50632,0.509723,0.456939,0.411871,0.40783,0.319944,0.361135
1984-05,0.30962,0.411027,0.517708,0.310452,0.409164,0.459947,0.411151,0.360519,0.41076,0.312141,0.514028,0.311688,0.313853,0.359701,0.212166,0.213405
1984-06,0.503652,0.454049,0.503754,0.504604,0.313487,0.458888,0.503754,0.504318,0.404377,0.408323,0.406839,0.356255,0.303445,0.314019,0.303958,0.167404
1984-07,0.513609,0.508916,0.23458,0.271989,0.328183,0.366179,0.23458,0.271992,0.514381,0.461452,0.426101,0.272252,0.414294,0.316043,0.227691,0.319755
1984-08,0.40354,0.503202,0.60282,0.406429,0.402525,0.45363,0.60282,0.360575,0.404718,0.504358,0.604683,0.455301,0.303374,0.308995,0.313773,0.211685
1984-09,0.608494,0.60777,0.805132,0.706368,0.608273,0.508819,0.70964,0.656559,0.703148,0.704025,0.604816,0.55509,0.41345,0.361713,0.316684,0.265706
1984-10,0.406422,0.361729,0.508821,0.458821,0.312126,0.363145,0.509474,0.359435,0.509335,0.508811,0.504211,0.406175,0.314161,0.311075,0.311282,0.262597
1984-11,0.510794,0.310468,0.608635,0.410622,0.311509,0.507271,0.611454,0.361925,0.504206,0.555026,0.70595,0.45675,0.408451,0.408583,0.310382,0.360915
1984-12,0.315868,0.360016,0.502064,0.259588,0.216712,0.310335,0.415055,0.309754,0.415592,0.559241,0.702149,0.453338,0.315861,0.308556,0.30326,0.259734
1985-01,0.6,0.8,0.6,0.601449,0.7,0.65,0.403307,0.451378,0.501762,0.55396,0.7,0.456513,0.5,0.407592,0.609247,0.456722
1985-02,0.707145,0.656854,0.708679,0.655298,0.609666,0.50744,0.610836,0.458599,0.60931,0.606963,0.506988,0.357792,0.415095,0.359779,0.509152,0.310083
1985-03,0.707028,0.364215,0.709207,0.369934,0.508672,0.363063,0.614592,0.320982,0.513163,0.461405,0.613358,0.518931,0.409522,0.218998,0.417,0.220806
1985-04,0.409524,0.359792,0.506645,0.359704,0.311449,0.259781,0.507448,0.309704,0.604519,0.556458,0.601958,0.356979,0.312533,0.21321,0.408585,0.309988
1985-05,0.6096,0.558593,0.608066,0.408771,0.609892,0.458668,0.506447,0.36062,0.509187,0.558005,0.516384,0.413464,0.511119,0.358627,0.515516,0.213958
1985-06,0.603437,0.457846,0.608465,0.308401,0.507798,0.359505,0.608118,0.259652,0.405483,0.357974,0.307536,0.307341,0.406315,0.308441,0.407679,0.207673
1985-07,0.902286,0.850897,1,0.653641,0.902286,0.900875,1,0.604272,0.9,0.900328,0.800877,0.750155,0.902409,0.851494,0.8,0.651277
1985-08,0.805468,0.855775,0.608738,0.459514,0.805468,0.855775,0.608738,0.459514,0.706993,0.65628,0.70661,0.657673,0.706993,0.65628,0.70661,0.657673
1985-09,0.412663,0.36157,0.513121,0.360563,0.412663,0.36157,0.513121,0.360563,0.603345,0.408996,0.513121,0.509534,0.603345,0.408996,0.513121,0.509534
1985-10,0.217419,0.268617,0.515759,0.362965,0.217419,0.268617,0.515759,0.362965,0.607932,0.365126,0.71122,0.412027,0.607932,0.365126,0.71122,0.412027
1985-11,0.707306,0.407312,0.604505,0.454883,0.707306,0.407312,0.604505,0.454883,0.413196,0.458726,0.800869,0.454696,0.413196,0.458726,0.800869,0.454696
1985-12,0.702393,0.60963,0.805249,0.411435,0.702393,0.60963,0.805249,0.411435,0.311873,0.609247,0.610373,0.561459,0.311873,0.609247,0.610373,0.561459
1986-01,0.706002,0.659351,0.611395,0.508433,0.706002,0.659351,0.611395,0.508433,0.709359,0.709282,0.609777,0.607417,0.709359,0.709282,0.609777,0.607417
1986-02,0.607143,0.517304,0.408284,0.410941,0.607143,0.517304,0.408284,0.410941,0.609098,0.611644,0.410962,0.460097,0.609098,0.611644,0.410962,0.460097
1986-03,0.609906,0.513979,0.520162,0.317349,0.609906,0.513979,0.520162,0.317349,0.513429,0.565866,0.516088,0.466351,0.513429,0.565866,0.516088,0.466351
1986-04,0.711539,0.512588,0.514472,0.513796,0.711539,0.512588,0.514472,0.513796,0.713421,0.660419,0.614153,0.611649,0.713421,0.660419,0.614153,0.611649
1986-05,0.703037,0.653796,0.506025,0.554045,0.703037,0.653796,0.506025,0.554045,0.604286,0.60418,0.40637,0.60486,0.604286,0.60418,0.40637,0.60486
1986-06,0.615041,0.366665,0.611617,0.365804,0.615041,0.366665,0.611617,0.365804,0.517197,0.418469,0.704398,0.41429,0.517197,0.418469,0.704398,0.41429
1986-07,0.609395,0.409432,0.511621,0.310802,0.609395,0.60842,0.511621,0.360558,0.606982,0.361881,0.508722,0.40999,0.705076,0.659435,0.508722,0.55999
1986-08,0.605503,0.604714,0.604969,0.504133,0.705284,0.40901,0.603584,0.652132,0.505919,0.559311,0.507775,0.555831,0.8,0.657925,0.801617,0.605629
1986-09,0.703953,0.603828,0.505872,0.608688,0.803963,0.8,0.515184,0.610231,0.511,0.557212,0.609761,0.362004,0.611061,0.704396,0.707973,0.558841
1986-10,0.902432,0.852242,0.9,0.705899,1,0.900798,0.9,0.803311,0.9,0.851635,0.804081,0.408117,0.9,0.95,0.902697,0.752006
1986-11,0.608386,0.607337,0.609348,0.409043,0.7,0.605954,0.509971,0.459043,0.609214,0.557096,0.513092,0.360392,0.808123,0.655061,0.710136,0.458506
1986-12,0.50875,0.507068,0.508142,0.307828,0.608259,0.556507,0.607294,0.406294,0.407335,0.405456,0.508102,0.25769,0.805281,0.504831,0.608542,0.457963
1987-01,0.705997,0.509429,0.705969,0.361449,0.706266,0.557482,0.705969,0.312913,0.512038,0.411093,0.509238,0.409467,0.413459,0.559747,0.507087,0.266125
1987-02,0.700054,0.604335,0.707094,0.55448,0.700054,0.704992,0.707094,0.554071,0.501154,0.554215,0.707094,0.554649,0.800304,0.650859,0.408053,0.454974
1987-03,0.607819,0.559938,0.612014,0.511774,0.607819,0.611878,0.710152,0.612537,0.606493,0.510314,0.706729,0.558458,0.704462,0.610296,0.621285,0.612566
1987-04,0.507632,0.46519,0.421806,0.31561,0.707624,0.415514,0.421806,0.513492,0.317432,0.514057,0.41934,0.316626,0.613393,0.511864,0.519556,0.561946
1987-05,0.604076,0.458828,0.511529,0.359077,0.702327,0.457104,0.609843,0.457434,0.506927,0.310838,0.511196,0.260298,0.607274,0.408966,0.608667,0.406776
1987-06,0.8,0.651663,0.805557,0.506245,0.8,0.651527,0.805557,0.606376,0.404959,0.459152,0.705755,0.506509,0.700978,0.50665,0.608081,0.556502
1987-07,0.901952,0.657071,0.9,0.508473,0.70637,0.604868,0.704865,0.507059,0.509987,0.509422,0.807058,0.609702,0.802,0.45897,0.711083,0.51019
1987-08,0.8,0.652108,0.700013,0.555267,0.801701,0.801433,0.503486,0.456483,0.601497,0.751716,0.700087,0.604815,0.703153,0.75199,0.703462,0.606893
1987-09,0.801769,0.553663,0.702071,0.556904,0.801321,0.703952,0.606147,0.557065,0.505675,0.60361,0.505222,0.455753,0.707028,0.65417,0.8,0.604409
1987-10,0.804396,0.804345,0.905628,0.569641,0.9,0.901566,0.811311,0.613627,0.816163,0.61727,0.620199,0.515539,0.808491,0.903739,0.8047,0.612014
1987-11,0.9,0.852049,0.802076,0.559396,1,0.900805,0.712761,0.561075,0.706915,0.513606,0.702866,0.55646,0.905243,0.854855,0.60852,0.561088
1987-12,0.613796,0.466112,0.709464,0.367715,0.521783,0.514867,0.710578,0.364855,0.711653,0.464078,0.516779,0.369285,0.803771,0.60878,0.518955,0.321501
1988-01,1,0.95,0.816644,0.861476,1,0.9,0.817501,0.861641,0.817793,0.760486,0.7,0.661651,0.900404,0.8,0.722125,0.76172
1988-02,1,0.85,0.805738,0.753548,0.9,0.901628,0.900969,0.606029,0.802864,0.556394,0.704393,0.50844,0.90234,0.753927,0.801227,0.507323
1988-03,0.509711,0.605343,0.8,0.56295,0.702948,0.506858,0.609581,0.563299,0.602012,0.510937,0.605182,0.361859,0.605914,0.557287,0.705346,0.463352
1988-04,0.702013,0.551575,0.800885,0.503833,0.305837,0.502298,0.800885,0.403622,0.700069,0.453441,0.603055,0.408098,0.901433,0.503717,0.60565,0.503705
1988-05,0.408143,0.406733,0.605114,0.50382,0.503098,0.405146,0.605114,0.453491,0.605826,0.405284,0.705188,0.505181,0.609643,0.406964,0.504592,0.503699
1988-06,0.7,0.504328,0.803117,0.706049,0.701621,0.502419,0.708451,0.458474,0.702614,0.404233,0.80129,0.554002,0.802676,0.503071,0.605229,0.360013
1988-07,0.60574,0.459272,0.90337,0.707341,0.509975,0.557526,0.903669,0.510367,0.605895,0.411443,0.8,0.70337,0.712158,0.508728,0.707848,0.656231
1988-08,0.507232,0.310319,0.413114,0.262743,0.507232,0.310319,0.413114,0.262743,0.615966,0.509338,0.404979,0.456922,0.615966,0.509338,0.404979,0.456922
1988-09,0.503242,0.309007,0.609241,0.458368,0.503242,0.309007,0.609241,0.458368,0.503561,0.455484,0.607129,0.607214,0.503561,0.455484,0.607129,0.607214
1988-10,0.607958,0.459538,0.8,0.607814,0.607958,0.459538,0.8,0.607814,0.603299,0.506478,0.901875,0.556088,0.603299,0.506478,0.901875,0.556088
1988-11,0.502994,0.404836,0.702815,0.55344,0.502994,0.404836,0.702815,0.55344,0.703698,0.603991,0.703083,0.55432,0.703698,0.603991,0.703083,0.55432
1988-12,0.508133,0.454717,0.8,0.650473,0.508133,0.454717,0.8,0.650473,0.7,0.602819,0.80293,0.70265,0.7,0.602819,0.80293,0.70265
1989-01,0.707149,0.506423,0.70263,0.655191,0.707149,0.506423,0.70263,0.655191,0.802582,0.658503,0.702082,0.653006,0.802582,0.658503,0.702082,0.653006
1989-02,0.506597,0.358418,0.407499,0.360055,0.506597,0.358418,0.407499,0.360055,0.603044,0.508594,0.406469,0.409004,0.603044,0.508594,0.406469,0.409004
1989-03,0.51308,0.312278,0.611393,0.360983,0.51308,0.312278,0.611393,0.360983,0.412132,0.460287,0.809555,0.706362,0.412132,0.460287,0.809555,0.706362
1989-04,0.61061,0.360616,0.610588,0.460171,0.61061,0.360616,0.610588,0.460171,0.61273,0.607158,0.7,0.7516,0.61273,0.607158,0.7,0.7516
1989-05,0.413585,0.458412,0.512887,0.459265,0.413585,0.458412,0.512887,0.459265,0.516192,0.411866,0.8,0.602626,0.516192,0.411866,0.8,0.602626
1989-06,0.608951,0.603742,0.50921,0.408619,0.608951,0.603742,0.50921,0.408619,0.705797,0.655478,0.706081,0.506253,0.705797,0.655478,0.706081,0.506253
1989-07,0.515331,0.56343,0.411037,0.510508,0.515331,0.51343,0.411037,0.506562,0.51579,0.659936,0.707815,0.559941,0.61579,0.609936,0.707815,0.606028
1989-08,0.602698,0.652673,0.8,0.700825,0.701642,0.602904,0.8,0.700558,0.503519,0.652096,0.704807,0.754153,0.902637,0.60331,0.9,0.851665
1989-09,0.701709,0.603602,0.703234,0.554376,0.801661,0.654354,0.703234,0.506052,0.504876,0.603778,0.702708,0.503664,0.8,0.753347,0.703461,0.602502
1989-10,0.517668,0.364964,0.410336,0.406634,0.31679,0.462337,0.510336,0.407662,0.317873,0.266075,0.309152,0.309653,0.516147,0.365687,0.510032,0.407593
1989-11,0.607295,0.507663,0.606461,0.412637,0.606537,0.457451,0.410132,0.360454,0.508398,0.65782,0.511264,0.511864,0.61352,0.660178,0.903303,0.365621
1989-12,0.50844,0.35975,0.410028,0.507979,0.512144,0.35975,0.508887,0.458395,0.712632,0.560952,0.607806,0.505749,0.710171,0.609013,0.807139,0.505478
1990-01,0.70821,0.558889,0.611303,0.458808,0.70821,0.558889,0.613636,0.558525,0.708325,0.608828,0.902115,0.606007,0.520922,0.661189,0.804189,0.560549
1990-02,0.512471,0.457851,0.417242,0.410308,0.513536,0.456964,0.516711,0.510719,0.71319,0.411162,0.90414,0.461217,0.613673,0.657383,0.605347,0.55667
1990-03,0.408596,0.556715,0.410487,0.458367,0.512121,0.506685,0.509957,0.556654,0.619522,0.464017,0.609712,0.60662,0.710296,0.562289,0.704118,0.704882
1990-04,0.502258,0.404613,0.505935,0.455187,0.506146,0.455236,0.606468,0.45528,0.504554,0.504284,0.804588,0.603538,0.505284,0.553583,0.704014,0.702036
1990-05,0.7063,0.559032,0.8,0.554008,0.7063,0.607251,0.9,0.553875,0.607875,0.507695,0.9,0.605104,0.608121,0.510539,0.9,0.752349
1990-06,0.603671,0.456679,0.702797,0.406252,0.505105,0.556331,0.802844,0.406478,0.70461,0.35945,0.707098,0.654406,0.70375,0.509422,0.710128,0.559227
1990-07,0.709905,0.511045,0.906021,0.512615,0.51066,0.559235,0.906021,0.463569,0.805876,0.610737,0.905987,0.661484,0.905557,0.659256,0.807647,0.611517
1990-08,0.406437,0.454972,0.601749,0.358795,0.50472,0.554044,0.605261,0.408663,0.703637,0.45713,0.70774,0.654166,0.611561,0.559393,0.801929,0.558214
1990-09,0.409658,0.556911,0.421801,0.319913,0.509865,0.557343,0.517081,0.319658,0.804534,0.510326,0.520014,0.466398,0.61247,0.517826,0.219596,0.367478
1990-10,0.601555,0.619478,0.510243,0.314644,0.520414,0.663552,0.313391,0.368358,0.618243,0.565361,0.609846,0.562894,0.709337,0.515316,0.610605,0.369855
1990-11,0.704279,0.551789,0.803063,0.503766,0.802447,0.604558,0.802693,0.602899,0.611935,0.506415,0.911294,0.511793,0.7032,0.408527,0.9,0.8
1990-12,0.605753,0.555767,0.707999,0.557137,0.606533,0.654964,0.608021,0.557124,0.705815,0.504123,0.807123,0.607937,0.801006,0.509203,0.805321,0.611
1991-01,0.515563,0.513038,0.6,0.411922,0.507952,0.559114,0.502404,0.411074,0.706396,0.416924,0.805859,0.461123,0.60404,0.508977,0.906182,0.560975
1991-02,0.505682,0.455832,0.50737,0.408304,0.704951,0.455341,0.604085,0.40857,0.602524,0.554834,0.802952,0.504825,0.603826,0.602348,0.704431,0.704179
1991-03,0.515633,0.31171,0.500817,0.50655,0.702834,0.356621,0.5,0.506825,0.610276,0.608695,0.700093,0.605128,0.808088,0.706845,0.900112,0.506387
1991-04,0.80345,0.605204,0.306006,0.557783,0.902577,0.654231,0.306006,0.507682,0.802171,0.604044,0.701255,0.50747,0.803516,0.506309,0.408699,0.409413
1991-05,0.705513,0.509769,0.510619,0.553377,0.804144,0.605293,0.506071,0.503868,0.317663,0.46427,0.705372,0.507535,0.9,0.557078,0.7,0.506283
1991-06,0.707357,0.459581,0.707671,0.46044,0.708548,0.510161,0.808117,0.508519,0.510477,0.408932,0.60776,0.41119,0.709538,0.459839,0.706823,0.555234
1991-07,0.512465,0.508003,0.801113,0.703387,0.703107,0.557122,0.9,0.753723,0.612121,0.510704,0.701616,0.652341,0.7,0.605395,0.9,0.706457
1991-08,0.511022,0.315545,0.515022,0.165271,0.511022,0.315545,0.515022,0.165271,0.224014,0.364183,0.323232,0.264177,0.224014,0.364183,0.323232,0.264177
1991-09,0.511947,0.560762,0.509069,0.363038,0.511947,0.560762,0.509069,0.363038,0.714171,0.511207,0.614881,0.362981,0.714171,0.511207,0.614881,0.362981
1991-10,0.409739,0.555842,0.505443,0.507191,0.409739,0.555842,0.505443,0.507191,0.506739,0.456072,0.410071,0.409039,0.506739,0.456072,0.410071,0.409039
1991-11,0.501512,0.457744,0.70423,0.510545,0.501512,0.457744,0.70423,0.510545,0.606357,0.561283,0.805136,0.507157,0.606357,0.561283,0.805136,0.507157
1991-12,0.40799,0.216632,0.508724,0.315393,0.40799,0.216632,0.508724,0.315393,0.509765,0.515664,0.708104,0.512269,0.509765,0.515664,0.708104,0.512269
1992-01,0.313255,0.610867,0.418412,0.511279,0.313255,0.610867,0.418412,0.511279,0.710185,0.564856,0.610756,0.564564,0.710185,0.564856,0.610756,0.564564
1992-02,0.312158,0.557039,0.603484,0.458892,0.312158,0.557039,0.603484,0.458892,0.707306,0.607945,0.610359,0.412067,0.707306,0.607945,0.610359,0.412067
1992-03,0.50474,0.512696,0.515019,0.5608,0.50474,0.512696,0.515019,0.5608,0.417279,0.509554,0.515749,0.464174,0.417279,0.509554,0.515749,0.464174
1992-04,0.323839,0.514,0.600938,0.457332,0.323839,0.514,0.600938,0.457332,0.414596,0.36744,0.502604,0.508593,0.414596,0.36744,0.502604,0.508593
1992-05,0.508339,0.508804,0.704446,0.555527,0.508339,0.508804,0.704446,0.555527,0.614354,0.509907,0.907102,0.655882,0.614354,0.509907,0.907102,0.655882
1992-06,0.509365,0.362655,0.311208,0.311755,0.509365,0.362655,0.311208,0.311755,0.415925,0.413202,0.510571,0.413212,0.415925,0.413202,0.510571,0.413212
1992-07,0.607232,0.508525,0.708404,0.658868,0.607232,0.508525,0.708404,0.608868,0.908104,0.658556,0.816072,0.709932,0.708844,0.558556,0.616072,0.659932
1992-08,0.307715,0.306391,0.511127,0.411806,0.507526,0.258512,0.511127,0.409631,0.706829,0.556786,0.51005,0.212115,0.504992,0.357246,0.508472,0.410815
1992-09,0.9,0.558912,0.60803,0.607875,0.80493,0.609208,0.60803,0.657539,0.613031,0.557937,0.9,0.654859,0.608477,0.460612,0.906222,0.608929
1992-10,0.602304,0.407128,0.513851,0.410452,0.407458,0.407128,0.711304,0.410452,0.416249,0.411874,0.509256,0.512344,0.71044,0.313039,0.904871,0.607852
1992-11,0.609126,0.419641,0.528379,0.467938,0.413131,0.463428,0.528154,0.467938,0.526832,0.365533,0.428086,0.368873,0.427956,0.41625,0.519475,0.518856
1992-12,0.70227,0.508356,0.600598,0.507538,0.8,0.555717,0.600598,0.507538,0.8,0.458813,0.9,0.753227,0.70222,0.508947,1,0.556063
1993-01,0.42045,0.318951,0.613626,0.363149,0.418605,0.318951,0.613626,0.363149,0.617733,0.516649,0.511358,0.559942,0.80744,0.315641,0.809302,0.51138
1993-02,0.517388,0.51696,0.624151,0.566881,0.523546,0.51696,0.626468,0.516881,0.701933,0.515987,0.706388,0.664971,0.603338,0.317352,0.720732,0.519194
1993-03,0.512498,0.461053,0.605757,0.459987,0.509724,0.510987,0.605808,0.410397,0.612376,0.509428,0.608951,0.458232,0.710452,0.460859,0.602242,0.358402
1993-04,0.322885,0.468508,0.418669,0.364473,0.512663,0.368002,0.513079,0.314473,0.416341,0.466829,0.703022,0.602974,0.42308,0.317496,0.514773,0.410187
1993-05,0.6,0.551052,0.600271,0.509546,0.402656,0.552025,0.50709,0.509,0.701413,0.553663,0.800201,0.801434,0.5,0.602038,0.7,0.553292
1993-06,0.604881,0.410647,0.70549,0.408457,0.407404,0.410796,0.50647,0.408457,0.6018,0.558788,0.9,0.702327,0.408792,0.509192,0.505908,0.455917
1993-07,0.614244,0.267865,0.41716,0.417962,0.511131,0.267654,0.517137,0.317795,0.415077,0.368493,0.708906,0.464984,0.410679,0.36689,0.420805,0.365455
1993-08,0.606073,0.406623,0.508287,0.408072,0.505707,0.407559,0.504342,0.357738,0.803138,0.504511,0.511708,0.460897,0.9,0.454917,0.706973,0.357851
1993-09,0.310042,0.456284,0.510762,0.461606,0.310042,0.406923,0.500832,0.411394,0.613799,0.461332,0.603162,0.460207,0.713126,0.411033,0.802999,0.459311
1993-10,0.7,0.550607,0.9,0.653455,0.700405,0.501605,0.801656,0.653736,0.6,0.456906,0.9,0.701144,0.5,0.450879,0.702197,0.652542
1993-11,0.6,0.554278,0.605892,0.555488,0.504239,0.504991,0.605544,0.458177,0.404846,0.303097,0.703154,0.603565,0.504081,0.352405,0.601968,0.503733
1993-12,0.504244,0.555309,0.700159,0.605599,0.504225,0.604293,0.602371,0.60455,0.709051,0.55803,0.613475,0.512006,0.507819,0.50757,0.703637,0.508302
1994-01,0.512138,0.262553,0.311376,0.312008,0.504813,0.358729,0.311376,0.311756,0.409596,0.457662,0.608559,0.410791,0.508173,0.455862,0.311741,0.408968
1994-02,0.609343,0.36408,0.608894,0.408131,0.708779,0.365849,0.409185,0.361882,0.605387,0.509239,0.509562,0.408845,0.51133,0.360466,0.513673,0.557222
1994-03,0.310292,0.455806,0.212245,0.407782,0.410292,0.505393,0.30988,0.457633,0.507898,0.506507,0.407248,0.308235,0.607419,0.456789,0.305675,0.40567
1994-04,0.70228,0.703028,0.601963,0.652078,0.602622,0.652477,0.601963,0.602891,0.813779,0.659207,0.80147,0.703101,0.503342,0.559403,0.702035,0.603659
1994-05,0.606249,0.606411,0.406228,0.605593,0.606447,0.458205,0.505397,0.556387,0.607102,0.606601,0.502442,0.602275,0.607976,0.309813,0.603961,0.752226
1994-06,0.503939,0.502979,0.60014,0.357557,0.403839,0.502979,0.600497,0.358444,0.701362,0.602406,0.7,0.554284,0.208571,0.554327,0.603116,0.651986
1994-07,0.406504,0.605422,0.700201,0.455128,0.406504,0.555052,0.700201,0.454821,0.804843,0.654664,0.702356,0.602373,0.705884,0.654984,0.704549,0.604522
1994-08,0.713646,0.561853,0.8,0.555309,0.713646,0.561853,0.8,0.555309,0.7,0.6069,0.510903,0.460956,0.7,0.6069,0.510903,0.460956
1994-09,0.603795,0.410043,0.704471,0.459893,0.603795,0.410043,0.704471,0.459893,0.501606,0.406725,0.502848,0.456278,0.501606,0.406725,0.502848,0.456278
1994-10,0.6,0.452723,0.8,0.651342,0.6,0.452723,0.8,0.651342,0.507187,0.459088,0.9,0.653292,0.507187,0.459088,0.9,0.653292
1994-11,0.501404,0.403206,0.801746,0.607269,0.501404,0.403206,0.801746,0.607269,0.40997,0.505955,0.9,0.65641,0.40997,0.505955,0.9,0.65641
1994-12,0.205421,0.452407,0.509117,0.557616,0.205421,0.452407,0.509117,0.557616,0.501606,0.455817,0.705662,0.60562,0.501606,0.455817,0.705662,0.60562
1995-01,0.510835,0.558703,1,0.756444,0.510835,0.558703,1,0.756444,0.611302,0.607911,0.809687,0.85577,0.611302,0.607911,0.809687,0.85577
1995-02,0.6,0.502918,0.6,0.554091,0.6,0.502918,0.6,0.554091,0.501669,0.552173,0.700145,0.55458,0.501669,0.552173,0.700145,0.55458
1995-03,0.411821,0.459608,0.906444,0.607203,0.411821,0.459608,0.906444,0.607203,0.703646,0.608013,0.804764,0.510575,0.703646,0.608013,0.804764,0.510575
1995-04,0.602227,0.40628,0.803996,0.557191,0.602227,0.40628,0.803996,0.557191,0.510946,0.506588,0.606596,0.553845,0.510946,0.506588,0.606596,0.553845
1995-05,0.409716,0.606646,0.702082,0.652178,0.409716,0.606646,0.702082,0.652178,0.805798,0.60672,0.805254,0.558127,0.805798,0.60672,0.805254,0.558127
1995-06,0.8,0.653162,0.8,0.602932,0.8,0.653162,0.8,0.602932,0.702666,0.60375,0.8,0.700873,0.702666,0.60375,0.8,0.700873
1995-07,0.605149,0.556759,0.406381,0.405427,0.605149,0.556759,0.406381,0.455202,0.409777,0.507827,0.311102,0.457345,0.509667,0.457901,0.311102,0.407407
1995-08,0.600051,0.7018,0.601086,0.553829,0.9,0.751537,0.601121,0.604356,0.504598,0.503814,0.601534,0.651562,0.8,0.651831,0.8,0.750528
1995-09,0.411399,0.461683,0.708281,0.414837,0.612012,0.461372,0.710481,0.513395,0.311522,0.412172,0.512777,0.363142,0.515542,0.511533,0.414742,0.364056
1995-10,0.317436,0.222732,0.610917,0.27043,0.317095,0.272813,0.506602,0.318951,0.407722,0.367805,0.717851,0.219549,0.50943,0.320969,0.621379,0.318054
1995-11,0.702892,0.552901,0.900265,0.703911,0.702892,0.505329,0.80117,0.703911,0.802587,0.508598,0.903691,0.660811,0.800992,0.601591,0.904115,0.806427
1995-12,0.7,0.65198,0.8,0.610576,0.7,0.602012,0.8,0.708378,0.805424,0.60429,0.802437,0.459194,0.60161,0.602523,0.8,0.652599
1996-01,0.510036,0.608585,0.513338,0.508601,0.510036,0.558703,0.513338,0.509002,0.512535,0.461316,0.616685,0.467511,0.806178,0.609306,0.711181,0.516941
1996-02,0.702608,0.652587,0.702968,0.556897,0.901768,0.701664,0.702968,0.556897,0.503862,0.453946,0.407916,0.407593,0.604175,0.551754,0.603439,0.506222
1996-03,0.800551,0.554241,0.8,0.702503,0.800798,0.602555,0.8,0.702118,0.502312,0.604517,0.602669,0.453534,0.701042,0.603062,0.603271,0.50312
1996-04,0.80152,0.606825,0.705344,0.554935,0.704084,0.60699,0.804422,0.555153,0.604563,0.511013,0.608302,0.411427,0.704063,0.555537,0.410077,0.508705
1996-05,0.70311,0.654802,0.9,0.556195,0.802597,0.606484,0.80365,0.604652,0.604135,0.604925,0.505814,0.454671,0.6,0.555236,0.604815,0.504394
1996-06,0.618585,0.466529,0.607794,0.408332,0.408819,0.462551,0.607794,0.458546,0.619207,0.461658,0.519464,0.26289,0.716089,0.465736,0.61794,0.362864
1996-07,0.409714,0.409758,0.511218,0.411577,0.506149,0.360645,0.511419,0.411189,0.802668,0.607196,0.616303,0.459102,0.606892,0.459656,0.317692,0.360163
1996-08,0.602963,0.452956,0.404754,0.453673,0.602735,0.404422,0.405311,0.453388,0.80121,0.701488,0.700783,0.5026,0.704086,0.504992,0.303838,0.453526
1996-09,0.408058,0.560184,0.602343,0.455525,0.407967,0.507745,0.602343,0.505339,0.805724,0.556354,0.50522,0.357251,0.803381,0.609679,0.509326,0.454869
1996-10,0.7,0.554768,0.602056,0.506822,0.8,0.604192,0.701187,0.556022,0.8,0.702188,0.701338,0.553336,0.704476,0.751908,0.700744,0.650399
1996-11,0.606055,0.606543,0.506259,0.604179,0.606055,0.654843,0.606527,0.604179,0.704623,0.605632,0.609883,0.507274,0.60716,0.604594,0.5074,0.50691
1996-12,0.802437,0.507689,0.703415,0.505171,0.802437,0.507689,0.703415,0.505171,0.604335,0.606937,0.903654,0.556445,0.60674,0.50749,0.8,0.606392
1997-01,0.80145,0.561251,0.705005,0.508477,0.703036,0.609518,0.8,0.508477,0.701447,0.513925,0.701995,0.458609,0.60481,0.509645,0.700988,0.554918
1997-02,0.503746,0.605652,0.700539,0.456828,0.501374,0.60454,0.7,0.456828,0.601233,0.507077,0.6,0.55579,0.702378,0.555606,0.5103,0.411786
1997-03,0.800313,0.603957,0.8,0.653136,0.701087,0.558207,0.701673,0.653136,0.807485,0.756111,0.607963,0.555443,0.8,0.701176,0.708272,0.505643
1997-04,0.412066,0.556787,0.812303,0.557779,0.412066,0.457555,0.812995,0.656837,0.7,0.601121,0.712377,0.61124,0.9,0.650234,0.812201,0.558671
1997-05,0.703459,0.603628,0.9,0.653579,0.603699,0.652648,0.9,0.703792,0.405372,0.503997,0.405409,0.504776,0.604491,0.554595,0.702251,0.454796
1997-06,0.901322,0.656268,0.805489,0.553542,0.806568,0.657583,0.805489,0.553542,0.701184,0.55584,0.704288,0.606647,0.705462,0.704802,0.80365,0.50526
1997-07,0.61329,0.513553,0.509887,0.460683,0.611535,0.56263,0.511497,0.460683,0.512185,0.365244,0.8,0.606371,0.608374,0.612747,0.606269,0.658698
1997-08,0.600863,0.700178,0.601049,0.503708,0.600863,0.700178,0.601049,0.503708,0.507771,0.311597,0.405771,0.409122,0.507771,0.311597,0.405771,0.409122
1997-09,0.701182,0.703973,0.702065,0.653266,0.701182,0.703973,0.702065,0.653266,0.510418,0.459249,0.409587,0.360662,0.510418,0.459249,0.409587,0.360662
1997-10,0.81806,0.564958,0.716225,0.363125,0.81806,0.564958,0.716225,0.363125,0.522433,0.319052,0.516065,0.362788,0.522433,0.319052,0.516065,0.362788
1997-11,0.717698,0.662851,0.521748,0.563229,0.717698,0.662851,0.521748,0.563229,0.325426,0.221596,0.420444,0.171888,0.325426,0.221596,0.420444,0.171888
1997-12,0.7,0.60617,0.427371,0.465488,0.7,0.60617,0.427371,0.465488,0.318467,0.123328,0.409766,0.211184,0.318467,0.123328,0.409766,0.211184
1998-01,1,1,0.70959,0.511374,1,1,0.70959,0.511374,0.508117,0.216951,0.409159,0.409844,0.508117,0.216951,0.409159,0.409844
1998-02,0.411885,0.408137,0.705034,0.457977,0.411885,0.408137,0.705034,0.457977,0.505383,0.31452,0.506174,0.362515,0.505383,0.31452,0.506174,0.362515
1998-03,0.707549,0.554897,0.60858,0.603954,0.707549,0.554897,0.60858,0.603954,0.11672,0.361548,0.31542,0.366337,0.11672,0.361548,0.31542,0.366337
1998-04,0.612015,0.70741,0.711942,0.707736,0.612015,0.70741,0.711942,0.707736,0.114125,0.308345,0.606019,0.404439,0.114125,0.308345,0.606019,0.404439
1998-05,0.7,0.655384,0.8,0.613184,0.7,0.655384,0.8,0.613184,0.324039,0.217241,0.605178,0.510579,0.324039,0.217241,0.605178,0.510579
1998-06,0.606352,0.369893,0.516643,0.465148,0.606352,0.369893,0.516643,0.465148,0.416283,0.177204,0.709554,0.369055,0.416283,0.177204,0.709554,0.369055
1998-07,0.707734,0.412731,0.713601,0.412127,0.707734,0.365872,0.713601,0.412127,0.509887,0.217011,0.617678,0.368562,0.70416,0.265007,0.524912,0.317619
1998-08,0.418624,0.316682,0.419571,0.514643,0.416701,0.463038,0.318061,0.514687,0.315487,0.134147,0.214907,0.272535,0.429898,0.173745,0.324466,0.372961
1998-09,0.706359,0.565333,0.52525,0.470126,1,0.801456,0.515717,0.516187,0.235163,0.195321,0.625545,0.33981,0.509459,0.244981,0.615998,0.470631
1998-10,0.615874,0.662354,0.70626,0.467225,0.720741,0.761501,0.704599,0.566298,0.510504,0.222342,0.609843,0.221405,0.319473,0.171934,0.510299,0.17674
1998-11,0.612022,0.509666,0.616201,0.465013,0.703095,0.514317,0.616201,0.462347,0.227728,0.314032,0.124678,0.219479,0.122418,0.216537,0.416568,0.217418
1998-12,0.513645,0.558391,0.433315,0.227477,0.705043,0.663655,0.433315,0.226698,0.310901,0.312708,0.222621,0.171616,0.13157,0.174368,0.218966,0.12367
1999-01,0.332971,0.422405,0.241367,0.375225,0.523636,0.464736,0.339647,0.375692,0.132829,0.220314,0.238026,0.224843,0.136852,0.172593,0.142541,0.329303
1999-02,0.605682,0.559835,0.523538,0.566505,0.706681,0.512154,0.521077,0.613001,0.221118,0.225067,0.6,0.371166,0.415126,0.17464,0.8,0.513279
1999-03,0.709008,0.41656,0.411901,0.370849,0.709726,0.363467,0.411901,0.417817,0.313061,0.175421,0.320066,0.363842,0.410455,0.270718,0.311429,0.463637
1999-04,0.509624,0.506698,0.803627,0.757077,0.607059,0.461215,0.803627,0.757077,0.218609,0.221124,0.509507,0.274926,0.313967,0.223168,0.607061,0.323651
1999-05,0.720197,0.561566,0.604295,0.653211,0.72033,0.513716,0.702012,0.702032,0.323822,0.366067,0.419682,0.264736,0.221343,0.264895,0.62027,0.312609
1999-06,0.517836,0.511875,0.604303,0.559625,0.607286,0.462966,0.602301,0.656965,0.310255,0.316133,0.505675,0.215096,0.218326,0.328481,0.410071,0.167969
1999-07,0.41377,0.506639,0.314222,0.409544,0.511833,0.556763,0.313919,0.407169,0.319525,0.315076,0.312842,0.310441,0.319433,0.313853,0.213958,0.358381
1999-08,0.4,0.314334,0.41907,0.420044,0.500436,0.40977,0.513278,0.467908,0.313441,0.177883,0.414715,0.365059,0.322657,0.319227,0.510923,0.315153
1999-09,0.320089,0.318632,0.318697,0.464326,0.51592,0.566692,0.232795,0.464326,0.509359,0.319358,0.507977,0.315088,0.226364,0.368734,0.6074,0.315228
1999-10,0.432849,0.427125,0.455021,0.336231,0.728679,0.571969,0.551329,0.386231,0.411015,0.41985,0.369163,0.391856,0.327241,0.416094,0.253047,0.392468
1999-11,0.302403,0.363134,0.410709,0.455408,0.700518,0.607333,0.41333,0.504805,0.210623,0.213877,0.313464,0.312074,0.407304,0.313458,0.216509,0.362705
1999-12,0.239948,0.231919,0.338803,0.330724,0.232163,0.42436,0.338803,0.380724,0.231854,0.174481,0.246924,0.332358,0.422395,0.375407,0.335059,0.47583
2000-01,0.327972,0.424986,0.432148,0.521188,0.516616,0.57016,0.529737,0.421193,0.416975,0.467122,0.419798,0.33316,0.622091,0.331439,0.43184,0.284495
2000-02,0.509427,0.370859,0.514744,0.516868,0.5167,0.512791,0.612242,0.426755,0.326924,0.272067,0.507365,0.360219,0.508286,0.371093,0.505591,0.374781
2000-03,0.514496,0.60822,0.626493,0.713698,0.909889,0.954293,0.720871,0.761385,0.311111,0.315623,0.519571,0.416176,0.429288,0.473009,0.516693,0.375944
2000-04,0.507113,0.523981,0.526344,0.665748,0.619907,0.513903,0.619918,0.572401,0.424004,0.227509,0.51858,0.330259,0.235803,0.422928,0.326297,0.623296
2000-05,0.531647,0.477877,0.720297,0.664246,0.720844,0.572637,0.71617,0.668502,0.225636,0.329283,0.536399,0.279201,0.229175,0.327598,0.425639,0.279503
2000-06,0.407831,0.505505,0.70603,0.567886,0.6,0.653237,0.815149,0.616197,0.419234,0.414614,0.221893,0.368514,0.42129,0.412127,0.309893,0.412131
2000-07,0.444707,0.628475,0.714524,0.576652,0.526052,0.676027,0.809507,0.572116,0.239854,0.376385,0.420429,0.422742,0.431297,0.427603,0.427297,0.474535
2000-08,0.315629,0.367514,0.7,0.415041,0.315629,0.367514,0.7,0.415041,0.224524,0.416438,0.307061,0.275802,0.224524,0.416438,0.307061,0.275802
2000-09,0.434833,0.528654,0.72014,0.578368,0.434833,0.528654,0.72014,0.578368,0.0432742,0.325935,0.248265,0.241103,0.0432742,0.325935,0.248265,0.241103
2000-10,0.427161,0.48342,0.432989,0.530019,0.427161,0.48342,0.432989,0.530019,0.444378,0.437346,0.529864,0.331343,0.444378,0.437346,0.529864,0.331343
2000-11,0.527895,0.298003,0.623812,0.562418,0.527895,0.298003,0.623812,0.562418,0.3702,0.345948,0.366886,0.200134,0.3702,0.345948,0.366886,0.200134
2000-12,0.600914,0.460995,0.524806,0.470131,0.600914,0.460995,0.524806,0.470131,0.135991,0.229527,0.430285,0.382975,0.135991,0.229527,0.430285,0.382975
2001-01,0.602328,0.473592,0.710368,0.807066,0.602328,0.473592,0.710368,0.807066,0.13166,0.279972,0.223411,0.36411,0.13166,0.279972,0.223411,0.36411
2001-02,0.7077,0.617118,0.8,0.8,0.7077,0.617118,0.8,0.8,0.174724,0.254799,0.266102,0.399307,0.174724,0.254799,0.266102,0.399307
2001-03,0.512125,0.56139,0.427746,0.371524,0.512125,0.56139,0.427746,0.371524,0.0238762,0.227222,0.324487,0.270294,0.0238762,0.227222,0.324487,0.270294
2001-04,0.704029,0.654965,0.708748,0.61251,0.704029,0.654965,0.708748,0.61251,0.128457,0.318067,0.408006,0.363812,0.128457,0.318067,0.408006,0.363812
2001-05,0.7,0.606945,0.704056,0.605006,0.7,0.606945,0.704056,0.605006,0.116413,0.215004,0.408448,0.36049,0.116413,0.215004,0.408448,0.36049
2001-06,0.609368,0.56265,0.603664,0.458181,0.609368,0.56265,0.603664,0.458181,0.0147564,0.272227,0.31259,0.261468,0.0147564,0.272227,0.31259,0.261468
2001-07,0.600175,0.65886,0.610751,0.561538,0.600175,0.705674,0.613267,0.509635,0.801185,0.604176,0.8,0.705625,0.217397,0.318493,0.607572,0.415108
2001-08,0.323624,0.468528,0.526145,0.568112,0.509598,0.417937,0.625875,0.669307,0.418175,0.27109,0.412451,0.413815,0.34136,0.426928,0.611585,0.565619
2001-09,0.536969,0.527219,0.264575,0.384288,0.8,0.8,0.253665,0.430635,0.715252,0.565625,0.418741,0.421422,0.329627,0.233336,0.7,0.516432
2001-10,0.611862,0.704698,0.626763,0.51611,0.807309,0.855644,1,0.758786,0.704499,0.419116,0.623002,0.270331,0.216151,0.266842,0.607982,0.461748
2001-11,0.418593,0.611449,0.712397,0.558904,0.609272,0.507324,0.623588,0.566178,0.413735,0.515772,0.523004,0.319296,0.218774,0.133336,0.230563,0.22844
2001-12,0.42007,0.56307,0.803425,0.556978,0.8,0.658911,0.803659,0.361477,0.318438,0.36506,0.309381,0.4131,0.117229,0.264059,0.406236,0.456607
2002-01,0.602146,0.459841,0.7,0.556343,0.6,0.505948,0.7,0.554229,0.509687,0.313971,0.42062,0.220625,0.128042,0.26784,0.616888,0.463813
2002-02,0.332252,0.373997,0.239866,0.27522,0.0413279,0.423777,0.435329,0.326055,0.340494,0.325129,0.219341,0.22076,0.241106,0.225877,0.504062,0.364345
2002-03,0.403707,0.310407,0.310851,0.409517,0.308149,0.506222,0.408254,0.509285,0.303981,0.256227,0.313975,0.260705,0.410902,0.310583,0.703117,0.35958
2002-04,0.3378,0.283109,0.343521,0.427471,0.524477,0.37605,0.430629,0.474822,0.328421,0.322759,0.326934,0.226821,0.43145,0.328434,0.518351,0.410826
2002-05,0.308941,0.259758,0.508037,0.361471,0.404101,0.308066,0.702058,0.412441,0.315873,0.360822,0.315876,0.263405,0.42178,0.367949,0.715872,0.562743
2002-06,0.325471,0.362136,0.414047,0.365984,0.52102,0.362352,0.703616,0.456028,0.336743,0.32446,0.310159,0.263438,0.437887,0.225665,0.537379,0.32374
2002-07,0.50435,0.658759,0.603114,0.361099,0.7,0.708759,0.701059,0.468819,0.612271,0.481952,0.51163,0.367153,0.318998,0.267531,0.421563,0.324607
2002-08,0.512582,0.369548,0.41423,0.313468,0.704376,0.365369,0.611044,0.508933,0.416886,0.363532,0.314765,0.212208,0.1176,0.16619,0.420962,0.263129
2002-09,0.41632,0.31668,0.421244,0.322897,0.7,0.410703,0.603904,0.52004,0.512664,0.364614,0.313837,0.174931,0.332363,0.327066,0.332669,0.17545
2002-10,0.705434,0.513432,0.511481,0.326683,0.709516,0.611369,0.321869,0.417022,0.42833,0.323558,0.619722,0.418989,0.329805,0.263151,0.309959,0.175032
2002-11,0.703217,0.372536,0.610321,0.469337,0.61249,0.515045,0.403855,0.42157,0.328134,0.326896,0.328475,0.228635,0.234026,0.183102,0.528742,0.334573
2002-12,0.53294,0.416138,0.705109,0.511029,0.900212,0.66676,0.9,0.654698,0.420943,0.417534,0.321239,0.133105,0.233458,0.273551,0.9,0.606153
2003-01,0.610778,0.654864,0.5,0.40245,0.7,0.704272,0.7,0.551366,0.407492,0.264459,0.206857,0.163185,0.314338,0.162714,0.509663,0.55885
2003-02,0.510954,0.508212,0.410727,0.410627,0.703466,0.653487,0.518149,0.462644,0.325411,0.364872,0.315543,0.116507,0.120126,0.216392,0.415585,0.411688
2003-03,0.7,0.462924,0.505905,0.26088,0.605237,0.506048,0.703756,0.408696,0.424644,0.318194,0.310792,0.208886,0.225189,0.213261,0.608806,0.56389
2003-04,0.603899,0.605816,0.405722,0.453836,0.505859,0.505549,0.504104,0.604944,0.406167,0.407678,0.306127,0.255479,0.119747,0.214734,0.6093,0.605716
2003-05,0.701726,0.462888,0.507167,0.506262,0.505801,0.410819,0.703212,0.608081,0.312125,0.263106,0.609573,0.264481,0.0321697,0.271463,0.310995,0.267155
2003-06,0.407203,0.557754,0.511738,0.407774,0.409931,0.409442,0.609765,0.36038,0.506573,0.455066,0.506494,0.358382,0.211166,0.209927,0.407708,0.308962
2003-07,0.603039,0.511742,0.815119,0.607585,0.700993,0.513301,0.8,0.609906,0.618351,0.465017,0.726168,0.619209,0.606433,0.556545,0.9,0.705769
2003-08,0.507828,0.310174,0.804509,0.408236,0.507828,0.310174,0.804509,0.408236,0.320017,0.263034,0.413175,0.506704,0.320017,0.263034,0.413175,0.506704
2003-09,0.414785,0.558083,0.511977,0.461137,0.414785,0.558083,0.511977,0.461137,0.309069,0.406263,0.602167,0.602685,0.309069,0.406263,0.602167,0.602685
2003-10,0.208991,0.456299,0.409881,0.409356,0.208991,0.456299,0.409881,0.409356,0.410047,0.410828,0.8,0.556312,0.410047,0.410828,0.8,0.556312
2003-11,0.503961,0.406586,0.703864,0.556434,0.503961,0.406586,0.703864,0.556434,0.707325,0.460807,0.803008,0.604255,0.707325,0.460807,0.803008,0.604255
2003-12,0.60516,0.558525,0.705662,0.609864,0.60516,0.558525,0.705662,0.609864,0.509888,0.417996,0.610519,0.512278,0.509888,0.417996,0.610519,0.512278
2004-01,0.804513,0.804528,0.703389,0.504729,0.804513,0.804528,0.703389,0.504729,0.315697,0.458429,0.608569,0.557585,0.315697,0.458429,0.608569,0.557585
2004-02,0.704181,0.655791,0.805061,0.654592,0.704181,0.655791,0.805061,0.654592,0.406158,0.459052,0.509558,0.357604,0.406158,0.459052,0.509558,0.357604
2004-03,0.701172,0.553802,0.70111,0.555739,0.701172,0.553802,0.70111,0.555739,0.604462,0.654129,0.802057,0.511417,0.604462,0.654129,0.802057,0.511417
2004-04,0.800577,0.603761,0.803435,0.407972,0.800577,0.603761,0.803435,0.407972,0.518603,0.56304,0.621699,0.56797,0.518603,0.56304,0.621699,0.56797
2004-05,0.7,0.450856,0.8,0.451778,0.7,0.450856,0.8,0.451778,0.6,0.508284,0.5,0.550756,0.6,0.508284,0.5,0.550756
2004-06,0.605346,0.459786,0.506826,0.458226,0.605346,0.459786,0.506826,0.458226,0.313745,0.310932,0.408047,0.213675,0.313745,0.310932,0.408047,0.213675
2004-07,0.606674,0.514668,0.406447,0.555404,0.606674,0.514668,0.406447,0.505404,0.721018,0.563535,0.7,0.608378,0.721018,0.419382,0.6,0.464235
2004-08,0.608624,0.36054,0.511999,0.411078,0.608068,0.510457,0.805155,0.46045,0.412719,0.457848,0.410135,0.355001,0.706597,0.361327,0.507684,0.353722
2004-09,0.603309,0.453778,0.404086,0.404207,0.603309,0.504575,0.502746,0.453166,0.406713,0.408936,0.505327,0.457232,0.600553,0.357664,0.408481,0.505608
2004-10,0.304185,0.406899,0.603315,0.505209,0.404185,0.504191,0.703386,0.504955,0.806523,0.461828,0.616169,0.562632,0.707705,0.656381,0.613534,0.563298
2004-11,0.414051,0.508275,0.511945,0.556942,0.513364,0.60639,0.609687,0.556942,0.708543,0.555243,0.510008,0.413849,0.6117,0.558392,0.70264,0.559387
2004-12,0.5,0.506463,0.510489,0.457294,0.40659,0.504141,0.510489,0.457294,0.517384,0.45951,0.414299,0.40828,0.51705,0.362817,0.514019,0.457182
2005-01,0.507285,0.363369,0.509076,0.409979,0.40881,0.459891,0.509076,0.510733,0.607693,0.506962,0.504949,0.307588,0.604921,0.556143,0.602059,0.504738
2005-02,0.410387,0.263636,0.318012,0.361361,0.310387,0.216167,0.318012,0.410483,0.504371,0.363058,0.413647,0.364763,0.505568,0.458055,0.512578,0.460837
2005-03,0.704898,0.654881,0.703229,0.505117,0.702311,0.605621,0.802253,0.555117,0.50543,0.357115,0.311035,0.409431,0.60763,0.454391,0.311035,0.459852
2005-04,0.419349,0.463349,0.709051,0.364004,0.517874,0.362966,0.715478,0.414058,0.410383,0.260795,0.408438,0.456056,0.408808,0.312846,0.408438,0.454539
2005-05,0.605147,0.411503,0.7,0.555351,0.51089,0.509175,0.7,0.604241,0.505238,0.458491,0.607385,0.409704,0.509188,0.312628,0.606611,0.509311
2005-06,0.504788,0.407806,0.508097,0.41204,0.505841,0.408111,0.508097,0.36204,0.505476,0.31039,0.412096,0.311733,0.412657,0.310562,0.412096,0.460309
2005-07,0.418293,0.312112,0.319337,0.31134,0.508891,0.312353,0.318428,0.360288,0.706531,0.46208,0.323391,0.36179,0.510902,0.413863,0.223391,0.462632
2005-08,0.50891,0.457671,0.60526,0.411244,0.606795,0.457671,0.605449,0.50786,0.507255,0.358433,0.408544,0.358712,0.50597,0.508918,0.406559,0.45507
2005-09,0.223215,0.459154,0.309713,0.505363,0.223215,0.410844,0.606214,0.509807,0.507955,0.406953,0.413351,0.260515,0.40914,0.453373,0.41217,0.310768
2005-10,0.312527,0.463697,0.509807,0.557202,0.40736,0.462534,0.510778,0.557437,0.711627,0.410251,0.413957,0.216014,0.513873,0.365641,0.421665,0.318858
2005-11,0.306542,0.508214,0.509296,0.555692,0.305376,0.459629,0.608773,0.555113,0.507919,0.359318,0.404561,0.359088,0.802197,0.506885,0.307007,0.35957
2005-12,0.50599,0.405635,0.507033,0.40788,0.505597,0.405621,0.508287,0.45768,0.505819,0.308172,0.508128,0.405066,0.504145,0.35732,0.508128,0.455567
2006-01,0.409214,0.411156,0.507294,0.363355,0.507238,0.507792,0.606011,0.363355,0.508394,0.365869,0.408755,0.462953,0.505065,0.315518,0.507971,0.508789
2006-02,0.603201,0.358999,0.710014,0.456402,0.702885,0.45452,0.806471,0.506402,0.619918,0.41288,0.32078,0.364382,0.609153,0.456085,0.322531,0.413644
2006-03,0.409625,0.360751,0.603087,0.407221,0.505299,0.261394,0.701436,0.456379,0.50138,0.456817,0.407688,0.258767,0.60159,0.552616,0.407544,0.309748
2006-04,0.314979,0.314415,0.316477,0.364285,0.317775,0.413903,0.3175,0.316196,0.313685,0.314498,0.502598,0.361772,0.40833,0.406899,0.410289,0.309958
2006-05,0.60859,0.558092,0.606948,0.45672,0.801085,0.65352,0.606948,0.556624,0.411081,0.457904,0.222084,0.215928,0.609644,0.365206,0.417275,0.316503
2006-06,0.510433,0.358612,0.50596,0.508435,0.8,0.554742,0.50596,0.508967,0.304159,0.353924,0.308359,0.308927,0.505842,0.357381,0.405528,0.357203
2006-07,0.506636,0.365942,0.509784,0.407387,0.413296,0.461439,0.509784,0.407387,0.315941,0.365758,0.317112,0.465127,0.510214,0.558164,0.519379,0.512089
2006-08,0.407572,0.456856,0.207056,0.306263,0.407572,0.456856,0.207056,0.306263,0.511231,0.509895,0.416494,0.460976,0.511231,0.509895,0.416494,0.460976
2006-09,0.41184,0.458674,0.315529,0.312592,0.41184,0.458674,0.315529,0.312592,0.326096,0.270357,0.425875,0.367564,0.326096,0.270357,0.425875,0.367564
2006-10,0.407957,0.310186,0.508372,0.457842,0.407957,0.310186,0.508372,0.457842,0.403148,0.260713,0.407242,0.4604,0.403148,0.260713,0.407242,0.4604
2006-11,0.406093,0.453603,0.405221,0.306472,0.406093,0.453603,0.405221,0.306472,0.500238,0.502131,0.503173,0.503511,0.500238,0.502131,0.503173,0.503511
2006-12,0.409651,0.409912,0.511255,0.408599,0.409651,0.409912,0.511255,0.408599,0.418121,0.412674,0.404133,0.36058,0.418121,0.412674,0.404133,0.36058
2007-01,0.307429,0.505583,0.308864,0.407075,0.307429,0.505583,0.308864,0.407075,0.412375,0.356732,0.413316,0.408061,0.412375,0.356732,0.413316,0.408061
2007-02,0.509028,0.557477,0.303808,0.457357,0.509028,0.557477,0.303808,0.457357,0.6,0.405711,0.50809,0.508769,0.6,0.405711,0.50809,0.508769
2007-03,0.510815,0.457528,0.313612,0.357644,0.510815,0.457528,0.313612,0.357644,0.407136,0.40599,0.501589,0.453209,0.407136,0.40599,0.501589,0.453209
2007-04,0.502518,0.553652,0.507494,0.306832,0.502518,0.553652,0.507494,0.306832,0.509728,0.456807,0.213307,0.40613,0.509728,0.456807,0.213307,0.40613
2007-05,0.504027,0.359438,0.509845,0.556919,0.504027,0.359438,0.509845,0.556919,0.409287,0.309416,0.8,0.504377,0.409287,0.309416,0.8,0.504377
2007-06,0.60795,0.459241,0.604221,0.356706,0.60795,0.459241,0.604221,0.356706,0.411037,0.358744,0.408971,0.3581,0.411037,0.358744,0.408971,0.3581
2007-07,0.416419,0.315837,0.418732,0.313041,0.416419,0.315837,0.418732,0.313041,0.615038,0.610067,0.41804,0.413347,0.603212,0.504551,0.41804,0.411872
2007-08,0.417217,0.510347,0.413964,0.410545,0.316849,0.460801,0.413964,0.410545,0.607777,0.455501,0.410642,0.357664,0.611436,0.408364,0.608746,0.356616
2007-09,0.7,0.557228,0.325131,0.468638,0.602876,0.509102,0.325131,0.468638,0.410962,0.410634,0.605962,0.462686,0.609732,0.218127,0.606474,0.505957
2007-10,0.511172,0.55787,0.415549,0.4619,0.413069,0.510138,0.415549,0.461617,0.609035,0.463614,0.413813,0.265807,0.509223,0.415191,0.41113,0.264895
2007-11,0.513274,0.660867,0.515683,0.415528,0.513274,0.516354,0.515683,0.364703,0.505278,0.456734,0.613634,0.461219,0.321291,0.366216,0.611492,0.360068
2007-12,0.50862,0.509244,0.517248,0.315077,0.410065,0.411355,0.517248,0.315177,0.319764,0.462196,0.41571,0.358946,0.311809,0.362099,0.506457,0.312417
2008-01,0.705493,0.754854,0.510472,0.55474,0.607556,0.658922,0.510472,0.458862,0.312793,0.36375,0.411365,0.313145,0.214717,0.355973,0.40988,0.32014
2008-02,0.7,0.753613,0.512717,0.610722,0.604389,0.751143,0.512717,0.515008,0.319333,0.414852,0.7,0.360392,0.313284,0.364824,0.506927,0.456348
2008-03,0.314225,0.415207,0.507579,0.414523,0.508988,0.415479,0.316086,0.414523,0.315108,0.263164,0.616146,0.464598,0.315829,0.413587,0.51829,0.41231
2008-04,0.4125,0.557199,0.70167,0.558116,0.602923,0.459392,0.413487,0.556683,0.318006,0.265075,0.217494,0.409987,0.220671,0.261378,0.212704,0.214191
2008-05,0.415171,0.366783,0.515394,0.560138,0.41279,0.36181,0.418812,0.459748,0.215093,0.167111,0.410674,0.312106,0.315461,0.312986,0.402521,0.310852
2008-06,0.43145,0.377557,0.336563,0.426913,0.502424,0.333566,0.243596,0.37829,0.229218,0.320487,0.318811,0.419238,0.405974,0.217954,0.32018,0.460678
2008-07,0.405863,0.416513,0.521955,0.464896,0.309862,0.553357,0.521351,0.514896,0.33217,0.376037,0.230959,0.422814,0.330729,0.278278,0.434102,0.379545
2008-08,0.315347,0.417976,0.614138,0.365456,0.417607,0.36491,0.616754,0.3705,0.220733,0.318865,0.708398,0.41228,0.417256,0.318246,0.416228,0.364926
2008-09,0.4163,0.531331,0.437183,0.33221,0.529909,0.67807,0.630967,0.287385,0.437748,0.345895,0.551046,0.626117,0.322584,0.346711,0.646232,0.444007
2008-10,0.619784,0.565601,0.442214,0.292748,0.81176,0.623654,0.343452,0.242748,0.430257,0.514887,0.527167,0.525027,0.61375,0.618364,0.5176,0.613293
2008-11,0.329359,0.27188,0.41591,0.369808,0.421268,0.321782,0.519487,0.272986,0.612783,0.518916,0.522272,0.375641,0.415228,0.372652,0.626089,0.617813
2008-12,0.52312,0.323601,0.612985,0.418182,0.515702,0.275746,0.708593,0.469473,0.617225,0.517168,0.51872,0.414534,0.528529,0.42332,0.416424,0.465714
2009-01,0.613444,0.375169,0.621451,0.420613,0.602413,0.320337,0.622233,0.469934,0.504376,0.513389,0.604492,0.463778,0.603664,0.459008,0.504879,0.318506
2009-02,0.621414,0.228026,0.424293,0.230318,0.520691,0.32488,0.424293,0.229429,0.221487,0.265796,0.426888,0.425154,0.33787,0.370106,0.512647,0.276817
2009-03,0.420329,0.46509,0.416961,0.309999,0.712884,0.413309,0.517588,0.310888,0.407768,0.461656,0.608747,0.411146,0.501517,0.35937,0.412844,0.26152
2009-04,0.550543,0.402935,0.81613,0.491081,0.725956,0.337223,0.639663,0.48416,0.43051,0.480072,0.642155,0.444238,0.430892,0.327608,0.45682,0.350491
2009-05,0.610696,0.366348,0.507751,0.559749,0.716429,0.469171,0.609955,0.460368,0.333177,0.316861,0.52028,0.422686,0.510917,0.410747,0.619891,0.566287
2009-06,0.806798,0.364064,0.606195,0.359214,0.705258,0.456093,0.507105,0.311782,0.815014,0.418924,0.318375,0.420724,0.418665,0.415776,0.414481,0.468998
2009-07,0.511384,0.270306,0.709913,0.514004,0.512906,0.320203,0.710043,0.512777,0.809975,0.515907,0.901559,0.706189,0.711318,0.423154,0.801716,0.658225
2009-08,0.412073,0.461407,0.703327,0.556348,0.412073,0.461407,0.703327,0.556348,0.504145,0.509578,0.30696,0.265727,0.504145,0.509578,0.30696,0.265727
2009-09,0.508167,0.55784,0.802767,0.657189,0.508167,0.55784,0.802767,0.657189,0.704887,0.55826,0.41463,0.259872,0.704887,0.55826,0.41463,0.259872
2009-10,0.605924,0.652126,0.410444,0.557101,0.605924,0.652126,0.410444,0.557101,0.504069,0.410688,0.603205,0.356882,0.504069,0.410688,0.603205,0.356882
2009-11,0.408871,0.55957,0.509253,0.607848,0.408871,0.55957,0.509253,0.607848,0.320606,0.266405,0.407569,0.313241,0.320606,0.266405,0.407569,0.313241
2009-12,0.310996,0.560106,0.605032,0.558127,0.310996,0.560106,0.605032,0.558127,0.325264,0.370738,0.320399,0.364659,0.325264,0.370738,0.320399,0.364659
2010-01,0.605157,0.653698,0.516145,0.608729,0.605157,0.653698,0.516145,0.608729,0.416246,0.369889,0.507676,0.363064,0.416246,0.369889,0.507676,0.363064
2010-02,0.709815,0.560256,0.608444,0.463594,0.709815,0.560256,0.608444,0.463594,0.414852,0.364672,0.505517,0.408064,0.414852,0.364672,0.505517,0.408064
2010-03,0.306895,0.308335,0.412053,0.409363,0.306895,0.308335,0.412053,0.409363,0.30738,0.356157,0.308657,0.260538,0.30738,0.356157,0.308657,0.260538
2010-04,0.31542,0.45803,0.424449,0.466995,0.31542,0.45803,0.424449,0.466995,0.321379,0.369815,0.512584,0.560633,0.321379,0.369815,0.512584,0.560633
2010-05,0.510871,0.556915,0.711162,0.556967,0.510871,0.556915,0.711162,0.556967,0.511572,0.358895,0.402785,0.455026,0.511572,0.358895,0.402785,0.455026
2010-06,0.525747,0.570536,0.705364,0.459466,0.525747,0.570536,0.705364,0.459466,0.521504,0.272299,0.305049,0.310981,0.521504,0.272299,0.305049,0.310981
2010-07,0.70006,0.511695,0.90042,0.552851,0.601787,0.50903,0.90042,0.552851,0.61523,0.415462,0.7,0.412608,0.415298,0.413647,0.614559,0.50993
2010-08,0.609577,0.606985,0.803512,0.562735,0.705225,0.515326,0.803512,0.562735,0.41456,0.2645,0.606405,0.313161,0.413975,0.362059,0.511361,0.510711
2010-09,0.411328,0.458008,0.31791,0.560856,0.315641,0.505107,0.31791,0.560856,0.405883,0.309376,0.415077,0.265613,0.406804,0.360355,0.406907,0.355201
2010-10,0.519471,0.414561,0.515453,0.467031,0.520265,0.41462,0.515453,0.418831,0.319819,0.271962,0.410919,0.362665,0.424127,0.22082,0.510705,0.362986
2010-11,0.508389,0.457852,0.607456,0.461139,0.406806,0.504959,0.607456,0.412569,0.404089,0.309463,0.409227,0.164168,0.313861,0.409017,0.407789,0.263577
2010-12,0.415689,0.360658,0.711265,0.458903,0.411795,0.36049,0.706227,0.458903,0.403663,0.310653,0.308784,0.260785,0.411698,0.360587,0.406223,0.306725
2011-01,0.702132,0.359391,0.604841,0.65408,0.415161,0.464046,0.703184,0.65408,0.214919,0.266038,0.7,0.35979,0.319933,0.219432,0.403846,0.408778
2011-02,0.505209,0.508053,0.310249,0.457274,0.506317,0.557263,0.508073,0.507061,0.510372,0.315888,0.510695,0.309193,0.507857,0.3129,0.5074,0.358126
2011-03,0.410526,0.456802,0.508794,0.359231,0.509027,0.506413,0.603602,0.40839,0.505872,0.261174,0.414068,0.357828,0.506696,0.310677,0.405661,0.361244
2011-04,0.508709,0.408987,0.507062,0.411717,0.412034,0.411652,0.605599,0.411556,0.317221,0.212819,0.501952,0.307672,0.211947,0.263508,0.41157,0.410235
2011-05,0.601342,0.505545,0.407219,0.308668,0.604312,0.456883,0.505435,0.308668,0.406747,0.362895,0.411346,0.362106,0.406537,0.259937,0.707062,0.413032
2011-06,0.405952,0.455437,0.70167,0.458008,0.40646,0.455862,0.70167,0.459296,0.310126,0.26094,0.604133,0.306781,0.209962,0.25814,0.504368,0.456368
2011-07,0.608221,0.557055,0.703811,0.357182,0.608221,0.458758,0.703811,0.406002,0.310311,0.360127,0.701567,0.654499,0.211609,0.311687,0.405702,0.457483
2011-08,0.614289,0.50963,0.601752,0.454914,0.513373,0.460182,0.606536,0.504734,0.516495,0.461913,0.511341,0.560345,0.321594,0.267118,0.706785,0.653664
2011-09,0.6086,0.426481,0.513259,0.517079,0.615823,0.31627,0.509969,0.467138,0.540739,0.477169,0.424248,0.228298,0.414656,0.373699,0.324645,0.366664
2011-10,0.708206,0.655864,0.506875,0.55895,0.509177,0.555625,0.606875,0.65636,0.423948,0.374856,0.324755,0.370558,0.408067,0.319946,0.800042,0.663203
2011-11,0.7,0.704869,0.607881,0.556493,0.7,0.655803,0.704475,0.655815,0.512084,0.314329,0.501245,0.355542,0.319016,0.412995,0.608035,0.408189
2011-12,0.416711,0.418773,0.315562,0.316805,0.420315,0.416229,0.21691,0.363825,0.420289,0.31934,0.402392,0.311872,0.222299,0.270023,0.319723,0.262321
2012-01,0.60254,0.65957,0.707519,0.606595,0.5047,0.605506,0.707519,0.654739,0.415132,0.318115,0.5127,0.363897,0.217756,0.367063,0.702266,0.604836
2012-02,0.409146,0.507393,0.606032,0.603044,0.408905,0.509504,0.606032,0.652947,0.514066,0.512352,0.303371,0.264657,0.413055,0.312103,0.512526,0.360808
2012-03,0.317645,0.512105,0.417563,0.460447,0.316685,0.512105,0.318461,0.460124,0.327914,0.367332,0.6,0.35114,0.423309,0.316277,0.403205,0.408928
2012-04,0.212401,0.407424,0.409138,0.458288,0.312401,0.407424,0.409236,0.458288,0.308215,0.260496,0.405813,0.406837,0.408988,0.362621,0.60033,0.454333
2012-05,0.32504,0.370066,0.513821,0.22166,0.323961,0.321245,0.42787,0.269981,0.225397,0.270646,0.406102,0.259151,0.43295,0.174343,0.505899,0.259082
2012-06,0.501226,0.454659,0.500961,0.454999,0.501226,0.455571,0.501731,0.405619,0.412941,0.208496,0.20506,0.405023,0.404604,0.208858,0.405989,0.355247
2012-07,0.414919,0.467218,0.613618,0.413706,0.414919,0.467218,0.612326,0.413706,0.613758,0.412516,0.605893,0.505621,0.612885,0.416883,1,0.852273
2012-08,0.406024,0.45317,0.806313,0.75312,0.406024,0.45317,0.806313,0.75312,0.50668,0.413453,0.515819,0.364781,0.50668,0.413453,0.515819,0.364781
2012-09,0.504288,0.357231,0.60209,0.407465,0.504288,0.357231,0.60209,0.407465,0.505173,0.305882,0.503178,0.353175,0.505173,0.305882,0.503178,0.353175
2012-10,0.510759,0.605323,0.510497,0.506436,0.510759,0.605323,0.510497,0.506436,0.310189,0.306495,0.310083,0.309528,0.310189,0.306495,0.310083,0.309528
2012-11,0.602851,0.457207,0.714348,0.359594,0.602851,0.457207,0.714348,0.359594,0.318897,0.412584,0.6,0.253028,0.318897,0.412584,0.6,0.253028
2012-12,0.506632,0.356711,0.505624,0.504403,0.506632,0.356711,0.505624,0.504403,0.318551,0.411862,0.505224,0.507085,0.318551,0.411862,0.505224,0.507085
2013-01,0.6209,0.463583,0.327977,0.417469,0.6209,0.463583,0.327977,0.417469,0.219015,0.411511,0.406627,0.359967,0.219015,0.411511,0.406627,0.359967
2013-02,0.70545,0.558942,0.516282,0.3646,0.70545,0.558942,0.516282,0.3646,0.512269,0.464323,0.502819,0.408853,0.512269,0.464323,0.502819,0.408853
2013-03,0.60597,0.556272,0.509089,0.407882,0.60597,0.556272,0.509089,0.407882,0.604752,0.456538,0.307046,0.306531,0.604752,0.456538,0.307046,0.306531
2013-04,0.507031,0.615145,0.522469,0.317917,0.507031,0.615145,0.522469,0.317917,0.4045,0.402898,0.325247,0.314484,0.4045,0.402898,0.325247,0.314484
2013-05,0.603501,0.652527,0.700155,0.601935,0.603501,0.652527,0.700155,0.601935,0.415125,0.36239,0.603756,0.357327,0.415125,0.36239,0.603756,0.357327
2013-06,0.426672,0.419632,0.328914,0.366762,0.426672,0.419632,0.328914,0.366762,0.511089,0.367486,0.508275,0.354685,0.511089,0.367486,0.508275,0.354685
2013-07,0.215063,0.408471,0.319765,0.359829,0.215063,0.408471,0.319765,0.359829,0.507799,0.359479,0.401714,0.451831,0.50904,0.312381,0.506551,0.308976
2013-08,0.213868,0.308106,0.510513,0.309392,0.213868,0.357817,0.510513,0.359392,0.311554,0.30759,0.505526,0.311242,0.508663,0.457679,0.603941,0.456414
2013-09,0.219748,0.412215,0.412201,0.462061,0.205385,0.405801,0.412201,0.457169,0.218079,0.211532,0.509936,0.357493,0.405917,0.452906,0.413926,0.211174
2013-10,0.514726,0.510176,0.708485,0.606188,0.510926,0.556748,0.808485,0.656188,0.508182,0.407645,0.608813,0.455224,0.504362,0.358361,0.405963,0.257365
2013-11,0.415909,0.51211,0.712164,0.558983,0.509597,0.457788,0.711777,0.608807,0.51419,0.510175,0.608752,0.455261,0.608019,0.35775,0.41449,0.360815
2013-12,0.409236,0.606475,0.608938,0.455505,0.604037,0.603497,0.608938,0.455813,0.408841,0.455402,0.609713,0.259318,0.413314,0.309419,0.510029,0.357721
2014-01,0.406897,0.458178,0.604409,0.508881,0.604999,0.557728,0.704409,0.508881,0.416885,0.409752,0.505142,0.505997,0.417013,0.509473,0.407995,0.314409
2014-02,0.407875,0.405862,0.404312,0.30828,0.507875,0.455648,0.405183,0.30828,0.406214,0.456065,0.406888,0.355274,0.506861,0.554437,0.304306,0.255826
2014-03,0.703276,0.802828,0.504614,0.654377,0.801113,0.851771,0.504614,0.70418,0.51127,0.407494,0.702745,0.553901,0.511471,0.458387,0.507389,0.35761
2014-04,0.40926,0.555439,0.508808,0.555786,0.40926,0.508065,0.508808,0.556295,0.50457,0.360975,0.309123,0.162353,0.509666,0.36068,0.311605,0.161927
2014-05,0.61181,0.556198,0.510751,0.506811,0.61181,0.556078,0.511974,0.506879,0.41091,0.309143,0.602156,0.503255,0.410316,0.312263,0.615902,0.41086
2014-06,0.41191,0.507523,0.610295,0.507938,0.51191,0.507551,0.610295,0.507938,0.318427,0.263351,0.407532,0.355667,0.510677,0.409952,0.311648,0.259594
2014-07,0.41631,0.559334,0.8,0.555835,0.416838,0.658219,0.8,0.555835,0.51193,0.559696,0.701229,0.555086,0.41748,0.46328,0.514846,0.410065
2014-08,0.408461,0.504584,0.407422,0.504774,0.309171,0.454548,0.507422,0.504774,0.500876,0.553517,0.602563,0.456447,0.50087,0.403933,0.308118,0.357412
2014-09,0.325946,0.366855,0.524049,0.517839,0.41619,0.36687,0.517438,0.567896,0.518758,0.314782,0.513298,0.366658,0.515056,0.412554,0.328223,0.268687
2014-10,0.523397,0.318194,0.332762,0.221848,0.619573,0.318194,0.332018,0.321376,0.234571,0.32071,0.525616,0.369312,0.428464,0.417826,0.228195,0.220861
2014-11,0.420862,0.363719,0.520038,0.367855,0.519613,0.413047,0.520038,0.417632,0.314079,0.215105,0.611025,0.50809,0.41819,0.415465,0.122911,0.366253
2014-12,0.418492,0.363447,0.609783,0.409183,0.516628,0.462581,0.507604,0.359314,0.415645,0.267295,0.505792,0.305614,0.318701,0.266654,0.404326,0.315865
2015-01,0.436727,0.322357,0.524656,0.420157,0.511939,0.422657,0.522778,0.420157,0.332829,0.372157,0.52242,0.366218,0.323661,0.466337,0.41363,0.420533
2015-02,0.307654,0.408518,0.507579,0.506514,0.406604,0.408297,0.50853,0.556514,0.507235,0.357135,0.418002,0.412441,0.413523,0.408967,0.510072,0.362376
2015-03,0.329575,0.41771,0.32798,0.466056,0.429575,0.368171,0.32798,0.515327,0.61606,0.411551,0.316987,0.40926,0.7,0.552842,0.231137,0.370734
2015-04,0.421412,0.513025,0.618016,0.608206,0.508663,0.558374,0.809117,0.658202,0.417947,0.512695,0.709157,0.658723,0.515562,0.613129,0.315213,0.310211
2015-05,0.424323,0.318711,0.622589,0.563916,0.519924,0.468603,0.720582,0.561657,0.322914,0.414792,0.716626,0.509058,0.317782,0.409566,0.516488,0.309928
2015-06,0.323395,0.469231,0.623702,0.470219,0.326502,0.419584,0.623702,0.466774,0.326538,0.26924,0.72905,0.419981,0.321725,0.273188,0.228603,0.268093
2015-07,0.449049,0.342731,0.352827,0.388998,0.448341,0.291745,0.352827,0.388998,0.540129,0.529232,0.643777,0.428635,0.628138,0.518023,1,0.803383
2015-08,0.210205,0.305609,0.406502,0.353853,0.210205,0.305609,0.406502,0.353853,0.112244,0.353534,0.306002,0.354862,0.112244,0.353534,0.306002,0.354862
2015-09,0.443599,0.326724,0.345615,0.37899,0.443599,0.326724,0.345615,0.37899,0.147119,0.377455,0.430815,0.227187,0.147119,0.377455,0.430815,0.227187
2015-10,0.342512,0.375725,0.441038,0.372751,0.342512,0.375725,0.441038,0.372751,0.242762,0.177544,0.537169,0.477884,0.242762,0.177544,0.537169,0.477884
2015-11,0.506888,0.56035,0.507117,0.558707,0.506888,0.56035,0.507117,0.558707,0.212762,0.358973,0.315652,0.459361,0.212762,0.358973,0.315652,0.459361
2015-12,0.613826,0.411902,0.316656,0.411412,0.613826,0.411902,0.316656,0.411412,0.312589,0.314149,0.214373,0.508273,0.312589,0.314149,0.214373,0.508273
2016-01,0.211948,0.359619,0.210849,0.310633,0.211948,0.359619,0.210849,0.310633,0.50556,0.460521,0.605118,0.45376,0.50556,0.460521,0.605118,0.45376
2016-02,0.704453,0.609038,0.516181,0.562709,0.704453,0.609038,0.516181,0.562709,0.607219,0.513938,0.606237,0.466291,0.607219,0.513938,0.606237,0.466291
2016-03,0.512572,0.407882,0.413736,0.361093,0.512572,0.407882,0.413736,0.361093,0.419639,0.362177,0.217642,0.407619,0.419639,0.362177,0.217642,0.407619
2016-04,0.52344,0.56385,0.612104,0.507958,0.52344,0.56385,0.612104,0.507958,0.616672,0.419951,0.423409,0.564877,0.616672,0.419951,0.423409,0.564877
2016-05,0.503461,0.45921,0.510294,0.458227,0.503461,0.45921,0.510294,0.458227,0.5042,0.362338,0.51129,0.311981,0.5042,0.362338,0.51129,0.311981
2016-06,0.40931,0.509212,0.411512,0.407637,0.40931,0.509212,0.411512,0.407637,0.310936,0.260514,0.504909,0.411271,0.310936,0.260514,0.504909,0.411271
2016-07,0.701418,0.701639,0.606445,0.604945,0.601418,0.651639,0.606445,0.604945,0.805439,0.509598,0.703891,0.505629,0.51005,0.409828,0.505884,0.408012
2016-08,0.604371,0.50901,0.615878,0.612914,0.605345,0.606931,0.617542,0.563353,0.406198,0.458915,0.610254,0.608423,0.419393,0.364139,0.422673,0.413682
2016-09,0.504429,0.702316,0.602208,0.701255,0.702872,0.70204,0.602208,0.602294,0.604638,0.503789,0.601074,0.651463,0.409812,0.454961,0.601074,0.551377
2016-10,0.41453,0.413119,0.516242,0.515099,0.412996,0.411557,0.516242,0.5128,0.508497,0.360212,0.705063,0.608477,0.410462,0.262788,0.704002,0.410981
2016-11,0.507272,0.657933,0.718679,0.567846,0.519755,0.662589,0.718679,0.568071,0.515824,0.565144,0.425018,0.520833,0.51829,0.416668,0.329547,0.473785
2016-12,0.600835,0.652282,0.411856,0.458418,0.600888,0.601825,0.512108,0.507257,0.600917,0.55117,0.600456,0.451908,0.510265,0.455973,0.701101,0.501994
2017-01,0.502214,0.456939,0.411002,0.507498,0.600322,0.45721,0.410954,0.557343,0.407962,0.357655,0.604456,0.45641,0.309077,0.357831,0.503846,0.454717
2017-02,0.507588,0.604167,0.61089,0.413488,0.507588,0.509099,0.51089,0.50865,0.319134,0.363725,0.704604,0.505651,0.319134,0.415176,0.4143,0.360447
2017-03,0.40501,0.505125,0.602408,0.453958,0.40501,0.503585,0.602556,0.453901,0.206666,0.255084,0.605784,0.405173,0.305296,0.205539,0.605613,0.356413
2017-04,0.315093,0.461476,0.304477,0.407016,0.216636,0.461726,0.402549,0.406899,0.411935,0.459605,0.40559,0.310218,0.413638,0.409588,0.305428,0.307268
2017-05,0.405094,0.456026,0.213247,0.457063,0.306163,0.405917,0.212621,0.308806,0.405085,0.456573,0.405679,0.356467,0.304272,0.457161,0.305976,0.357745
2017-06,0.605782,0.507162,0.802587,0.607561,0.610336,0.507162,0.707791,0.509188,0.409249,0.457694,0.70919,0.605407,0.212558,0.357556,0.710561,0.607655
2017-07,0.502137,0.60147,0.700132,0.503844,0.501461,0.60147,0.700132,0.503339,0.505262,0.503493,0.600784,0.505596,0.40917,0.45878,0.701174,0.454534
2017-08,0.405194,0.411091,0.611568,0.362505,0.405194,0.411091,0.608774,0.362505,0.214053,0.359232,0.50731,0.360407,0.412961,0.407541,0.505601,0.408952
2017-09,0.506921,0.507484,0.604792,0.458227,0.506921,0.457219,0.506072,0.558017,0.309013,0.307286,0.603439,0.455993,0.308485,0.357588,0.513169,0.458707
2017-10,0.511118,0.365054,0.415725,0.463666,0.40908,0.364196,0.412157,0.414914,0.312512,0.363662,0.516952,0.413133,0.312512,0.312848,0.612533,0.414507
2017-11,0.701236,0.454747,0.50658,0.357383,0.803026,0.404747,0.408508,0.307005,0.7,0.404353,0.603248,0.505015,0.602294,0.405485,0.503711,0.455013
2017-12,0.512931,0.609163,0.50769,0.462262,0.505568,0.55959,0.507248,0.511921,0.616103,0.409619,0.606846,0.50955,0.615645,0.409893,0.609221,0.461034
2018-01,0.506891,0.555707,0.409542,0.408916,0.606644,0.55481,0.409542,0.407365,0.208155,0.355902,0.510214,0.506436,0.406278,0.307067,0.411449,0.508748
2018-02,0.310301,0.363848,0.312269,0.265076,0.311032,0.412939,0.312269,0.264343,0.602687,0.507142,0.609756,0.361296,0.308902,0.407937,0.317278,0.312465
2018-03,0.711223,0.460955,0.410692,0.409453,0.711223,0.458303,0.410692,0.41031,0.609989,0.507773,0.609554,0.457639,0.610894,0.360465,0.509456,0.457405
2018-04,0.511281,0.509711,0.410211,0.508544,0.503173,0.511023,0.409814,0.508544,0.510154,0.45884,0.606701,0.410519,0.5146,0.410184,0.209935,0.307281
2018-05,0.504905,0.409519,0.310825,0.459531,0.507354,0.359408,0.310825,0.459531,0.312827,0.4071,0.703491,0.555189,0.313085,0.409318,0.701881,0.553592
2018-06,0.602645,0.557145,0.8,0.509035,0.7,0.652891,0.7,0.508721,0.510067,0.508072,0.705989,0.510526,0.508946,0.504427,0.504209,0.510759
2018-07,0.513443,0.560764,0.9,0.705887,0.613226,0.60845,0.8,0.705777,0.617218,0.561356,0.809388,0.612124,0.714265,0.561629,0.70085,0.562453
2018-08,0.513986,0.461951,0.702099,0.410585,0.513986,0.461951,0.702099,0.410585,0.315082,0.611166,0.504927,0.364447,0.315082,0.611166,0.504927,0.364447
2018-09,0.211059,0.264034,0.605225,0.262257,0.211059,0.264034,0.605225,0.262257,0.308402,0.460147,0.215808,0.262125,0.308402,0.460147,0.215808,0.262125
2018-10,0.419588,0.515887,0.524111,0.468323,0.419588,0.515887,0.524111,0.468323,0.518685,0.565315,0.520892,0.465967,0.518685,0.565315,0.520892,0.465967
2018-11,0.502009,0.452171,0.7,0.502124,0.502009,0.452171,0.7,0.502124,0.704607,0.454335,0.415639,0.413446,0.704607,0.454335,0.415639,0.413446
2018-12,0.408368,0.457405,0.802937,0.509861,0.408368,0.457405,0.802937,0.509861,0.805257,0.556801,0.502399,0.409412,0.805257,0.556801,0.502399,0.409412
2019-01,0.600998,0.654242,0.500073,0.404907,0.600998,0.654242,0.500073,0.404907,0.506261,0.31383,0.614702,0.559515,0.506261,0.31383,0.614702,0.559515
2019-02,0.608259,0.558715,0.606021,0.360274,0.608259,0.558715,0.606021,0.360274,0.604149,0.457051,0.710084,0.50905,0.604149,0.457051,0.710084,0.50905
2019-03,0.508194,0.460554,0.801924,0.411005,0.508194,0.460554,0.801924,0.411005,0.314768,0.458273,0.602999,0.652129,0.314768,0.458273,0.602999,0.652129
2019-04,0.607314,0.458254,0.70491,0.411073,0.607314,0.458254,0.70491,0.411073,0.506406,0.50591,0.613081,0.408424,0.506406,0.50591,0.613081,0.408424
2019-05,0.712794,0.463689,0.716261,0.512963,0.712794,0.463689,0.716261,0.512963,0.225526,0.514204,0.315418,0.459769,0.225526,0.514204,0.315418,0.459769
2019-06,0.404221,0.305777,0.411519,0.506597,0.404221,0.305777,0.411519,0.506597,0.503687,0.652261,0.50803,0.356865,0.503687,0.652261,0.50803,0.356865
2019-07,0.225473,0.365188,0.419793,0.56319,0.225473,0.315188,0.419793,0.56319,0.615335,0.562937,0.42028,0.563465,0.416455,0.413388,0.616621,0.463259
2019-08,0.131492,0.368956,0.421883,0.368786,0.231296,0.369522,0.421883,0.368786,0.521252,0.522968,0.232976,0.172972,0.2301,0.418549,0.228212,0.369643
2019-09,0.314371,0.458403,0.709436,0.509093,0.31474,0.408984,0.709436,0.509307,0.514462,0.462366,0.215662,0.21496,0.419617,0.368849,0.414289,0.462848
2019-10,0.515241,0.415666,0.615602,0.51012,0.515712,0.463072,0.615602,0.510123,0.617641,0.462354,0.619773,0.416409,0.517077,0.266598,0.618235,0.612792
2019-11,0.515177,0.412532,0.512192,0.362574,0.513125,0.51269,0.71061,0.412574,0.411522,0.411745,0.511484,0.558481,0.320225,0.414246,0.41559,0.559752
2019-12,0.413701,0.411873,0.509965,0.459653,0.509054,0.509664,0.410708,0.508127,0.410547,0.216436,0.308562,0.363145,0.413311,0.557264,0.416001,0.460149
2020-01,0.33398,0.472899,0.431108,0.471784,0.429438,0.522636,0.431108,0.47151,0.329869,0.374179,0.33162,0.472287,0.422316,0.465679,0.620246,0.614746
2020-02,0.308562,0.40811,0.507399,0.457224,0.309549,0.408216,0.507399,0.457971,0.605848,0.311243,0.30346,0.257312,0.313857,0.411276,0.41611,0.359372
2020-03,0.82771,0.813559,0.273181,0.297795,0.82771,0.813988,0.273181,0.297795,0.730831,0.693509,0.547205,0.492094,0.373717,0.593358,0.727228,0.494513
2020-04,0.515492,0.559412,0.510213,0.508235,0.512842,0.41083,0.510213,0.508235,0.50694,0.267737,0.508867,0.408496,0.511583,0.463217,0.501401,0.366359
2020-05,0.31115,0.25813,0.601138,0.606096,0.408976,0.308994,0.601837,0.606096,0.407235,0.458025,0.309539,0.308297,0.213956,0.309281,0.409929,0.45714
2020-06,0.611712,0.5641,0.522388,0.46452,0.611257,0.561598,0.522388,0.416148,0.319233,0.364428,0.310402,0.357226,0.610338,0.559824,0.703593,0.609214
2020-07,0.404371,0.572248,0.419965,0.472108,0.501428,0.5566,0.419965,0.511757,0.631754,0.719774,0.33649,0.423965,0.330747,0.368585,0.422529,0.371278
2020-08,0.333622,0.369941,0.51784,0.469476,0.516762,0.469279,0.617202,0.56399,0.228575,0.172016,0.210545,0.173919,0.415673,0.372537,0.337166,0.371941
2020-09,0.322168,0.415254,0.52017,0.516002,0.320041,0.414544,0.720932,0.417886,0.422098,0.414825,0.7,0.509803,0.513527,0.463475,0.604654,0.553894
2020-10,0.321688,0.368489,0.415084,0.315523,0.321688,0.324293,0.514732,0.315523,0.227538,0.272402,0.222301,0.217931,0.43878,0.324945,0.413092,0.31059
2020-11,0.423995,0.610805,0.518161,0.514289,0.521095,0.560759,0.518161,0.611596,0.233619,0.174212,0.228695,0.270705,0.239455,0.367166,0.418379,0.219055
2020-12,0.410585,0.411203,0.512273,0.362772,0.410671,0.41162,0.512273,0.414529,0.517997,0.314691,0.216768,0.165979,0.128101,0.317131,0.617132,0.461942
2021-01,0.410597,0.410087,0.317016,0.312628,0.312799,0.46009,0.319187,0.410956,0.312885,0.216336,0.0241815,0.117057,0.318598,0.359101,0.404567,0.206599
2021-02,0.701761,0.56389,0.71797,0.521163,0.701761,0.562317,0.72089,0.61846,0.51273,0.373917,0.517273,0.366123,0.328392,0.424163,0.622714,0.42135
2021-03,0.522876,0.563838,0.624454,0.616161,0.522199,0.517159,0.526052,0.566797,0.428979,0.465881,0.522092,0.469309,0.330569,0.519296,0.619369,0.470628
2021-04,0.405455,0.506046,0.40786,0.554579,0.407844,0.455582,0.40786,0.505225,0.208294,0.257839,0.604559,0.355087,0.306104,0.357871,0.801852,0.602251
2021-05,0.508191,0.508378,0.608579,0.557817,0.508191,0.556228,0.708213,0.557526,0.325783,0.175065,0.319689,0.316628,0.137066,0.420405,0.415044,0.363303
2021-06,0.8,0.700936,0.704333,0.610117,0.800368,0.700867,0.704169,0.557578,0.502667,0.411632,0.520386,0.366935,0.411855,0.363136,0.600881,0.514393
2021-07,0.421274,0.463981,0.705805,0.310947,0.421274,0.463915,0.705805,0.361347,0.418827,0.363021,0.515194,0.311956,0.614322,0.510312,0.604097,0.555341
2021-08,0.511928,0.461468,0.41735,0.361065,0.511928,0.461468,0.41735,0.361065,0.318167,0.218706,0.601527,0.509344,0.318167,0.218706,0.601527,0.509344
2021-09,0.708602,0.658862,0.505549,0.460644,0.708602,0.658862,0.505549,0.460644,0.417161,0.270424,0.317294,0.26385,0.417161,0.270424,0.317294,0.26385
2021-10,0.701528,0.515448,0.417865,0.319509,0.701528,0.515448,0.417865,0.319509,0.414683,0.22026,0.404228,0.460803,0.414683,0.22026,0.404228,0.460803
2021-11,0.619545,0.614911,0.616795,0.516391,0.619545,0.614911,0.616795,0.516391,0.518632,0.46844,0.219327,0.264572,0.518632,0.46844,0.219327,0.264572
2021-12,0.707348,0.45749,0.607616,0.410164,0.707348,0.45749,0.607616,0.410164,0.321237,0.217949,0.408009,0.407881,0.321237,0.217949,0.408009,0.407881
2022-01,0.52347,0.520597,0.619262,0.46819,0.52347,0.520597,0.619262,0.46819,0.327416,0.425232,0.316603,0.370785,0.327416,0.425232,0.316603,0.370785
2022-02,0.422238,0.422997,0.329458,0.321521,0.422238,0.422997,0.329458,0.321521,0.435584,0.373939,0.412317,0.227012,0.435584,0.373939,0.412317,0.227012
2022-03,0.50261,0.457706,0.615532,0.517801,0.50261,0.457706,0.615532,0.517801,0.229868,0.322434,0.325405,0.225818,0.229868,0.322434,0.325405,0.225818
2022-04,0.704561,0.715506,0.527787,0.471979,0.704561,0.715506,0.527787,0.471979,0.331775,0.426285,0.324573,0.130436,0.331775,0.426285,0.324573,0.130436
2022-05,0.613546,0.663067,0.60459,0.411377,0.613546,0.663067,0.60459,0.411377,0.416591,0.363143,0.229661,0.268252,0.416591,0.363143,0.229661,0.268252
2022-06,0.707244,0.655909,0.700927,0.603087,0.707244,0.655909,0.700927,0.603087,0.416026,0.371754,0.108838,0.315672,0.416026,0.371754,0.108838,0.315672
2022-07,0.602808,0.654218,0.707959,0.609962,0.602808,0.652479,0.707959,0.707893,0.608959,0.317381,0.235501,0.231978,0.513264,0.317685,0.335501,0.231227
2022-08,0.600327,0.506435,0.507796,0.360801,0.514471,0.557476,0.512701,0.360838,0.312531,0.210575,0.316423,0.118705,0.403416,0.26365,0.318791,0.212992
2022-09,0.406694,0.554033,0.411921,0.314939,0.506312,0.458062,0.414839,0.409111,0.315924,0.213097,0.122051,0.213672,0.313731,0.314159,0.212531,0.36597
2022-10,0.621621,0.765352,0.507209,0.360913,0.815202,0.811257,0.507209,0.41321,0.420838,0.223187,0.221054,0.218855,0.32118,0.218083,0.415117,0.364863
2022-11,0.523294,0.467327,0.616995,0.267033,0.815204,0.318964,0.617016,0.267033,0.309887,0.258064,0.315465,0.166482,0.510731,0.168004,0.317784,0.164391
2022-12,0.605513,0.608581,0.526703,0.319322,0.605283,0.558356,0.426703,0.269157,0.315012,0.166745,0.211254,0.26268,0.232125,0.273297,0.305681,0.40762
2023-01,0.614788,0.705597,0.709884,0.704936,0.708138,0.611371,0.710272,0.704936,0.228569,0.278081,0.322222,0.268911,0.413663,0.275417,0.323355,0.270088
2023-02,0.605514,0.802132,0.600525,0.603565,0.7,0.753404,0.600525,0.603565,0.412446,0.2588,0.327178,0.26945,0.425139,0.120213,0.608594,0.410349
2023-03,0.507883,0.460419,0.515727,0.510904,0.505248,0.508929,0.608871,0.510461,0.41833,0.267489,0.215782,0.318432,0.316794,0.312794,0.604823,0.363064
2023-04,0.6186,0.512314,0.518863,0.314384,0.621287,0.562695,0.420716,0.464119,0.322284,0.315864,0.318903,0.360081,0.615409,0.461742,0.418097,0.410702
2023-05,0.422562,0.520728,0.522906,0.462207,0.420046,0.471147,0.425248,0.510319,0.425028,0.327162,0.422624,0.269468,0.326202,0.471057,0.414133,0.174654
2023-06,0.510742,0.411555,0.508039,0.457687,0.509839,0.36234,0.608039,0.45738,0.329351,0.410606,0.311997,0.310569,0.322828,0.412985,0.312279,0.266872
2023-07,0.60234,0.502883,0.604694,0.357111,0.601156,0.452883,0.604167,0.357,0.408972,0.354577,0.302073,0.256222,0.503822,0.255886,0.401803,0.158296
2023-08,0.508691,0.409426,0.508536,0.410891,0.311783,0.458571,0.508536,0.361077,0.115227,0.25979,0.314814,0.360152,0.11531,0.260657,0.415959,0.264206
2023-09,0.308229,0.362229,0.409503,0.362657,0.325579,0.263526,0.40919,0.313434,0.224667,0.320639,0.501983,0.259538,0.319998,0.269766,0.311048,0.416565
2023-10,0.712942,0.463391,0.718331,0.361164,0.514622,0.366985,0.813749,0.3608,0.300972,0.407448,0.425726,0.364575,0.213124,0.420365,0.6,0.416658
2023-11,0.7,0.507926,0.611628,0.513116,0.601299,0.408961,0.611124,0.513116,0.419557,0.213332,0.315944,0.215306,0.306925,0.409231,0.310504,0.316072
2023-12,0.602318,0.413114,0.311499,0.411694,0.601867,0.409568,0.312463,0.411694,0.218397,0.211286,0.209321,0.218273,0.315339,0.261232,0.306776,0.310424
2024-01,0.514873,0.608914,0.613408,0.609074,0.515884,0.609366,0.613408,0.609074,0.314084,0.216471,0.316481,0.361737,0.231135,0.22581,0.319167,0.270368
2024-02,0.514601,0.312871,0.414096,0.312848,0.517148,0.313046,0.414096,0.313059,0.118612,0.215815,0.323837,0.315866,0.124919,0.220619,0.411878,0.214987
2024-03,0.217705,0.214514,0.408238,0.409635,0.31549,0.313217,0.408238,0.409635,0.413492,0.2171,0.40653,0.207959,0.130337,0.267248,0.512868,0.360604
2024-04,0.508005,0.312907,0.413922,0.412507,0.508005,0.362598,0.413922,0.312907,0.223098,0.217238,0.321509,0.267787,0.212838,0.261646,0.415764,0.410542
2024-05,0.410278,0.45904,0.8,0.409013,0.410985,0.459391,0.8,0.409732,0.316142,0.262103,0.212836,0.262675,0.211384,0.260852,0.212624,0.26076
2024-06,0.701536,0.459714,0.604909,0.508585,0.8,0.459714,0.604909,0.508585,0.506142,0.409379,0.411452,0.407755,0.314586,0.366445,0.509263,0.410327
2024-07,0.8,0.656084,0.6,0.460698,0.9,0.656084,0.600468,0.460698,0.611391,0.613288,0.319843,0.423503,0.70584,0.566986,0.709044,0.521563
2024-08,0.51209,0.462051,0.708147,0.508462,0.51209,0.462051,0.708147,0.508462,0.500292,0.454292,0.601287,0.40514,0.500292,0.454292,0.601287,0.40514
2024-09,0.406581,0.40501,0.606027,0.503797,0.406581,0.40501,0.606027,0.503797,0.50197,0.505095,0.303456,0.453763,0.50197,0.505095,0.303456,0.453763
2024-10,0.501065,0.453187,0.510224,0.354573,0.501065,0.453187,0.510224,0.354573,0.505237,0.40951,0.605272,0.461226,0.505237,0.40951,0.605272,0.461226
2024-11,0.417452,0.323704,0.514057,0.418174,0.417452,0.323704,0.514057,0.418174,0.229006,0.221052,0.413369,0.317765,0.229006,0.221052,0.413369,0.317765
2024-12,0.614553,0.362897,0.600448,0.362293,0.614553,0.362897,0.600448,0.362293,0.324536,0.222757,0.219511,0.172511,0.324536,0.222757,0.219511,0.172511
2025-01,0.613077,0.414672,0.717061,0.415038,0.613077,0.414672,0.717061,0.415038,0.226863,0.269145,0.409533,0.367377,0.226863,0.269145,0.409533,0.367377
2025-02,0.633498,0.576137,0.718233,0.661174,0.633498,0.576137,0.718233,0.661174,0.51372,0.365995,0.338238,0.325577,0.51372,0.365995,0.338238,0.325577
2025-03,0.6,0.308988,0.416001,0.365806,0.6,0.308988,0.416001,0.365806,0.507362,0.371716,0.315073,0.26519,0.507362,0.371716,0.315073,0.26519
2025-04,0.602789,0.653632,0.60844,0.363446,0.602789,0.653632,0.60844,0.363446,0.403053,0.314288,0.318875,0.268136,0.403053,0.314288,0.318875,0.268136
2025-05,0.318525,0.365808,0.317633,0.464261,0.318525,0.365808,0.317633,0.464261,0.315508,0.313729,0.317456,0.414691,0.315508,0.313729,0.317456,0.414691
2025-06,0.408856,0.410371,0.404963,0.31084,0.408856,0.410371,0.404963,0.31084,0.406754,0.316526,0.314593,0.414917,0.406754,0.316526,0.314593,0.414917
2025-07,0.706471,0.356565,0.612121,0.320207,0.508572,0.311499,0.512121,0.320207,0.800554,0.464488,0.804153,0.655582,0.517905,0.462423,0.711438,0.459197
2025-08,0.511219,0.413876,0.410498,0.357899,0.513885,0.315836,0.607679,0.310283,0.412608,0.362388,0.504459,0.264797,0.30918,0.411606,0.503075,0.216313
2025-09,0.615819,0.42314,0.334573,0.272254,0.621851,0.473147,0.334573,0.222086,0.423259,0.176186,0.334488,0.175964,0.424331,0.329206,0.33109,0.129769
2025-10,0.60354,0.460794,0.509272,0.416757,0.70197,0.410853,0.502726,0.416757,0.605071,0.410928,0.420672,0.224906,0.308582,0.358685,0.320211,0.270759
2025-11,0.706159,0.353334,0.70061,0.308318,0.606159,0.353334,0.8,0.262169,0.510144,0.266663,0.408693,0.261488,0.515216,0.414179,0.406477,0.360438
2025-12,0.603987,0.360579,0.803559,0.509928,0.505758,0.261323,0.703617,0.559161,0.508898,0.411896,0.506087,0.313871,0.315227,0.408726,0.506792,0.310814
2026-01,0.613929,0.469138,0.522406,0.418559,0.518953,0.519138,0.425416,0.418559,0.418273,0.313422,0.311797,0.357235,0.326553,0.219187,0.409151,0.306962
2026-02,0.714915,0.272796,0.616026,0.365159,0.517628,0.32109,0.515969,0.318966,0.523306,0.274013,0.719846,0.36248,0.705518,0.412358,0.519271,0.225174
2026-03,0.508793,0.408534,0.71422,0.511917,0.701847,0.408534,0.71422,0.463623,0.522218,0.471261,0.706063,0.361942,0.61612,0.467142,0.602859,0.27294
2026-04,0.515536,0.465951,0.415014,0.464458,0.514983,0.465951,0.415014,0.513954,0.607829,0.329616,0.712329,0.320938,0.723872,0.381518,0.315228,0.278267
2026-05,0.320959,0.369315,0.320571,0.367915,0.221792,0.416766,0.228649,0.367915,0.426242,0.272186,0.314451,0.31547,0.316202,0.219413,0.316305,0.263334
2026-06,0.418191,0.559984,0.521137,0.566286,0.512288,0.561216,0.521137,0.566286,0.615226,0.279061,0.515626,0.514838,0.511503,0.272776,0.4186,0.429626
