date,spread,z,phase,held_position,event
2025-01-13,-0.084534177,-4.4504536,formation,0,
2025-01-14,-0.071146369,-3.7456284,formation,0,
2025-01-15,-0.060032923,-3.160541,formation,0,
2025-01-16,-0.050349601,-2.6507452,formation,0,
2025-01-17,-0.04974442,-2.6188843,formation,0,
2025-01-21,-0.045503437,-2.3956101,formation,0,
2025-01-22,-0.048140987,-2.5344687,formation,0,
2025-01-23,-0.045775206,-2.4099179,formation,0,
2025-01-24,-0.039401922,-2.0743849,formation,0,
2025-01-27,-0.031626723,-1.6650457,formation,0,
2025-01-28,-0.03405581,-1.7929293,formation,0,
2025-01-29,-0.033238746,-1.7499135,formation,0,
2025-01-30,-0.029177368,-1.5360949,formation,0,
2025-01-31,-0.032512445,-1.711676,formation,0,
2025-02-03,-0.029153327,-1.5348292,formation,0,
2025-02-04,-0.03805229,-2.0033312,formation,0,
2025-02-05,-0.021163972,-1.1142153,formation,0,
2025-02-06,-0.015095417,-0.79472532,formation,0,
2025-02-07,-0.0096246735,-0.50670822,formation,0,
2025-02-10,-0.019474617,-1.0252762,formation,0,
2025-02-11,-0.010560186,-0.55595995,formation,0,
2025-02-12,-0.013958733,-0.73488254,formation,0,
2025-02-13,-0.015700414,-0.82657649,formation,0,
2025-02-14,-0.01352157,-0.71186734,formation,0,
2025-02-18,-0.0048493008,-0.25530015,formation,0,
2025-02-19,-0.0041445335,-0.21819641,formation,0,
2025-02-20,-0.0147486,-0.77646652,formation,0,
2025-02-21,-0.012365807,-0.6510201,formation,0,
2025-02-24,-0.0059354737,-0.31248367,formation,0,
2025-02-25,-0.0031921545,-0.16805671,formation,0,
2025-02-26,-0.0030477496,-0.16045425,formation,0,
2025-02-27,0.010575291,0.5567552,formation,0,
2025-02-28,0.021682297,1.1415035,formation,0,
2025-03-03,0.023621654,1.2436044,formation,0,
2025-03-04,-0.0022285613,-0.11732661,formation,0,
2025-03-05,-0.0048889376,-0.2573869,formation,0,
2025-03-06,-0.007189508,-0.37850456,formation,0,
2025-03-07,-0.011435861,-0.60206145,formation,0,
2025-03-10,-0.013751964,-0.72399686,formation,0,
2025-03-11,-0.016827029,-0.88588918,formation,0,
2025-03-12,-0.018596236,-0.97903225,formation,0,
2025-03-13,-0.0099229573,-0.52241191,formation,0,
2025-03-14,0.0012237823,0.064428215,formation,0,
2025-03-17,0.012022159,0.63292817,formation,0,
2025-03-18,0.020857114,1.0980602,formation,0,
2025-03-19,0.021184781,1.1153109,formation,0,
2025-03-20,0.023930923,1.2598864,formation,0,
2025-03-21,0.018282711,0.96252614,formation,0,
2025-03-24,0.015170824,0.79869529,formation,0,
2025-03-25,0.01629225,0.85773474,formation,0,
2025-03-26,0.020670402,1.0882305,formation,0,
2025-03-27,0.018321754,0.96458167,formation,0,
2025-03-28,0.016465987,0.86688144,formation,0,
2025-03-31,0.027393574,1.4421839,formation,0,
2025-04-01,0.020381544,1.073023,formation,0,
2025-04-02,0.018060751,0.95084065,formation,0,
2025-04-03,0.0024220707,0.12751426,formation,0,
2025-04-04,-0.048905121,-2.5746979,formation,0,
2025-04-07,-0.044746211,-2.3557446,formation,0,
2025-04-08,-0.035160815,-1.8511042,formation,0,
2025-04-09,-0.02032597,-1.0700972,formation,0,
2025-04-10,-0.026373322,-1.3884709,formation,0,
2025-04-11,-0.01534811,-0.8080288,formation,0,
2025-04-14,-0.006735272,-0.35459049,formation,0,
2025-04-15,-0.00015024911,-0.007910134,formation,0,
2025-04-16,-0.0019536354,-0.10285265,formation,0,
2025-04-17,-0.0028893469,-0.15211486,formation,0,
2025-04-21,-0.0094175765,-0.49580523,formation,0,
2025-04-22,0.0056949185,0.29981921,formation,0,
2025-04-23,0.0051343251,0.27030577,formation,0,
2025-04-24,0.005147321,0.27098996,formation,0,
2025-04-25,-0.0096011909,-0.50547194,formation,0,
2025-04-28,-0.006680507,-0.35170729,formation,0,
2025-04-29,-0.00030276799,-0.015939764,formation,0,
2025-04-30,0.0066551382,0.3503717,formation,0,
2025-05-01,0.0033668029,0.17725138,formation,0,
2025-05-02,0.015251946,0.80296607,formation,0,
2025-05-05,0.014776303,0.77792502,formation,0,
2025-05-06,0.014003212,0.73722424,formation,0,
2025-05-07,0.015540253,0.81814455,formation,0,
2025-05-08,0.017231825,0.90720037,formation,0,
2025-05-09,0.014544078,0.76569911,formation,0,
2025-05-12,0.0074596461,0.39272647,formation,0,
2025-05-13,0.0042283094,0.22260694,formation,0,
2025-05-14,-0.0006693436,-0.035238796,formation,0,
2025-05-15,0.0072272002,0.38048894,formation,0,
2025-05-16,0.0079858792,0.42043095,formation,0,
2025-05-19,0.0098796344,0.5201311,formation,0,
2025-05-20,0.0073596137,0.38746008,formation,0,
2025-05-21,-0.0018438825,-0.097074505,formation,0,
2025-05-22,-0.0054380638,-0.28629663,formation,0,
2025-05-23,-0.0039779218,-0.20942484,formation,0,
2025-05-27,-0.002829605,-0.14896964,formation,0,
2025-05-28,-0.0043703621,-0.23008556,formation,0,
2025-05-29,0.00052154558,0.027457704,formation,0,
2025-05-30,0.0057360044,0.30198225,formation,0,
2025-06-02,0.0048214632,0.25383459,formation,0,
2025-06-03,0.0038126682,0.20072477,formation,0,
2025-06-04,-0.00039862862,-0.02098652,formation,0,
2025-06-05,0.011135226,0.58623395,formation,0,
2025-06-06,0.016277764,0.85697214,formation,0,
2025-06-09,0.0063374715,0.33364757,formation,0,
2025-06-10,0.00085579556,0.045054894,formation,0,
2025-06-11,0.004118215,0.21681082,formation,0,
2025-06-12,0.0067561247,0.35568832,formation,0,
2025-06-13,-0.0086653694,-0.45620394,formation,0,
2025-06-16,-0.0033132561,-0.17443232,formation,0,
2025-06-17,0.00066163682,0.034833059,formation,0,
2025-06-18,-2.3386301e-06,-0.00012312138,formation,0,
2025-06-20,0.0021171778,0.11146263,formation,0,
2025-06-23,0.0036499168,0.19215643,formation,0,
2025-06-24,0.015397091,0.8106075,formation,0,
2025-06-25,0.018726691,0.98590028,formation,0,
2025-06-26,0.020967421,1.1038675,formation,0,
2025-06-27,0.014620336,0.76971385,formation,0,
2025-06-30,0.02609935,1.3740471,formation,0,
2025-07-01,0.029232623,1.539004,formation,0,
2025-07-02,0.024004594,1.2637649,formation,0,
2025-07-03,0.031735328,1.6707634,formation,0,
2025-07-07,0.029253569,1.5401067,formation,0,
2025-07-08,0.022190656,1.1682669,formation,0,
2025-07-09,0.022517071,1.1854516,formation,0,
2025-07-10,0.022265556,1.1722102,formation,0,
2025-07-11,0.011624718,0.61200418,formation,0,
2025-07-14,0.017005697,0.89529547,formation,0,
2025-07-15,0.0077941026,0.41033453,formation,0,
2025-07-16,0.013719143,0.72226894,formation,0,
2025-07-17,0.021378037,1.1254852,formation,0,
2025-07-18,0.017016976,0.89588926,formation,0,
2025-07-21,0.011519666,0.60647353,formation,0,
2025-07-22,0.011403793,0.60037317,formation,0,
2025-07-23,0.016695987,0.87899023,formation,0,
2025-07-24,0.025469646,1.3408953,formation,0,
2025-07-25,0.027243001,1.4342567,formation,0,
2025-07-28,0.017045479,0.89738986,formation,0,
2025-07-29,0.015817177,0.83272368,formation,0,
2025-07-30,0.017469699,0.91972366,formation,0,
2025-07-31,0.015642562,0.82353077,formation,0,
2025-08-01,0.010605246,0.5583322,formation,0,
2025-08-04,0.013940261,0.73391006,formation,0,
2025-08-05,0.009170448,0.48279471,formation,0,
2025-08-06,0.0024844463,0.13079814,formation,0,
2025-08-07,-0.0085675217,-0.45105257,formation,0,
2025-08-08,-0.00024288627,-0.012787184,formation,0,
2025-08-11,-0.0020769626,-0.10934543,formation,0,
2025-08-12,0.004100942,0.21590146,formation,0,
2025-08-13,0.002181351,0.11484114,formation,0,
2025-08-14,0.0075419195,0.3970579,formation,0,
2025-08-15,-0.0015458667,-0.081384931,formation,0,
2025-08-18,-0.0030265356,-0.1593374,formation,0,
2025-08-19,-0.00085585098,-0.045057812,formation,0,
2025-08-20,0.0098171269,0.51684028,formation,0,
2025-08-21,0.0099254551,0.52254341,formation,0,
2025-08-22,0.0095615003,0.50338236,formation,0,
2025-08-25,0.0048871681,0.25729374,formation,0,
2025-08-26,0.0099881704,0.52584517,formation,0,
2025-08-27,0.011915987,0.62733853,formation,0,
2025-08-28,0.012260091,0.64545449,formation,0,
2025-08-29,0.020645079,1.0868973,formation,0,
2025-09-02,0.017401273,0.91612127,formation,0,
2025-09-03,0.013462654,0.70876559,formation,0,
2025-09-04,0.013744146,0.72358523,formation,0,
2025-09-05,-0.0046196316,-0.2432088,formation,0,
2025-09-08,-0.0060276441,-0.31733615,formation,0,
2025-09-09,-0.0009235888,-0.048623991,formation,0,
2025-09-10,0.0024308589,0.12797693,formation,0,
2025-09-11,0.0078848185,0.41511043,formation,0,
2025-09-12,0.0007274269,0.038296696,formation,0,
2025-09-15,-0.0063378971,-0.33366998,formation,0,
2025-09-16,-0.012005556,-0.63205404,formation,0,
2025-09-17,-0.00093262066,-0.04909949,formation,0,
2025-09-18,0.0025217863,0.13276397,formation,0,
2025-09-19,0.0026229037,0.13808748,formation,0,
2025-09-22,0.0031161696,0.16405635,formation,0,
2025-09-23,0.003951351,0.20802597,formation,0,
2025-09-24,-0.0027794764,-0.14633053,formation,0,
2025-09-25,0.00255454,0.13448834,formation,0,
2025-09-26,0.0016160829,0.085081587,formation,0,
2025-09-29,0.0041712235,0.21960155,formation,0,
2025-09-30,0.0019651786,0.10346036,formation,0,
2025-10-01,-0.010476283,-0.55154271,formation,0,
2025-10-02,-0.007173982,-0.37768717,formation,0,
2025-10-03,0.0033481884,0.17627139,formation,0,
2025-10-06,-0.0018022374,-0.094882027,formation,0,
2025-10-07,0.0093825098,0.49395908,formation,0,
2025-10-08,0.0028761729,0.15142129,formation,0,
2025-10-09,0.0021187858,0.11154728,formation,0,
2025-10-10,-0.0042714194,-0.22487655,formation,0,
2025-10-13,-0.0070922446,-0.37338395,formation,0,
2025-10-14,0.0026905364,0.14164812,formation,0,
2025-10-15,0.0018794089,0.098944857,formation,0,
2025-10-16,-0.020874911,-1.0989972,formation,0,
2025-10-17,-0.017587226,-0.92591111,formation,0,
2025-10-20,-0.01038652,-0.546817,formation,0,
2025-10-21,-0.018325602,-0.96478425,formation,0,
2025-10-22,-0.019639476,-1.0339555,formation,0,
2025-10-23,-0.020060732,-1.0561333,formation,0,
2025-10-24,-0.0076013425,-0.40018633,formation,0,
2025-10-27,-0.011461496,-0.60341105,formation,0,
2025-10-28,-0.01799652,-0.9474591,formation,0,
2025-10-29,-0.030490322,-1.6052178,formation,0,
2025-10-30,-0.015028033,-0.79117776,formation,0,
2025-10-31,-0.026951296,-1.4188994,formation,0,
2025-11-03,-0.036383406,-1.9154698,formation,0,
2025-11-04,-0.021854208,-1.150554,formation,0,
2025-11-05,-0.02519801,-1.3265945,formation,0,
2025-11-06,-0.01573708,-0.82850683,formation,0,
2025-11-07,-0.0095805936,-0.50438756,formation,0,
2025-11-10,-0.013292953,-0.69983141,formation,0,
2025-11-11,-0.01015205,-0.53447289,formation,0,
2025-11-12,0.0022288001,0.11733919,formation,0,
2025-11-13,0.0034339172,0.18078474,formation,0,
2025-11-14,-0.0039368366,-0.20726183,formation,0,
2025-11-17,-0.017903443,-0.94255894,formation,0,
2025-11-18,-0.0090402882,-0.47594221,formation,0,
2025-11-19,-0.0053731847,-0.28288096,formation,0,
2025-11-20,-0.005727946,-0.30155801,formation,0,
2025-11-21,-0.0057038127,-0.30028746,formation,0,
2025-11-24,-0.0088739389,-0.46718445,formation,0,
2025-11-25,-0.0082719238,-0.43549029,formation,0,
2025-11-26,-0.004320952,-0.22748428,formation,0,
2025-11-28,-0.00063532954,-0.033448065,formation,0,
2025-12-01,-0.0092512446,-0.48704839,formation,0,
2025-12-02,-0.009818508,-0.51691299,formation,0,
2025-12-03,-0.002473127,-0.13020221,formation,0,
2025-12-04,0.0015723656,0.082780009,formation,0,
2025-12-05,-0.0011476825,-0.060421809,formation,0,
2025-12-08,0.0033103324,0.17427839,formation,0,
2025-12-09,-0.00038907374,-0.020483486,formation,0,
2025-12-10,0.0028501998,0.15005388,formation,0,
2025-12-11,0.018679736,0.98342825,formation,0,
2025-12-12,0.017721033,0.93295563,formation,0,
2025-12-15,0.0136944,0.72096626,formation,0,
2025-12-16,0.0063907255,0.33645122,formation,0,
2025-12-17,0.012715462,0.66942832,formation,0,
2025-12-18,0.0026808529,0.14113832,formation,0,
2025-12-19,0.010411637,0.54813933,formation,0,
2025-12-22,0.019262182,1.0140922,formation,0,
2025-12-23,0.022026579,1.1596288,formation,0,
2025-12-24,0.025504083,1.3427082,formation,0,
2025-12-26,0.025998253,1.3687247,formation,0,
2025-12-29,0.026118206,1.3750399,formation,0,
2025-12-30,0.025857464,1.3613126,formation,0,
2025-12-31,0.022833009,1.2020848,formation,0,
2026-01-02,0.030739002,1.61831,formation,0,
2026-01-05,0.04320625,2.2746706,formation,0,
2026-01-06,0.044435319,2.3393772,formation,0,
2026-01-07,0.031115287,1.6381202,formation,0,
2026-01-08,0.027045791,1.4238743,formation,0,
2026-01-09,0.017258671,0.90861372,formation,0,
2026-01-12,0.0088376622,0.4652746,formation,0,
2026-01-13,-0.0091255343,-0.48043014,formation,0,
2026-01-14,-0.0017025952,-0.089636181,trading,0,
2026-01-15,0.0002961402,0.015590833,trading,0,
2026-01-16,0.0034096639,0.17950788,trading,0,
2026-01-20,-0.0048906778,-0.25747851,trading,0,
2026-01-21,-0.01062322,-0.55927848,trading,0,
2026-01-22,-0.0096920786,-0.51025689,trading,0,
2026-01-23,-0.02586189,-1.3615456,trading,0,
2026-01-26,-0.015782919,-0.83092014,trading,0,
2026-01-27,-0.025178832,-1.3255848,trading,0,
2026-01-28,-0.02115629,-1.1138109,trading,0,
2026-01-29,-0.0079724301,-0.4197229,trading,0,
2026-01-30,-0.0099363756,-0.52311834,trading,0,
2026-02-02,-0.0026383043,-0.13889827,trading,0,
2026-02-03,-0.0074218472,-0.39073647,trading,0,
2026-02-04,0.0047097166,0.24795149,trading,0,
2026-02-05,0.0044131858,0.23234009,trading,0,
2026-02-06,0.020171115,1.0619446,trading,0,
2026-02-09,0.016346428,0.86058706,trading,0,
2026-02-10,0.0053896257,0.28374652,trading,0,
2026-02-11,-0.0071502937,-0.37644005,trading,0,
2026-02-12,-0.019461649,-1.0245935,trading,0,
2026-02-13,-0.020476675,-1.0780313,trading,0,
2026-02-17,-0.0092096904,-0.48486069,trading,0,
2026-02-18,-0.0064715029,-0.3407039,trading,0,
2026-02-19,-0.011131489,-0.58603725,trading,0,
2026-02-20,-0.010426983,-0.54894724,trading,0,
2026-02-23,-0.032689016,-1.720972,trading,0,
2026-02-24,-0.036223795,-1.9070668,trading,0,
2026-02-25,-0.020591512,-1.0840771,trading,0,
2026-02-26,-0.0083278414,-0.43843417,trading,0,
2026-02-27,-0.028010354,-1.4746554,trading,0,
2026-03-02,-0.023604104,-1.2426804,trading,0,
2026-03-03,-0.020197914,-1.0633555,trading,0,
2026-03-04,-0.024395459,-1.2843427,trading,0,
2026-03-05,-0.030420536,-1.6015437,trading,0,
2026-03-06,-0.03316556,-1.7460605,trading,0,
2026-03-09,-0.038655512,-2.0350889,trading,0,entry
2026-03-10,-0.043301681,-2.2796948,trading,1,
2026-03-11,-0.050258363,-2.6459418,trading,1,
2026-03-12,-0.053717835,-2.8280719,trading,1,
2026-03-13,-0.049168825,-2.5885811,trading,1,
2026-03-16,-0.047539851,-2.5028209,trading,1,
2026-03-17,-0.047145512,-2.4820601,trading,1,
2026-03-18,-0.046068246,-2.4253456,trading,1,
2026-03-19,-0.041240249,-2.171167,trading,1,
2026-03-20,-0.029317894,-1.5434932,trading,1,
2026-03-23,-0.033674752,-1.7728678,trading,1,
2026-03-24,-0.031231759,-1.6442521,trading,1,
2026-03-25,-0.035345762,-1.8608411,trading,1,
2026-03-26,-0.031557045,-1.6613773,trading,1,
2026-03-27,-0.040729094,-2.1442563,trading,1,
2026-03-30,-0.029184997,-1.5364966,trading,1,
2026-03-31,-0.025824856,-1.3595959,trading,1,
2026-04-01,-0.02860207,-1.5058073,trading,1,
2026-04-02,-0.018311795,-0.96405734,trading,1,
2026-04-06,-0.015855595,-0.83474625,trading,1,
2026-04-07,-0.0093007889,-0.48965674,trading,1,exit
2026-04-08,0.001204145,0.063394375,trading,0,
2026-04-09,-0.0058705166,-0.30906389,trading,0,
2026-04-10,-0.017584251,-0.92575447,trading,0,
2026-04-13,-0.0052877216,-0.2783816,trading,0,
2026-04-14,-0.015209227,-0.80071708,trading,0,
2026-04-15,-0.016004524,-0.84258692,trading,0,
2026-04-16,-0.016081697,-0.84664983,trading,0,
2026-04-17,-0.021492244,-1.1314978,trading,0,
2026-04-20,-0.015170067,-0.79865543,trading,0,
2026-04-21,-0.017243398,-0.90780965,trading,0,
2026-04-22,-0.018777512,-0.98857584,trading,0,
2026-04-23,-0.021034929,-1.1074216,trading,0,
2026-04-24,-0.03289419,-1.7317737,trading,0,
2026-04-27,-0.021316836,-1.1222631,trading,0,
2026-04-28,-0.016590477,-0.87343546,trading,0,
2026-04-29,-0.014427834,-0.75957922,trading,0,
2026-04-30,-0.017575675,-0.92530297,trading,0,
2026-05-01,-0.022934397,-1.2074225,trading,0,
2026-05-04,-0.025196047,-1.3264912,trading,0,
2026-05-05,-0.026663187,-1.4037314,trading,0,
2026-05-06,-0.030294326,-1.5948992,trading,0,
2026-05-07,-0.035950808,-1.8926949,trading,0,
2026-05-08,-0.043474021,-2.2887679,trading,0,entry
2026-05-11,-0.040768912,-2.1463526,trading,1,
2026-05-12,-0.027898583,-1.468771,trading,1,
2026-05-13,-0.041433212,-2.1813259,trading,1,
2026-05-14,-0.035331219,-1.8600755,trading,1,
2026-05-15,-0.02886094,-1.519436,trading,1,
2026-05-18,-0.015405051,-0.81102657,trading,1,
2026-05-19,-0.021612199,-1.137813,trading,1,
2026-05-20,-0.024690903,-1.299897,trading,1,
2026-05-21,-0.026930602,-1.4178099,trading,1,
2026-05-22,-0.025137247,-1.3233955,trading,1,
2026-05-26,-0.028137645,-1.4813569,trading,1,
2026-05-27,-0.046216194,-2.4331346,trading,1,
2026-05-28,-0.051480192,-2.7102672,trading,1,
2026-05-29,-0.039970544,-2.1043211,trading,1,
2026-06-01,-0.030337715,-1.5971835,trading,1,
2026-06-02,-0.026907057,-1.4165704,trading,1,
2026-06-03,-0.034331574,-1.8074474,trading,1,
2026-06-04,-0.011248631,-0.59220441,trading,1,
2026-06-05,0.0024271067,0.12777939,trading,1,exit
2026-06-08,-0.0064783579,-0.34106479,trading,0,
2026-06-09,0.00058337701,0.03071293,trading,0,
2026-06-10,0.007801369,0.41071708,trading,0,
2026-06-11,0.0015562143,0.081929699,trading,0,
2026-06-12,0.013705097,0.72152944,trading,0,
2026-06-15,0.0084471203,0.44471382,trading,0,
2026-06-16,0.023608515,1.2429127,trading,0,
2026-06-17,0.032279885,1.6994325,trading,0,
2026-06-18,0.015327022,0.8069186,trading,0,
2026-06-22,0.030837293,1.6234847,trading,0,
2026-06-23,0.039957275,2.1036225,trading,0,entry
2026-06-24,0.030577236,1.6097935,trading,-1,
2026-06-25,0.033964692,1.7881322,trading,-1,
2026-06-26,0.031194996,1.6423166,trading,-1,
2026-06-29,0.020697369,1.0896501,trading,-1,
2026-06-30,0.017883802,0.94152487,trading,-1,
2026-07-01,0.035622406,1.8754055,trading,-1,
2026-07-02,0.055454804,2.9195177,trading,-1,
2026-07-06,0.060524957,3.1864451,trading,-1,
2026-07-07,0.061867783,3.2571406,trading,-1,
2026-07-08,0.05246223,2.7619683,trading,-1,
2026-07-09,0.055306809,2.9117263,trading,-1,
2026-07-10,0.056498682,2.9744746,trading,-1,
2026-07-13,0.068696132,3.6166312,trading,-1,stop
2026-07-14,0.071331483,3.755374,trading,0,
2026-07-15,0.072787584,3.8320331,trading,0,
2026-07-16,0.074517677,3.9231169,trading,0,
