pair,y,x,sleeve_y,sleeve_x,same_sleeve,fold,beta,eg_pvalue,half_life,oos_half_life,oos_spread_std_vs_formation,oos_mean_abs_z,oos_max_abs_z,oos_gross_pnl_slot,oos_turnover_slot,oos_short_notional_slot,oos_days_in_position,n_trades
SHY/XHB,SHY,XHB,fixed_income,industry,False,0,-0.0884911,0.00586818,6.79497,22.7536,3.1826,7.59836,12.381,-0.000512196,0.1,0.05,1,1
IEF/XLY,IEF,XLY,fixed_income,us_sector,False,0,-0.528911,0.00623655,7.5497,27.2672,1.88222,1.80998,4.58459,0.00159259,0.4,1,21,4
FXI/QQQ,FXI,QQQ,intl_equity,us_broad,False,0,3.40853,0.00754211,6.86447,15.1535,2.20392,3.26677,7.19752,-0.0013558,0.1,0.0226833,2,1
EEM/QQQ,EEM,QQQ,intl_equity,us_broad,False,0,1.72379,0.0113642,5.55326,12.2711,2.36136,5.65075,10.5819,-0.000284888,0.1,0.0183568,1,1
EWJ/XRT,EWJ,XRT,intl_equity,industry,False,0,0.31413,0.0118117,6.21562,7.06081,1.98767,2.05786,6.68496,-0.00126811,0.1,0.035856,3,1
IWM/TLT,IWM,TLT,us_broad,fixed_income,False,0,-0.545393,0.0183718,6.87012,5.39005,1.02745,2.4935,5.75519,-0.000678532,0.1,0,7,1
EWJ/IEF,EWJ,IEF,intl_equity,fixed_income,False,0,-0.672292,0.0231588,7.20874,7.05144,1.53866,1.8255,5.29869,-0.000833963,0.1,0,2,1
EWJ/XLY,EWJ,XLY,intl_equity,us_sector,False,0,0.444601,0.0248932,7.12142,6.54846,1.73549,1.74189,5.84422,-0.00126278,0.1,0.0615534,4,1
EWJ/SHY,EWJ,SHY,intl_equity,fixed_income,False,0,-0.979783,0.0255652,7.24258,7.18897,1.59639,2.03581,5.87853,-0.0008516,0.1,0,7,1
EWJ/GLD,EWJ,GLD,intl_equity,commodity,False,0,-0.206254,0.0313354,7.40702,5.69599,1.3056,1.87338,4.98042,-0.0014735,0.1,0,2,1
EWJ/TIP,EWJ,TIP,intl_equity,fixed_income,False,0,-0.605078,0.0317892,7.5155,7.81106,1.62908,1.88705,5.41041,-0.00127448,0.1,0,4,1
IEF/XRT,IEF,XRT,fixed_income,industry,False,0,-0.365816,0.0319416,8.23951,10.6624,1.70437,1.93727,5.10033,0.00289734,0.1,0,12,1
XLB/XLE,XLB,XLE,us_sector,us_sector,True,0,0.510662,0.033167,7.90691,8.07301,1.00022,0.797438,5.11786,0.00213486,0.3,0.371843,22,3
DBC/KRE,DBC,KRE,commodity,industry,False,0,-1.0497,0.0331916,5.48533,9.87434,1.82511,3.02247,4.88648,0.00117882,0.2,0.95,23,2
EWJ/TLT,EWJ,TLT,intl_equity,fixed_income,False,0,-0.533635,0.033563,7.76526,6.58555,1.43616,2.37976,6.19071,-0.00118412,0.1,0,4,1
EWJ/XBI,EWJ,XBI,intl_equity,industry,False,0,-0.192042,0.0347041,7.34435,8.16886,1.73005,3.53902,8.35714,-0.000976684,0.1,0,7,1
EWG/XLE,EWG,XLE,intl_equity,us_sector,False,0,0.823704,0.0355391,7.46974,56.9332,2.75001,5.31332,12.1993,-0.0006018,0.1,0.270999,12,1
XLB/XLK,XLB,XLK,us_sector,us_sector,True,0,0.953424,0.0401306,9.49491,7.23349,1.5704,5.1863,7.5103,0.000133686,0.2,0.204769,8,2
IWM/TIP,IWM,TIP,us_broad,fixed_income,False,0,-0.428138,0.0403957,8.00217,6.23783,1.02123,2.22515,4.86745,-0.000864224,0.1,0,7,1
TIP/XLY,TIP,XLY,fixed_income,us_sector,False,0,-0.55865,0.0410558,8.33303,10.788,1.49923,1.56092,4.26056,0.000758925,0.3,3,70,3
XBI/XLU,XBI,XLU,industry,us_sector,False,1,1.16211,0.00739395,6.18708,6.81139,2.23569,7.77808,11.0615,-0.00158909,0.1,0.138753,6,1
IWF/QQQ,IWF,QQQ,us_style,us_broad,False,1,0.645774,0.00950677,5.59099,24.3265,5.87104,9.98835,21.6573,-0.000254003,0.1,0.0196192,1,1
EWJ/GLD,EWJ,GLD,intl_equity,commodity,False,1,-0.347545,0.0141913,6.32628,18.3226,4.97989,8.41123,17.8322,-0.00165292,0.1,0,4,1
EWJ/SLV,EWJ,SLV,intl_equity,commodity,False,1,-0.285211,0.0153237,6.5381,21.8955,5.77025,9.77163,19.7521,-0.00199549,0.1,0,4,1
GLD/SHY,GLD,SHY,commodity,fixed_income,False,1,4.87023,0.0191538,5.73039,24.145,4.2982,6.63318,13.6146,-0.000500974,0.1,0.16593,4,1
TIP/XRT,TIP,XRT,fixed_income,industry,False,1,-0.430379,0.0202212,6.72826,83.3954,7.8392,7.60036,22.755,0.00123011,0.3,0.5,20,3
IWM/SLV,IWM,SLV,us_broad,commodity,False,1,-0.364723,0.023093,5.51151,46.7255,7.30284,8.63952,23.1625,-0.00289122,0.1,0,10,1
EWG/FXI,EWG,FXI,intl_equity,intl_equity,True,1,0.313369,0.0256205,8.24676,36.7556,5.47661,7.64481,17.4277,-0.00247967,0.1,0.178949,15,1
GLD/XRT,GLD,XRT,commodity,industry,False,1,-1.07683,0.0266843,7.02973,47.328,5.44287,6.17641,17.8571,0.00251417,0.2,0,26,2
SHY/SLV,SHY,SLV,fixed_income,commodity,False,1,0.158959,0.0277349,8.3226,34.0457,5.26089,8.66896,15.6763,-0.000638515,0.1,0.0862843,2,1
IEF/SLV,IEF,SLV,fixed_income,commodity,False,1,0.281221,0.0285627,7.87851,43.2218,4.76713,7.27877,14.5441,-0.000931521,0.1,0.156101,4,1
AGG/GLD,AGG,GLD,fixed_income,commodity,False,1,0.197963,0.0355594,5.75313,10.7538,3.44999,3.0576,12.1428,0.000276219,0.2,0.207837,13,2
TLT/XRT,TLT,XRT,fixed_income,industry,False,1,-0.371679,0.0356818,7.38049,111.167,3.79031,3.13502,8.49957,0.000970167,0.2,0.2,24,2
AGG/SHY,AGG,SHY,fixed_income,fixed_income,True,1,1.02859,0.0366669,7.09216,11.5596,5.37172,5.48819,27.1018,0.000748985,0.4,0.988743,39,4
GLD/IEF,GLD,IEF,commodity,fixed_income,False,1,2.62982,0.0384122,5.44391,32.2109,4.0971,5.39917,12.2331,-8.2186e-05,0.2,0.255099,12,2
DBC/KRE,DBC,KRE,commodity,industry,False,1,-1.36148,0.0385602,7.50983,27.6423,4.51293,4.58137,12.8388,-0.00097104,0.1,0,5,1
USO/XME,USO,XME,commodity,industry,False,1,1.4088,0.0431489,8.09533,25.4298,3.91396,6.36008,15.3702,-0.00175001,0.1,0.539688,26,1
EWJ/XLK,EWJ,XLK,intl_equity,us_sector,False,1,0.690058,0.0442235,6.77599,6.43232,1.56776,2.75119,7.10451,-0.000956016,0.1,0.122491,6,1
XHB/XLU,XHB,XLU,industry,us_sector,False,1,-1.88009,0.0449594,8.35109,30.6985,3.70469,5.80483,13.7085,-0.00229869,0.1,0,52,1
KRE/USO,KRE,USO,industry,commodity,False,1,-0.505539,0.0478591,7.43044,38.6395,5.0734,5.12324,14.3546,-0.00156318,0.1,0,1,1
TIP/XLY,TIP,XLY,fixed_income,us_sector,False,2,0.165803,0.00661474,5.87741,4.78915,0.78032,1.82012,3.66779,-0.00134628,0.1,2.18733,51,1
TIP/XRT,TIP,XRT,fixed_income,industry,False,2,0.139477,0.00761093,5.90878,5.10091,0.688167,0.824805,2.17402,0.00175236,0.1,0.877596,20,1
TIP/XLK,TIP,XLK,fixed_income,us_sector,False,2,0.159136,0.00968746,6.45115,3.63597,0.580834,1.43183,3.05066,0.00186787,0.2,3.7528,87,2
QQQ/XME,QQQ,XME,us_broad,industry,False,2,0.397875,0.010627,7.47667,11.4979,0.740343,0.643416,1.81515,0,0,0,0,0
TIP/XLE,TIP,XLE,fixed_income,us_sector,False,2,0.127657,0.0141273,6.5567,5.41479,0.768088,1.81994,3.55068,-0.00124876,0.1,1.28585,29,1
XLV/XLY,XLV,XLY,us_sector,us_sector,True,2,0.530794,0.0177088,10.9275,28.674,1.5137,1.50324,3.333,0.00410689,0.2,1.56485,77,2
TIP/XLI,TIP,XLI,fixed_income,us_sector,False,2,0.147808,0.0181636,6.94614,6.12317,0.899336,2.6402,4.76156,-0.00173449,0.1,1.87314,43,1
IWM/TLT,IWM,TLT,us_broad,fixed_income,False,2,-1.70481,0.0196803,30.5848,8.97804,0.9628,1.75144,3.90982,-0.00252622,0.1,0,8,1
EFA/XLU,EFA,XLU,intl_equity,us_sector,False,2,1.53186,0.019834,9.01868,36.3464,1.90447,1.69438,3.76259,0.00128561,0.2,1.23277,47,2
XLK/XME,XLK,XME,us_sector,industry,False,2,0.378484,0.0208678,6.0757,11.0824,0.759569,0.662344,1.90597,0,0,0,0,0
TIP/XME,TIP,XME,fixed_income,industry,False,2,0.0654864,0.0213097,6.84539,5.10492,0.75736,1.72456,3.73919,0.00107648,0.2,2.11171,45,2
XLE/XLK,XLE,XLK,us_sector,us_sector,True,2,1.20117,0.0227569,7.3724,33.1677,1.10274,1.33061,3.24981,-0.00153774,0.1,1.77351,65,1
TIP/XLB,TIP,XLB,fixed_income,us_sector,False,2,0.122274,0.0230241,6.97868,4.3453,0.660225,1.99066,3.64626,-0.00140926,0.1,2.36128,53,1
TIP/XLU,TIP,XLU,fixed_income,us_sector,False,2,0.199439,0.0249911,7.48956,8.57181,0.936024,2.02528,3.66679,-0.00141677,0.1,1.04215,25,1
IWF/XME,IWF,XME,us_style,industry,False,2,0.387965,0.0270091,8.79889,5.33944,0.482588,1.06257,2.92613,0.00221642,0.1,0.167712,12,1
QQQ/TIP,QQQ,TIP,us_broad,fixed_income,False,2,4.26939,0.0273925,7.40181,5.13225,0.623375,1.98374,3.53791,-0.00139618,0.1,2.18761,54,1
IWM/TIP,IWM,TIP,us_broad,fixed_income,False,2,3.98818,0.0289989,5.37624,6.05844,0.948205,3.13053,5.28118,-0.00126035,0.1,0.839502,21,1
XLB/XLI,XLB,XLI,us_sector,us_sector,True,2,1.20925,0.0299497,7.12071,12.1339,1.83575,3.30515,6.13876,-0.00142486,0.1,0.158425,7,1
SPY/XLB,SPY,XLB,us_broad,us_sector,False,2,0.696057,0.0312419,5.41853,7.68469,1.01731,1.86903,3.51095,-0.00112303,0.1,0.123119,6,1
IEF/XLB,IEF,XLB,fixed_income,us_sector,False,2,-0.118164,0.0317054,43.5015,10.9404,0.807791,1.13049,2.6122,0.00406168,0.2,3,60,2
XLE/XLV,XLE,XLV,us_sector,us_sector,True,3,1.74331,0.00110318,5.8513,34.1513,0.736779,1.56365,3.11527,-0.000650182,0.1,0.857893,27,1
XLE/XLP,XLE,XLP,us_sector,us_sector,True,3,1.87716,0.00418255,7.23891,14.3318,0.424899,1.47403,2.48136,0.000428194,0.1,0.880788,27,1
QQQ/XME,QQQ,XME,us_broad,industry,False,3,0.422357,0.00537727,5.9603,9.54597,0.583255,2.87144,4.00742,-0.00155108,0.1,2.3904,68,1
IBB/XLU,IBB,XLU,industry,us_sector,False,3,0.739736,0.00667718,6.96788,11.2313,0.698702,1.57011,3.10787,0.00221311,0.1,1.8681,65,1
XLU/XLV,XLU,XLV,us_sector,us_sector,True,3,1.20099,0.00681053,6.57136,14.7066,0.691934,1.7849,3.35547,-0.00015797,0.1,2.12807,78,1
EWG/IWM,EWG,IWM,intl_equity,us_broad,False,3,1.12827,0.00709241,6.82612,9.26562,0.472507,0.375156,1.27372,0,0,0,0,0
TIP/XRT,TIP,XRT,fixed_income,industry,False,3,0.135962,0.0107026,6.28234,21.2995,0.742431,0.671829,2.18696,0.00106547,0.1,1.01236,23,1
IBB/XLE,IBB,XLE,industry,us_sector,False,3,0.493973,0.0122105,7.90302,20.5507,0.731362,1.46097,2.90205,0.00235258,0.1,2.04154,61,1
IYR/XHB,IYR,XHB,real_estate,industry,False,3,1.25384,0.0125907,8.22674,21.7641,0.729208,0.65794,1.58571,0,0,0,0,0
DBC/IYR,DBC,IYR,commodity,real_estate,False,3,0.812896,0.0133687,5.81373,19.8229,0.749638,1.78937,3.21526,-0.000913271,0.1,1.9281,86,1
DBC/XLV,DBC,XLV,commodity,us_sector,False,3,2.20761,0.0147829,8.06507,20.7344,0.770313,2.38222,3.92982,-0.00272004,0.1,3.23474,94,1
DBC/VNQ,DBC,VNQ,commodity,real_estate,False,3,0.798853,0.0163362,6.03175,19.9071,0.751235,1.7337,3.1451,-0.000630992,0.1,1.88738,85,1
XLB/XLY,XLB,XLY,us_sector,us_sector,True,3,1.2956,0.0174113,7.25789,18.375,0.568593,1.51421,2.74915,-0.000131912,0.1,1.29808,46,1
XLE/XLY,XLE,XLY,us_sector,us_sector,True,3,1.06561,0.0190837,9.47548,17.5675,0.356705,1.84177,2.65857,-0.000141226,0.1,2.6052,101,1
XBI/XLU,XBI,XLU,industry,us_sector,False,3,0.861822,0.0195935,7.20384,27.7775,1.05013,1.10192,2.78862,0.00102106,0.1,1.13408,49,1
DBC/IBB,DBC,IBB,commodity,industry,False,3,2.10319,0.0196008,9.05586,14.3591,0.645603,1.99391,3.52285,-0.0028292,0.1,1.3555,40,1
EWG/SPY,EWG,SPY,intl_equity,us_broad,False,3,1.34692,0.0200887,7.02754,23.0457,0.596734,0.476045,1.61038,0,0,0,0,0
DBC/IWM,DBC,IWM,commodity,us_broad,False,3,1.22132,0.0212343,8.02903,16.1931,0.645747,2.30781,3.70354,-0.00322881,0.1,1.01716,37,1
USO/XLF,USO,XLF,commodity,us_sector,False,3,1.39989,0.0228579,7.61566,9.16923,0.46548,1.9307,2.86366,0.0012388,0.1,2.79991,96,1
DBC/XLP,DBC,XLP,commodity,us_sector,False,3,2.45749,0.0239506,7.62494,23.4478,0.794656,2.67797,3.85332,-0.00191488,0.1,2.70094,76,1
KRE/VNQ,KRE,VNQ,industry,real_estate,False,4,0.279015,0.000389667,6.62034,17.8433,0.724926,1.55453,3.32733,0.00410523,0.1,2.85376,73,1
EFA/EWG,EFA,EWG,intl_equity,intl_equity,True,4,0.965225,0.00040082,5.08429,12.3081,1.10099,2.42501,4.35399,-0.000578429,0.1,0.356193,14,1
KRE/LQD,KRE,LQD,industry,fixed_income,False,4,0.693602,0.0004426,5.85013,19.911,0.780267,1.85304,3.69508,-0.00396717,0.1,0.856163,29,1
KRE/XHB,KRE,XHB,industry,industry,True,4,0.371758,0.000481814,5.57971,11.5671,0.643661,1.7326,3.1262,0.0022446,0.1,2.77017,76,1
KRE/SHY,KRE,SHY,industry,fixed_income,False,4,5.24141,0.000639202,5.89036,25.8421,0.831637,1.68977,3.64976,-0.00112351,0.1,0.232319,29,1
XLB/XLF,XLB,XLF,us_sector,us_sector,True,4,0.726319,0.00073707,5.39593,12.6842,0.721334,0.69511,2.26876,0.0024231,0.1,0.492377,17,1
GDX/XLE,GDX,XLE,commodity,us_sector,False,4,1.20858,0.000964345,6.63339,135.005,1.29276,1.05872,3.37414,-0.00140617,0.1,0.588614,26,1
KRE/XLB,KRE,XLB,industry,us_sector,False,4,0.266863,0.00122265,6.01606,15.0492,0.749843,2.02676,3.71873,-0.00553896,0.1,1.18403,30,1
KRE/XLY,KRE,XLY,industry,us_sector,False,4,0.298389,0.00180633,6.04307,14.3876,0.664804,1.63328,3.21487,0.00426703,0.1,2.88819,75,1
KRE/XLI,KRE,XLI,industry,us_sector,False,4,0.376998,0.00187582,5.75693,13.7753,0.674291,1.59238,3.23387,0.00356147,0.1,2.72332,75,1
KRE/TIP,KRE,TIP,industry,fixed_income,False,4,0.842945,0.00191187,5.92437,19.5524,0.780088,1.87562,3.69453,-0.00391482,0.1,0.813915,30,1
KRE/SPY,KRE,SPY,industry,us_broad,False,4,0.385754,0.00236865,6.25803,15.0215,0.713824,1.82564,3.48558,0.00288721,0.1,2.74219,76,1
KRE/XLK,KRE,XLK,industry,us_sector,False,4,0.251692,0.002418,6.34284,15.7068,0.716764,1.94372,3.59831,-0.00508022,0.1,1.15843,29,1
KRE/QQQ,KRE,QQQ,industry,us_broad,False,4,0.234636,0.00249431,6.32927,16.0444,0.697432,1.87992,3.51321,-0.00526689,0.1,1.21493,30,1
KRE/XRT,KRE,XRT,industry,industry,True,4,0.161364,0.00252975,6.30409,15.4053,0.667669,1.87342,3.4571,0.00428774,0.1,3.40117,79,1
TIP/XLE,TIP,XLE,fixed_income,us_sector,False,4,0.256009,0.00274645,6.10218,41.5684,1.29263,1.53273,4.71929,0.000413188,0.2,1.63215,41,2
GDX/TIP,GDX,TIP,commodity,fixed_income,False,4,4.17779,0.00277232,5.15395,5.05329,0.747428,1.20967,3.69587,-0.000762386,0.1,0.24206,6,1
TIP/XLP,TIP,XLP,fixed_income,us_sector,False,4,0.32092,0.00282548,5.75472,36.4613,1.21075,1.16849,3.67476,-0.000862481,0.1,1.40054,37,1
KRE/XME,KRE,XME,industry,industry,True,4,0.160853,0.00288238,6.32434,15.8199,0.730736,1.8825,3.57879,-0.00587926,0.1,1.24908,29,1
EWG/XLB,EWG,XLB,intl_equity,us_sector,False,4,0.997625,0.00295215,6.01209,8.16025,0.786892,2.71428,4.55192,-0.00131503,0.1,1.27348,51,1
IWF/XME,IWF,XME,us_style,industry,False,5,0.509695,0.00267709,5.0445,9.42961,1.21209,1.51956,4.15486,-0.000676806,0.1,0.761743,23,1
XLK/XME,XLK,XME,us_sector,industry,False,5,0.503263,0.0040828,5.38356,11.799,1.29002,1.27737,4.03481,0.000237021,0.2,1.09761,33,2
LQD/SHY,LQD,SHY,fixed_income,fixed_income,True,5,3.99966,0.00481036,9.39499,8.01899,0.684199,1.51241,2.81769,0.000214196,0.1,0.800055,80,1
SPY/XME,SPY,XME,us_broad,industry,False,5,0.509562,0.00486759,5.5377,6.85325,0.971169,0.89152,2.73755,0.0012032,0.1,0.496833,15,1
GDX/SLV,GDX,SLV,commodity,commodity,True,5,0.940147,0.00732851,5.67975,inf,3.29885,3.11219,8.90629,-0.000957707,0.1,0.096915,4,1
QQQ/XME,QQQ,XME,us_broad,industry,False,5,0.581952,0.00751074,5.71991,11.5445,1.26829,2.39082,5.3928,0.000196491,0.2,0.979802,31,2
GDX/TIP,GDX,TIP,commodity,fixed_income,False,5,3.07829,0.0142747,6.48848,28.2432,1.22453,0.984084,3.14672,0.00129484,0.2,0.69904,30,2
GLD/SHY,GLD,SHY,commodity,fixed_income,False,5,12.4362,0.0193494,6.62054,50.5687,1.44132,1.73863,3.5267,-0.000152034,0.1,0.786738,17,1
IYR/VNQ,IYR,VNQ,real_estate,real_estate,True,5,0.937106,0.0204041,5.5559,1.06084,0.634338,0.451833,4.2614,0.000425828,0.1,0.0241883,1,1
IYR/LQD,IYR,LQD,real_estate,fixed_income,False,5,4.46839,0.0228121,5.83066,10.8332,1.17438,3.57429,5.98734,0.00026245,0.1,0.326852,8,1
DIA/XME,DIA,XME,us_broad,industry,False,5,0.517252,0.0242044,7.15648,16.7965,1.09173,1.40481,2.99616,0.00146422,0.1,2.83407,86,1
IWD/XME,IWD,XME,us_style,industry,False,5,0.542022,0.0242953,7.35966,11.6321,1.08391,0.868372,2.94963,0.000132831,0.1,0.456951,26,1
SLV/TIP,SLV,TIP,commodity,fixed_income,False,5,3.20591,0.0255357,8.66056,inf,3.05197,2.41386,7.99378,0.000398518,0.2,0.633568,18,2
DIA/XLP,DIA,XLP,us_broad,us_sector,False,5,1.28353,0.0264606,8.61019,6.11976,0.571388,1.20615,2.04678,0.000549481,0.1,0.786914,28,1
EFA/USO,EFA,USO,intl_equity,commodity,False,5,0.770565,0.0268843,9.16366,13.4623,1.01849,2.50265,4.21774,-0.00162283,0.1,0.564791,20,1
LQD/VNQ,LQD,VNQ,fixed_income,real_estate,False,5,0.178771,0.0268862,5.78951,11.4462,1.27918,4.62523,7.07093,0.000341221,0.1,0.0424171,1,1
GDX/LQD,GDX,LQD,commodity,fixed_income,False,5,2.796,0.0303176,7.13614,46.6271,1.32691,1.49494,3.12225,0.00147238,0.1,2.94626,80,1
GLD/LQD,GLD,LQD,commodity,fixed_income,False,5,2.74053,0.0305767,7.35025,92.9703,1.59256,2.24756,4.33316,-0.000583247,0.1,0.293063,8,1
XLP/XME,XLP,XME,us_sector,industry,False,5,0.385011,0.0315226,7.299,10.9038,0.88405,1.81959,3.87569,-0.000876658,0.1,2.59926,72,1
IWM/XRT,IWM,XRT,us_broad,industry,False,5,0.744029,0.0354102,8.68289,8.23701,0.905089,0.868175,2.15329,0.00107149,0.1,0.639923,30,1
XLI/XLK,XLI,XLK,us_sector,us_sector,True,6,1.09772,0.00217902,9.81304,19.1768,0.809057,1.71025,3.11061,-0.000226828,0.1,1.78765,75,1
EWJ/XBI,EWJ,XBI,intl_equity,industry,False,6,0.653686,0.0033735,5.12607,62.2685,4.51608,4.51015,8.33246,-0.000975094,0.1,0.60471,20,1
DIA/XLK,DIA,XLK,us_broad,us_sector,False,6,0.788358,0.00415599,6.97192,48.5271,2.36696,4.14802,7.79496,-0.000302961,0.1,0.335503,12,1
EWJ/IBB,EWJ,IBB,intl_equity,industry,False,6,0.685195,0.00430796,5.15219,51.4526,4.65649,4.78613,8.94994,-0.000978142,0.1,0.652743,22,1
IWF/XLK,IWF,XLK,us_style,us_sector,False,6,1.00087,0.00555508,7.41741,52.836,1.84839,3.21221,6.16191,-0.000416561,0.1,0.399827,16,1
IWM/XRT,IWM,XRT,us_broad,industry,False,6,0.764017,0.00952175,7.3631,15.8647,1.24203,1.71139,3.72521,-0.000760924,0.1,0.198411,7,1
EWZ/XLP,EWZ,XLP,intl_equity,us_sector,False,6,1.48551,0.010248,10.0747,28.92,1.59282,2.32411,5.5083,-0.00127199,0.1,1.76312,59,1
XLY/XRT,XLY,XRT,us_sector,industry,False,6,0.80156,0.0115637,6.16951,21.3575,1.78689,1.56744,3.37404,0.00168575,0.3,1.88283,73,3
QQQ/XLK,QQQ,XLK,us_broad,us_sector,False,6,1.19777,0.0120463,11.8684,19.2087,0.693546,0.850772,1.99525,0,0,0,0,0
SPY/XLK,SPY,XLK,us_broad,us_sector,False,6,0.86717,0.0125927,7.48156,34.4685,1.51262,3.11595,5.47078,-0.000474307,0.1,0.482013,18,1
IBB/XBI,IBB,XBI,industry,industry,True,6,0.957503,0.0133952,6.57151,23.9711,1.14289,1.10808,2.79957,0.000672559,0.1,1.45594,57,1
EEM/XLP,EEM,XLP,intl_equity,us_sector,False,6,1.69742,0.0142952,9.63986,30.6047,1.94715,2.60809,6.74401,-6.40658e-05,0.2,1.60465,51,2
XLK/XLP,XLK,XLP,us_sector,us_sector,True,6,1.33881,0.0161203,9.11008,112.583,2.53891,2.23773,5.78279,0.000143721,0.2,1.19241,49,2
SPY/XME,SPY,XME,us_broad,industry,False,6,0.491907,0.0170232,6.63817,9.33528,1.11565,1.69301,3.91427,0.000559668,0.2,1.57517,47,2
XLK/XRT,XLK,XRT,us_sector,industry,False,6,0.55777,0.0211801,10.8122,45.2592,1.32916,1.17974,3.35669,0.00246128,0.2,1.50921,51,2
XLK/XLY,XLK,XLY,us_sector,us_sector,True,6,0.698504,0.0238099,13.1419,35.292,0.905329,0.846585,2.56386,0.00117988,0.1,0.794817,27,1
EWG/XLP,EWG,XLP,intl_equity,us_sector,False,6,1.71254,0.0242739,12.997,19.1944,1.05641,0.839651,2.95497,0.00133527,0.1,0.947013,30,1
DIA/QQQ,DIA,QQQ,us_broad,us_broad,True,6,0.646256,0.0246124,6.95203,24.2226,1.98715,3.90693,6.98067,-0.000449775,0.1,0.607439,20,1
QQQ/XLP,QQQ,XLP,us_broad,us_sector,False,6,1.69519,0.0250406,7.60611,90.0938,3.12746,2.7725,7.27824,-0.000148794,0.2,1.43958,63,2
XBI/XME,XBI,XME,industry,industry,True,6,0.480057,0.0290682,7.74638,330.218,2.62662,2.39891,4.98579,3.17604e-05,0.2,0.675698,33,2
XLU/XLV,XLU,XLV,us_sector,us_sector,True,7,0.534982,9.90201e-05,5.114,21.2123,2.48435,5.51781,9.91863,0.000509949,0.2,0.456031,14,2
VNQ/XLV,VNQ,XLV,real_estate,us_sector,False,7,0.997815,0.000256757,6.00295,8.03068,1.2766,1.15442,3.95787,0.000531206,0.2,0.224754,9,2
XLP/XLV,XLP,XLV,us_sector,us_sector,True,7,0.826856,0.000280514,6.25404,11.1951,1.84378,3.71619,6.26362,-0.000332171,0.1,0.0821083,3,1
XHB/XLI,XHB,XLI,industry,us_sector,False,7,0.961871,0.000827359,5.20664,21.5929,1.91145,2.39695,6.55058,-0.000991108,0.1,0.0980565,4,1
IYR/XLV,IYR,XLV,real_estate,us_sector,False,7,0.967187,0.00116733,7.01212,9.11483,1.30702,1.61254,4.47766,0.000992973,0.2,0.24583,10,2
EFA/QQQ,EFA,QQQ,intl_equity,us_broad,False,7,0.726084,0.00309188,5.25457,15.2326,3.668,7.76957,12.7818,-0.00123647,0.1,0.378589,18,1
IWM/XLB,IWM,XLB,us_broad,us_sector,False,7,1.08743,0.00454963,6.95618,14.81,1.4265,1.41568,3.71831,-0.000726285,0.1,0.143717,6,1
IYR/SLV,IYR,SLV,real_estate,commodity,False,7,0.254117,0.00600274,7.14438,8.03168,1.92136,1.95034,6.6545,-0.00214002,0.2,0.339212,10,2
XBI/XLP,XBI,XLP,industry,us_sector,False,7,1.58574,0.00762919,6.15751,16.7634,2.84639,4.95811,8.81338,-0.000663893,0.1,0.0306631,1,1
DBC/XLI,DBC,XLI,commodity,us_sector,False,7,1.13089,0.00805306,6.64382,17.9421,2.55899,3.13704,8.89069,-0.000815491,0.1,0.0938577,4,1
DBC/IWD,DBC,IWD,commodity,us_style,False,7,1.4135,0.0080638,5.85412,13.1904,2.72867,3.27734,9.17675,-0.000104734,0.2,0.145017,7,2
IBB/VNQ,IBB,VNQ,industry,real_estate,False,7,1.21179,0.00866635,7.08257,8.2225,1.51024,1.25234,3.86652,-0.000622341,0.1,0.226061,10,1
EFA/IWF,EFA,IWF,intl_equity,us_style,False,7,0.743964,0.00983797,6.36802,15.7766,2.98063,6.34132,10.9515,-0.000618365,0.1,0.383934,18,1
DBC/XHB,DBC,XHB,commodity,industry,False,7,1.13241,0.00989144,5.53593,28.0738,3.00814,3.82777,10.0457,-0.00132402,0.1,0.211029,9,1
EWG/XRT,EWG,XRT,intl_equity,industry,False,7,0.806802,0.0100881,7.12711,21.4635,3.54192,7.51112,12.324,-0.00102428,0.1,0.401882,18,1
EWG/VNQ,EWG,VNQ,intl_equity,real_estate,False,7,1.27601,0.0122741,7.37237,26.2492,2.50814,5.32001,10.3065,0.00111164,0.2,0.560635,20,2
VNQ/XLP,VNQ,XLP,real_estate,us_sector,False,7,1.20121,0.0124275,6.66102,12.3819,2.08686,2.9511,6.53988,-0.000942337,0.1,0.0272853,1,1
EWG/IYR,EWG,IYR,intl_equity,real_estate,False,7,1.31003,0.0151892,7.62193,23.9591,2.34967,4.60424,9.25781,0.000937745,0.2,0.652171,23,2
IWD/XLI,IWD,XLI,us_style,us_sector,False,7,0.801924,0.0155055,6.74903,4.5338,1.17764,1.1327,3.26296,0.00173757,0.4,1.18244,44,4
XLB/XLE,XLB,XLE,us_sector,us_sector,True,7,0.643461,0.016039,10.272,10.0539,1.25825,2.66062,4.89118,-0.00122923,0.1,0.70475,36,1
EFA/FXI,EFA,FXI,intl_equity,intl_equity,True,8,0.762897,0.000520455,10.0817,17.95,0.922288,0.725138,2.19123,0.00175591,0.1,0.283624,10,1
QQQ/SHY,QQQ,SHY,us_broad,fixed_income,False,8,-2.01781,0.00337464,6.19891,13.7268,1.40916,4.49774,6.765,-0.000926552,0.1,0.65,13,1
SPY/XLI,SPY,XLI,us_broad,us_sector,False,8,0.612872,0.00357891,5.24284,34.6832,1.96845,4.64378,7.54838,-0.000406545,0.1,0.279005,9,1
EWZ/XME,EWZ,XME,intl_equity,industry,False,8,0.726056,0.00418502,6.17916,15.6778,1.90084,4.21505,8.29306,-0.00109343,0.1,0.0579355,2,1
QQQ/TIP,QQQ,TIP,us_broad,fixed_income,False,8,-0.227069,0.00515641,6.45816,13.97,1.41905,4.59657,6.8326,-0.00231528,0.1,0.65,13,1
SPY/XHB,SPY,XHB,us_broad,industry,False,8,0.439378,0.0052982,5.14563,13.2808,1.13731,0.975769,3.17981,0.000721685,0.1,0.442621,29,1
QQQ/XHB,QQQ,XHB,us_broad,industry,False,8,0.228664,0.00636768,6.44456,16.595,1.44801,3.4246,6.021,-0.00156632,0.1,0.52903,13,1
IWF/XHB,IWF,XHB,us_style,industry,False,8,0.376643,0.00707657,6.28241,17.973,1.10038,1.12685,2.95027,0.00129546,0.1,1.88865,52,1
QQQ/XLF,QQQ,XLF,us_broad,us_sector,False,8,0.153609,0.00727336,7.03048,13.732,1.35152,4.39084,6.53755,-0.00145116,0.1,0.520107,12,1
QQQ/TLT,QQQ,TLT,us_broad,fixed_income,False,8,-0.0979878,0.00761576,6.66827,14.0495,1.38299,4.62628,6.78902,-0.00236623,0.1,0.65,13,1
QQQ/USO,QQQ,USO,us_broad,commodity,False,8,0.20436,0.00919529,6.08181,15.381,1.57013,4.60882,6.72926,-0.00174006,0.1,0.456674,11,1
FXI/XME,FXI,XME,intl_equity,industry,False,8,0.65308,0.00951486,5.88859,6.71294,1.25253,4.00002,6.26349,-0.000823533,0.1,0.483945,16,1
QQQ/SLV,QQQ,SLV,us_broad,commodity,False,8,0.00149814,0.00963989,6.93194,14.2235,1.33943,3.81363,5.99197,-0.00248661,0.1,0.748878,15,1
KRE/XLI,KRE,XLI,industry,us_sector,False,8,1.19261,0.010406,7.52379,17.9269,0.907806,1.78686,3.38911,-0.000719982,0.1,1.66469,73,1
AGG/LQD,AGG,LQD,fixed_income,fixed_income,True,8,0.895618,0.0108818,10.0747,8.92908,0.96616,3.19225,4.83564,-0.00022324,0.1,0.14174,6,1
IWF/XLI,IWF,XLI,us_style,us_sector,False,8,0.531797,0.0117571,7.01715,20.9532,1.72018,4.12857,6.56317,-0.000733825,0.1,0.359055,11,1
QQQ/XLI,QQQ,XLI,us_broad,us_sector,False,8,0.324527,0.0122274,7.22844,17.0847,1.69888,4.69597,7.34912,-0.00133068,0.1,0.52849,14,1
IWF/KRE,IWF,KRE,us_style,industry,False,8,0.384544,0.0126851,8.03286,12.9654,1.01453,1.98472,3.36428,0.000133037,0.1,3.50296,97,1
EWG/FXI,EWG,FXI,intl_equity,intl_equity,True,8,1.20094,0.0126916,14.8918,18.899,0.935045,0.835758,2.01851,0.00224842,0.1,0.295328,13,1
FXI/XLB,FXI,XLB,intl_equity,us_sector,False,8,1.2177,0.0130658,8.10982,11.0433,0.998614,2.29208,4.52737,0.000479775,0.2,1.0158,37,2
IWD/KRE,IWD,KRE,us_style,industry,False,9,0.560042,0.00154445,6.95159,20.6652,1.39396,2.82678,5.32776,-0.0007603,0.1,1.57047,49,1
AGG/TIP,AGG,TIP,fixed_income,fixed_income,True,9,0.610896,0.00373466,5.19527,6.45086,0.799966,1.19367,2.91098,0.000656144,0.3,1.70712,55,3
EEM/EFA,EEM,EFA,intl_equity,intl_equity,True,9,1.19297,0.00670292,7.28002,11.7751,0.896021,2.16794,3.66554,-0.000507267,0.1,1.87679,69,1
EEM/EWG,EEM,EWG,intl_equity,intl_equity,True,9,0.712276,0.00919252,11.172,12.7106,0.754948,1.42709,2.5764,0.00115983,0.1,1.70553,82,1
TIP/XLP,TIP,XLP,fixed_income,us_sector,False,9,0.354927,0.0108382,6.94027,8.42091,0.589877,0.830142,2.19579,0.00124176,0.1,1.36539,37,1
AGG/XLU,AGG,XLU,fixed_income,us_sector,False,9,0.2969,0.0122431,5.25022,14.8552,1.08271,1.64669,3.99972,-0.000415317,0.1,0.192767,5,1
IYR/VNQ,IYR,VNQ,real_estate,real_estate,True,9,0.938605,0.0125255,8.4729,9.0407,0.879606,1.85736,3.48963,-6.66219e-05,0.1,1.98596,77,1
TIP/XBI,TIP,XBI,fixed_income,industry,False,9,0.12837,0.0129284,10.5709,10.7323,0.537423,1.28905,2.4776,0.000987489,0.1,1.9054,43,1
XLK/XRT,XLK,XRT,us_sector,industry,False,9,0.858104,0.0136394,5.23359,34.976,2.03414,1.81506,3.38242,0.0010462,0.2,2.25764,90,2
LQD/XBI,LQD,XBI,fixed_income,industry,False,9,0.191028,0.0141912,9.02976,12.3012,0.888909,2.41059,4.20493,-0.00106919,0.1,2.47685,59,1
SPY/XRT,SPY,XRT,us_broad,industry,False,9,0.711641,0.0144184,7.14725,8.12208,0.778482,1.07045,2.47449,0.00101257,0.2,0.613446,21,2
EWG/QQQ,EWG,QQQ,intl_equity,us_broad,False,9,0.527919,0.014431,15.9191,77.9955,0.798639,0.741416,1.57875,0,0,0,0,0
SLV/XLU,SLV,XLU,commodity,us_sector,False,9,-2.17242,0.0151212,6.45455,14.9377,0.95561,1.39304,3.39754,0.00194391,0.1,2.25,45,1
IEF/SLV,IEF,SLV,fixed_income,commodity,False,9,-0.172405,0.0159239,10.3389,20.8056,0.706135,1.85791,2.95525,0.00103133,0.1,4.15,83,1
EWG/XLK,EWG,XLK,intl_equity,us_sector,False,9,0.509595,0.0159771,15.8302,85.0524,0.812447,0.757327,1.61386,0,0,0,0,0
IWM/KRE,IWM,KRE,us_broad,industry,False,9,0.602487,0.0164164,10.802,16.9621,0.560128,0.463109,1.6165,0,0,0,0,0
XLK/XLY,XLK,XLY,us_sector,us_sector,True,9,0.960064,0.0167654,7.77305,117.257,2.54069,2.28044,5.36657,0.000235371,0.2,0.705094,28,2
IWF/XRT,IWF,XRT,us_style,industry,False,9,0.732089,0.0167912,7.01632,9.14789,0.894438,0.752712,2.13594,0.000716826,0.1,0.486062,23,1
XLP/XLV,XLP,XLV,us_sector,us_sector,True,9,0.847858,0.0187967,10.7403,20.5349,1.08139,0.945333,2.11088,0.000721475,0.1,0.378817,14,1
GDX/XLP,GDX,XLP,commodity,us_sector,False,9,-1.71608,0.0188001,6.71988,19.9219,1.405,1.63332,3.93739,-0.00192266,0.1,0.4,8,1
IYR/XLP,IYR,XLP,real_estate,us_sector,False,10,0.945937,5.49813e-06,8.44212,55.8295,1.94211,1.5801,6.07108,-0.00056704,0.1,0.121527,5,1
VNQ/XLP,VNQ,XLP,real_estate,us_sector,False,10,0.882776,0.000488954,9.99425,24.7711,1.37516,1.06456,3.99127,0.000173267,0.2,0.22033,9,2
IBB/XLP,IBB,XLP,industry,us_sector,False,10,1.7069,0.000738826,5.29184,16.6177,1.44538,1.59214,3.98387,8.65953e-05,0.2,0.376115,14,2
IWF/KRE,IWF,KRE,us_style,industry,False,10,0.840817,0.00223983,5.98897,inf,1.51329,1.23888,6.00917,0.000811824,0.3,0.808647,32,3
IBB/LQD,IBB,LQD,industry,fixed_income,False,10,2.07793,0.00424612,5.98988,inf,3.18911,5.51505,12.9332,-0.000862451,0.1,0.438607,27,1
XBI/XLU,XBI,XLU,industry,us_sector,False,10,1.8469,0.0066144,8.54042,60.7815,1.40618,1.2429,3.13651,0.00210006,0.3,1.6742,75,3
XBI/XLP,XBI,XLP,industry,us_sector,False,10,1.63451,0.00783847,7.95013,16.1409,1.18245,1.81005,3.64804,-0.00091537,0.1,0.899614,29,1
KRE/SPY,KRE,SPY,industry,us_broad,False,10,0.897266,0.0108533,6.56402,inf,1.38181,1.39854,7.3123,5.52049e-05,0.2,0.421659,16,2
AGG/TIP,AGG,TIP,fixed_income,fixed_income,True,10,0.647358,0.0125282,6.30015,245.433,2.96511,2.90779,9.80901,-0.000153657,0.1,0.18211,6,1
KRE/QQQ,KRE,QQQ,industry,us_broad,False,10,0.741948,0.0133505,6.56174,inf,1.47695,4.74262,10.5761,-0.000227658,0.1,0.315738,11,1
LQD/XLV,LQD,XLV,fixed_income,us_sector,False,10,0.613696,0.0144254,6.27668,108.186,3.55714,7.98387,15.4994,-0.000800365,0.1,0.209168,11,1
DIA/KRE,DIA,KRE,us_broad,industry,False,10,0.676946,0.0150031,7.38552,41.6097,1.81653,2.56253,5.24546,-0.000595873,0.1,0.566506,19,1
AGG/IBB,AGG,IBB,fixed_income,industry,False,10,0.168199,0.0164929,6.84638,inf,2.77228,4.16107,12.0842,-0.000346422,0.1,0.172778,24,1
KRE/XRT,KRE,XRT,industry,industry,True,10,0.685725,0.017396,6.36393,232.966,1.06563,1.2333,4.95505,0.000348933,0.2,0.889825,30,2
XLB/XLE,XLB,XLE,us_sector,us_sector,True,10,0.626717,0.0231709,7.53183,10.5964,0.916604,1.84469,3.89922,-0.000426656,0.1,0.0922103,3,1
IBB/TIP,IBB,TIP,industry,fixed_income,False,10,3.00734,0.0232999,7.28023,inf,3.66789,5.7391,14.3945,-0.000758386,0.1,0.461653,37,1
IBB/SHY,IBB,SHY,industry,fixed_income,False,10,43.7562,0.0265155,8.40226,159.785,1.60188,2.7585,6.72426,-9.10749e-05,0.1,0.0357492,32,1
QQQ/XLE,QQQ,XLE,us_broad,us_sector,False,10,0.466094,0.0315309,18.2111,37.112,0.65089,0.733206,1.77449,0,0,0,0,0
KRE/XLY,KRE,XLY,industry,us_sector,False,10,0.658267,0.0333115,7.48164,inf,1.04351,1.21175,5.17588,0.000366376,0.2,0.753799,25,2
XHB/XLV,XHB,XLV,industry,us_sector,False,10,2.1991,0.0339199,7.81608,36.5374,2.7347,4.35204,8.0582,-0.000479458,0.1,0.859265,25,1
IWF/XBI,IWF,XBI,us_style,industry,False,11,0.679928,0.00119619,11.3269,33.3947,1.80861,1.66854,3.82125,-0.000976022,0.1,0.546394,27,1
SHY/XLU,SHY,XLU,fixed_income,us_sector,False,11,0.0114311,0.00209763,5.42691,15.2062,2.27717,2.25235,5.60697,9.79099e-06,0.2,0.00452078,8,2
IYR/SHY,IYR,SHY,real_estate,fixed_income,False,11,54.7604,0.00363935,5.26698,19.0251,2.65764,3.21727,7.6944,0.000112078,0.4,0.845517,29,4
DIA/XBI,DIA,XBI,us_broad,industry,False,11,0.77819,0.00375942,10.5872,11.5968,1.43336,2.7957,6.10609,-0.00136038,0.1,0.678327,31,1
SPY/XBI,SPY,XBI,us_broad,industry,False,11,0.777502,0.00563328,12.3589,18.3384,1.43076,1.63011,4.27084,-0.00102207,0.1,0.524895,24,1
DBC/GDX,DBC,GDX,commodity,commodity,True,11,0.137741,0.00606949,6.92729,6.16419,0.706011,0.762825,1.9453,0,0,0,0,0
SHY/XLP,SHY,XLP,fixed_income,us_sector,False,11,0.00898733,0.0109095,5.56913,12.2094,2.24465,1.98807,5.47639,2.41996e-05,0.2,0.00935264,21,2
SHY/XLB,SHY,XLB,fixed_income,us_sector,False,11,0.00968462,0.0123607,6.15365,11.2251,1.80873,1.44744,5.25273,1.17341e-05,0.2,0.00671421,14,2
EFA/XHB,EFA,XHB,intl_equity,industry,False,11,0.602477,0.01523,6.7101,14.8924,1.57258,3.9035,7.08573,-0.000976284,0.1,0.436824,14,1
DBC/GLD,DBC,GLD,commodity,commodity,True,11,0.348172,0.022985,7.67375,6.14506,0.725426,1.02494,2.31052,0.00233582,0.2,0.630483,17,2
DBC/SLV,DBC,SLV,commodity,commodity,True,11,0.203076,0.0234685,7.58175,8.27669,0.796062,0.715277,2.16626,0.0013926,0.1,0.581842,14,1
XBI/XRT,XBI,XRT,industry,industry,True,11,0.775026,0.0257594,9.95221,9.91582,1.27038,2.57992,5.22361,-0.00123401,0.1,0.873226,31,1
EWJ/XLP,EWJ,XLP,intl_equity,us_sector,False,11,1.37821,0.027661,7.32706,13.8814,1.2115,1.07175,2.72299,0.00124779,0.1,0.420485,20,1
SHY/XHB,SHY,XHB,fixed_income,industry,False,11,0.00482431,0.030309,6.68652,14.8186,2.26422,2.28167,5.22078,7.15008e-06,0.2,0.0016804,7,2
SHY/XLV,SHY,XLV,fixed_income,us_sector,False,11,0.0065161,0.0312188,6.37648,12.2687,2.15797,1.78025,6.06935,8.03557e-07,0.2,0.00809239,25,2
SHY/XLE,SHY,XLE,fixed_income,us_sector,False,11,0.00865982,0.0347136,6.81142,12.4718,1.98289,1.68544,5.21728,9.37594e-06,0.2,0.00729765,17,2
SHY/SPY,SHY,SPY,fixed_income,us_broad,False,11,0.00844072,0.0358405,6.63921,11.5593,2.00268,1.64722,5.5866,6.13607e-06,0.2,0.00962558,23,2
SHY/XLI,SHY,XLI,fixed_income,us_sector,False,11,0.00712126,0.0382628,6.8505,10.9149,1.90304,1.5271,5.59904,8.62136e-07,0.2,0.00777799,22,2
IWD/XBI,IWD,XBI,us_style,industry,False,11,0.908405,0.0405424,15.0689,12.8355,1.1283,1.8215,4.19994,-0.00141591,0.1,0.595003,25,1
GLD/SLV,GLD,SLV,commodity,commodity,True,11,0.571123,0.0421846,12.4266,25.1719,1.52286,2.51747,5.17745,-0.000795672,0.1,0.70885,39,1
DIA/GDX,DIA,GDX,us_broad,commodity,False,12,-0.225599,0.00114879,7.17475,23.9659,1.28369,3.28581,6.32785,0.00129254,0.2,1.3,26,2
DBC/XLP,DBC,XLP,commodity,us_sector,False,12,-0.527747,0.00282306,5.206,43.0918,2.19688,2.59333,5.68735,0.00031858,0.2,1.6,45,2
DBC/EWJ,DBC,EWJ,commodity,intl_equity,False,12,-0.404951,0.00283622,5.05223,18.736,1.35906,1.03443,3.35174,0.0021164,0.2,0.6,28,2
QQQ/XLI,QQQ,XLI,us_broad,us_sector,False,12,1.02721,0.00284547,6.53801,26.6548,1.84173,1.56983,3.34107,0.0011331,0.3,1.99664,80,3
EWJ/GDX,EWJ,GDX,intl_equity,commodity,False,12,-0.275681,0.00364377,5.26495,22.5217,1.21662,1.0718,2.57606,0.00218713,0.2,0.55,61,2
XLF/XRT,XLF,XRT,us_sector,industry,False,12,0.767373,0.00486818,5.09583,6.36861,1.37289,6.0325,8.3285,-0.000170659,0.1,0.0565812,2,1
DBC/DIA,DBC,DIA,commodity,us_broad,False,12,-0.506222,0.00992169,6.15693,30.9342,1.71677,2.46868,5.18485,0.0004519,0.2,2,44,2
DBC/GDX,DBC,GDX,commodity,commodity,True,12,0.135216,0.0115736,6.30502,20.2566,1.465,1.40085,2.71356,0.00236038,0.2,2.60942,80,2
XLE/XLK,XLE,XLK,us_sector,us_sector,True,12,0.849273,0.0122145,6.77104,55.8674,2.31811,2.15414,4.14608,-0.000493959,0.1,0.29851,13,1
IWM/XLE,IWM,XLE,us_broad,us_sector,False,12,1.56778,0.0138365,6.34979,1757.58,4.82783,4.59137,10.4948,0.000194228,0.2,1.20677,58,2
GDX/XLF,GDX,XLF,commodity,us_sector,False,12,-2.75723,0.0142912,6.37567,18.219,1.10438,2.37498,4.96946,-0.00162256,0.1,0.75,15,1
GLD/XLF,GLD,XLF,commodity,us_sector,False,12,-1.28072,0.018429,6.58657,26.7985,1.09343,2.24601,4.35402,-0.00134566,0.1,0.65,13,1
XLE/XLI,XLE,XLI,us_sector,us_sector,True,12,0.606631,0.019643,5.70567,inf,3.51495,3.11213,8.34923,-0.000580556,0.1,0.283185,15,1
IWD/XLY,IWD,XLY,us_style,us_sector,False,12,0.696371,0.020246,7.33847,77.1024,3.57143,5.63027,11.4515,0.000117879,0.2,1.09056,37,2
GDX/XRT,GDX,XRT,commodity,industry,False,12,-2.16659,0.0204271,6.83521,20.7496,1.19189,0.972091,3.08293,0.00468104,0.3,1.35,32,3
EWJ/GLD,EWJ,GLD,intl_equity,commodity,False,12,-0.571485,0.0218039,7.03528,20.083,0.9444,0.870374,2.00069,0.000514072,0.1,0.15,3,1
LQD/USO,LQD,USO,fixed_income,commodity,False,12,-0.300731,0.0226109,10.5783,36.8702,2.02889,3.45416,6.60004,-0.000976205,0.1,0.5,10,1
XHB/XLP,XHB,XLP,industry,us_sector,False,12,0.643551,0.0254436,7.72348,18.5289,1.38043,1.21902,3.66447,1.29693e-05,0.2,0.456329,15,2
QQQ/XLE,QQQ,XLE,us_broad,us_sector,False,12,1.58811,0.025541,7.40264,155.892,3.07034,2.85967,5.8628,-0.000707071,0.1,0.251149,13,1
EWJ/SLV,EWJ,SLV,intl_equity,commodity,False,12,-0.361042,0.0266602,7.29542,23.7471,1.11543,1.13867,2.52405,0.0046272,0.2,0,67,2
IEF/VNQ,IEF,VNQ,fixed_income,real_estate,False,13,0.227336,0.00220721,5.0922,8.1963,1.35037,2.0222,6.09611,0.0001042,0.2,1.09994,27,2
IEF/IYR,IEF,IYR,fixed_income,real_estate,False,13,0.240412,0.00303916,5.27688,9.04339,1.39642,2.01549,6.31501,6.86522e-05,0.2,1.04804,26,2
DIA/XLK,DIA,XLK,us_broad,us_sector,False,13,0.61454,0.00545382,12.3338,15.0239,1.02692,1.15178,3.08249,0.000588927,0.1,1.25607,66,1
SHY/XLI,SHY,XLI,fixed_income,us_sector,False,13,0.0222287,0.00720935,5.72103,9.97464,1.98702,2.19916,8.63687,6.00987e-06,0.2,1.17391,24,2
SPY/XLK,SPY,XLK,us_broad,us_sector,False,13,0.845953,0.00783858,5.83939,3.26014,0.724444,2.53044,4.17527,-0.000280893,0.1,0.160396,7,1
TIP/VNQ,TIP,VNQ,fixed_income,real_estate,False,13,0.229736,0.00805833,5.89421,44.4886,2.31285,1.95453,5.81179,-3.40715e-05,0.2,1.33461,49,2
EWG/SHY,EWG,SHY,intl_equity,fixed_income,False,13,33.3688,0.00952375,6.51034,19.0132,2.68636,4.64612,11.0689,-1.87023e-05,0.1,0.0970904,2,1
EFA/SHY,EFA,SHY,intl_equity,fixed_income,False,13,22.3081,0.0098421,6.11434,23.8288,2.82558,3.47404,9.80681,6.69246e-05,0.2,0.765677,16,2
SHY/SPY,SHY,SPY,fixed_income,us_broad,False,13,0.0276517,0.0133116,6.1353,10.3542,1.95527,1.57614,7.38491,1.67707e-06,0.2,0.583855,12,2
SHY/XLV,SHY,XLV,fixed_income,us_sector,False,13,0.0220619,0.0149331,6.27548,8.95805,1.74105,1.27639,6.43193,-7.25843e-05,0.1,0.0978414,2,1
DIA/SPY,DIA,SPY,us_broad,us_broad,True,13,0.73362,0.0149827,16.3107,27.8731,1.21556,1.01841,2.51974,0.000462718,0.2,0.95189,37,2
SHY/XLK,SHY,XLK,fixed_income,us_sector,False,13,0.0235128,0.0151298,6.23876,10.6077,1.90181,1.46216,6.57681,4.13273e-05,0.2,0.1,4,2
SLV/XLI,SLV,XLI,commodity,us_sector,False,13,-0.465002,0.0168995,10.9566,27.9148,1.75606,2.15915,4.69168,-0.00278752,0.1,0,29,1
EFA/LQD,EFA,LQD,intl_equity,fixed_income,False,13,1.45107,0.0174663,8.14476,66.8952,1.97166,3.11933,7.62691,-0.000530756,0.1,1.12483,38,1
SHY/XLB,SHY,XLB,fixed_income,us_sector,False,13,0.0220754,0.0211018,6.69928,13.2931,2.18528,2.17598,8.09184,-7.98742e-05,0.1,0.2446,5,1
XLF/XLK,XLF,XLK,us_sector,us_sector,True,13,0.673376,0.0213113,6.87775,23.951,1.32497,1.03217,3.07645,0.000926315,0.2,0.87988,35,2
EFA/XLB,EFA,XLB,intl_equity,us_sector,False,13,0.651711,0.0216918,7.537,39.1718,2.23939,4.6586,9.37289,-0.000534471,0.1,0.473481,24,1
SLV/SPY,SLV,SPY,commodity,us_broad,False,13,-0.587484,0.0227769,11.4552,28.6826,1.75749,1.91673,4.28351,-0.00282176,0.1,0,26,1
SLV/XLK,SLV,XLK,commodity,us_sector,False,13,-0.476268,0.0245222,12.2886,30.7894,1.72211,1.8345,4.08577,-0.00320304,0.1,0,26,1
SLV/XLF,SLV,XLF,commodity,us_sector,False,13,-0.782739,0.0256195,10.0177,22.4887,1.62483,1.70764,3.89464,-0.00207743,0.1,0,26,1
XLF/XLV,XLF,XLV,us_sector,us_sector,True,14,0.654436,0.00190267,6.31708,4.1116,0.846505,2.78792,4.80339,-0.000413693,0.1,0.0395565,2,1
EWZ/XLE,EWZ,XLE,intl_equity,us_sector,False,14,1.30276,0.00257742,7.33827,12.4318,1.14798,1.92738,3.82136,-0.00150781,0.1,0.678885,24,1
DIA/IYR,DIA,IYR,us_broad,real_estate,False,14,0.574802,0.00396699,9.80086,24.8651,1.79003,1.69033,3.79329,-0.00074427,0.1,0.16425,9,1
IEF/XLF,IEF,XLF,fixed_income,us_sector,False,14,0.361442,0.00466071,7.27677,11.2473,1.47833,1.82654,5.49152,-0.000542398,0.1,0.220355,6,1
DIA/IEF,DIA,IEF,us_broad,fixed_income,False,14,1.39982,0.00854888,8.20701,8.15627,1.17865,1.03678,3.09028,0.00292739,0.3,1.00837,44,3
DIA/TLT,DIA,TLT,us_broad,fixed_income,False,14,0.540422,0.00884609,7.68749,12.3236,1.62389,1.43365,3.61401,-0.000701267,0.1,0.175414,10,1
DIA/VNQ,DIA,VNQ,us_broad,real_estate,False,14,0.523902,0.00889435,9.84348,25.6979,1.83452,1.67506,4.00964,-0.000497596,0.1,0.137516,8,1
AGG/XLK,AGG,XLK,fixed_income,us_sector,False,14,0.215761,0.0100167,8.81415,13.619,1.56065,1.55735,4.74315,-0.000393909,0.1,0.287885,7,1
AGG/DIA,AGG,DIA,fixed_income,us_broad,False,14,0.316033,0.0108482,9.23604,9.74283,1.17546,1.11602,3.86321,-0.000601851,0.1,0.645881,17,1
IEF/XLP,IEF,XLP,fixed_income,us_sector,False,14,0.342419,0.0110979,7.67075,7.03198,1.17873,1.31098,4.58731,-0.000561827,0.1,0.558693,15,1
IWD/LQD,IWD,LQD,us_style,fixed_income,False,14,1.82285,0.0131977,9.31538,15.1716,1.59177,1.35975,3.85183,-0.000580475,0.1,0.322874,10,1
XLP/XLU,XLP,XLU,us_sector,us_sector,True,14,0.805508,0.0132391,7.70387,18.552,1.78371,3.02443,5.53526,-0.00068643,0.1,0.304623,11,1
VNQ/XRT,VNQ,XRT,real_estate,industry,False,14,1.14993,0.0141037,11.4458,41.904,1.43402,1.39205,3.31142,0.00212094,0.2,1.08023,43,2
LQD/SPY,LQD,SPY,fixed_income,us_broad,False,14,0.37695,0.0142056,9.57314,19.6677,1.82143,1.64564,4.40093,-0.000673338,0.1,0.544682,15,1
XLV/XRT,XLV,XRT,us_sector,industry,False,14,1.38382,0.0150752,8.0444,7.98388,0.619589,0.619668,2.16383,0.00107811,0.1,0.290253,10,1
IYR/XRT,IYR,XRT,real_estate,industry,False,14,1.06168,0.0159999,11.5302,39.8552,1.36875,1.42533,3.36543,0.00147206,0.2,1.00449,40,2
IEF/SPY,IEF,SPY,fixed_income,us_broad,False,14,0.376067,0.0175925,8.42549,10.7739,1.40445,1.55358,5.05596,-0.000277962,0.1,0.218013,6,1
TLT/XLP,TLT,XLP,fixed_income,us_sector,False,14,0.971575,0.0191587,7.69137,14.1653,1.81477,1.6468,5.06545,-0.000686861,0.1,0.380406,15,1
DIA/LQD,DIA,LQD,us_broad,fixed_income,False,14,1.44182,0.0214431,10.4424,12.3338,1.35787,1.37929,3.68446,0.000339054,0.2,0.77096,35,2
IWD/IYR,IWD,IYR,us_style,real_estate,False,14,0.690741,0.0234907,12.4829,34.005,1.9508,1.75902,5.1506,-0.00052342,0.1,0.122563,6,1
IWM/XLY,IWM,XLY,us_broad,us_sector,False,15,0.769248,0.000138428,6.15403,20.5877,2.39711,6.33999,10.3685,-0.000455114,0.1,0.0217394,1,1
IWD/XRT,IWD,XRT,us_style,industry,False,15,0.363556,0.0012783,7.07513,15.8566,2.20286,1.85151,6.94927,-0.00116505,0.1,0.0133312,1,1
IWD/XHB,IWD,XHB,us_style,industry,False,15,0.309712,0.00184241,6.72978,16.0319,2.26999,3.51057,9.31557,0.000221057,0.2,0.271944,23,2
SPY/XRT,SPY,XRT,us_broad,industry,False,15,0.509546,0.00194478,6.97825,26.6067,2.83001,2.68785,6.26671,-0.000342049,0.1,0.0168775,1,1
SPY/XHB,SPY,XHB,us_broad,industry,False,15,0.430291,0.00297693,6.91291,26.2612,2.36531,1.94054,7.23493,-0.0006484,0.1,0.0300842,2,1
XLI/XLP,XLI,XLP,us_sector,us_sector,True,15,0.671314,0.00330781,9.54274,12.6728,1.2209,3.72326,6.81006,-0.000495786,0.1,0.220918,11,1
QQQ/SPY,QQQ,SPY,us_broad,us_broad,True,15,1.41856,0.0047395,5.52765,9.58793,1.77396,5.09894,7.81091,-0.000158983,0.1,0.0413469,2,1
GDX/SLV,GDX,SLV,commodity,commodity,True,15,1.43084,0.00479915,5.37563,5.09343,1.15945,3.76595,5.7288,-0.00184202,0.1,0.029431,1,1
SPY/XLV,SPY,XLV,us_broad,us_sector,False,15,0.456945,0.00544639,9.49736,13.7125,1.88906,1.56614,6.19307,-0.000553878,0.1,0.0156816,1,1
DIA/XRT,DIA,XRT,us_broad,industry,False,15,0.50616,0.00588482,6.98398,43.1155,3.19375,2.74631,5.94845,-0.00120437,0.1,0.033606,2,1
QQQ/XRT,QQQ,XRT,us_broad,industry,False,15,0.736147,0.00609801,8.27207,31.6164,3.14458,4.38564,9.44597,0.000693062,0.2,1.38237,48,2
IWF/XRT,IWF,XRT,us_style,industry,False,15,0.675518,0.00641745,8.07071,29.7257,3.01419,3.8632,9.12436,0.000195894,0.2,1.01461,34,2
XHB/XRT,XHB,XRT,industry,industry,True,15,1.13997,0.00654104,6.53189,12.284,1.96116,4.78899,8.66348,-0.000512442,0.1,0.233648,10,1
GLD/SHY,GLD,SHY,commodity,fixed_income,False,15,-6.74684,0.00658186,10.0148,19.3919,1.28774,2.04259,4.3456,0.000165851,0.2,0,66,2
EWZ/XME,EWZ,XME,intl_equity,industry,False,15,0.87678,0.00679667,7.88234,12.2848,1.44399,1.45345,4.35403,-0.00126472,0.1,0.159848,6,1
DIA/XHB,DIA,XHB,us_broad,industry,False,15,0.425971,0.00701807,7.14249,39.1657,2.66566,2.52376,8.53778,-0.000840363,0.1,0.179234,12,1
IWD/XBI,IWD,XBI,us_style,industry,False,15,0.12145,0.00763231,8.05714,10.9161,1.76497,2.39827,7.31142,-0.00120785,0.1,0.108297,20,1
SPY/XBI,SPY,XBI,us_broad,industry,False,15,0.177553,0.0082267,8.08835,14.0751,1.92615,1.53419,5.8327,-0.00138601,0.1,0.00753907,1,1
DBC/XLP,DBC,XLP,commodity,us_sector,False,15,-2.89769,0.00836321,7.00115,9.64456,1.75947,2.68303,7.54225,-0.0015322,0.1,0,2,1
IYR/VNQ,IYR,VNQ,real_estate,real_estate,True,15,0.855244,0.00866427,5.09267,9.7069,1.69154,2.25012,7.11913,-4.51297e-05,0.1,0.0230494,1,1
IBB/XBI,IBB,XBI,industry,industry,True,16,0.722586,0.00179893,5.42523,28.8466,1.9927,1.98047,5.50424,0.000202772,0.2,1.04869,50,2
XHB/XLU,XHB,XLU,industry,us_sector,False,16,-0.283375,0.00303034,5.17349,41.6485,2.57693,2.53693,8.47676,-0.0012916,0.1,0,1,1
TLT/VNQ,TLT,VNQ,fixed_income,real_estate,False,16,0.681268,0.00533132,5.51767,7.80567,1.27891,1.59318,6.30602,-0.00196284,0.1,0.446092,15,1
XLF/XLV,XLF,XLV,us_sector,us_sector,True,16,0.719474,0.00629834,5.87101,11.0558,1.72721,2.37619,7.17922,-0.000693003,0.1,0.125528,6,1
IEF/XLV,IEF,XLV,fixed_income,us_sector,False,16,-0.194393,0.00667407,5.86609,inf,2.12635,4.12376,9.92671,-0.000513362,0.1,0.65,13,1
TIP/XME,TIP,XME,fixed_income,industry,False,16,0.0429627,0.00683035,5.78353,21.9662,1.25272,2.72869,6.51247,-0.00045159,0.1,1.96555,41,1
TIP/XLE,TIP,XLE,fixed_income,us_sector,False,16,0.103204,0.00714986,5.76711,14.8539,1.28922,3.44414,7.24682,-0.000535451,0.1,0.72516,16,1
IWF/XLF,IWF,XLF,us_style,us_sector,False,16,0.812621,0.00776819,8.84899,10.4951,1.14131,3.15629,5.90187,-0.000515453,0.1,0.413765,15,1
IWF/KRE,IWF,KRE,us_style,industry,False,16,0.386208,0.00886224,8.042,24.1953,1.33096,1.62329,3.79719,-0.00111388,0.1,0.360696,10,1
GLD/SLV,GLD,SLV,commodity,commodity,True,16,0.698834,0.00895414,6.19574,26.2241,1.96096,3.13336,7.37412,-0.00111087,0.1,0.676935,23,1
EWG/XLE,EWG,XLE,intl_equity,us_sector,False,16,0.483103,0.0101109,7.46678,9.82721,0.977417,1.54818,4.58223,0.000821983,0.2,0.879492,54,2
IWF/XLU,IWF,XLU,us_style,us_sector,False,16,-0.202434,0.0101385,7.08528,34.638,1.80761,1.72392,3.58472,-0.00098284,0.1,0,20,1
EFA/XRT,EFA,XRT,intl_equity,industry,False,16,0.777013,0.0104106,10.2096,11.1697,1.34892,1.14336,3.09994,0.00294191,0.2,0.937064,42,2
EWG/EWZ,EWG,EWZ,intl_equity,intl_equity,True,16,0.225341,0.0108157,8.44385,6.945,0.867879,2.1885,4.82076,-0.0026874,0.1,0.901114,98,1
IYR/TLT,IYR,TLT,real_estate,fixed_income,False,16,0.717044,0.0110106,6.0088,17.3385,1.88145,1.35142,6.88257,-0.000842208,0.1,0.0417604,2,1
IBB/IEF,IBB,IEF,industry,fixed_income,False,16,-3.83627,0.0123995,7.02627,15.9254,1.05861,1.66268,3.91645,-0.000664537,0.1,0,44,1
QQQ/TIP,QQQ,TIP,us_broad,fixed_income,False,16,-1.37975,0.0131677,9.80811,35.2999,1.6162,1.43338,3.57693,-0.000890663,0.1,0,18,1
QQQ/SLV,QQQ,SLV,us_broad,commodity,False,16,-0.257157,0.0135997,8.4411,34.2127,1.46846,1.2047,3.63973,-0.00136384,0.1,0,18,1
EFA/FXI,EFA,FXI,intl_equity,intl_equity,True,16,0.320673,0.0147612,8.69593,7.00482,1.01862,1.03772,3.03059,0.00192945,0.2,0.546323,45,2
EWJ/XLF,EWJ,XLF,intl_equity,us_sector,False,16,1.23837,0.0150636,9.59484,9.0801,1.09331,0.919438,2.71653,0.00108758,0.1,0.670131,30,1
AGG/GDX,AGG,GDX,fixed_income,commodity,False,17,0.0619033,0.00251739,5.80442,24.7087,1.45348,1.56319,3.36825,0.000685752,0.1,2.5426,54,1
SPY/XLB,SPY,XLB,us_broad,us_sector,False,17,0.566061,0.00585323,5.88363,9.55541,0.645652,1.9877,3.5691,-0.000569175,0.1,2.87345,90,1
EWJ/KRE,EWJ,KRE,intl_equity,industry,False,17,0.58266,0.00703132,5.6503,17859.8,2.93596,2.23681,6.89895,0.000783748,0.2,0.460701,15,2
IEF/XLU,IEF,XLU,fixed_income,us_sector,False,17,0.30165,0.0133209,6.34279,1222.15,2.32088,1.72682,6.03624,-0.000572904,0.1,0.162221,14,1
IYR/LQD,IYR,LQD,real_estate,fixed_income,False,17,1.65012,0.0161471,6.53776,19.3857,1.2055,1.0244,3.30691,0.00090855,0.1,1.12078,36,1
GDX/XLU,GDX,XLU,commodity,us_sector,False,17,3.13689,0.0170843,5.30325,14.4026,1.20396,1.21617,3.15961,0.00266709,0.2,0.853814,45,2
EWJ/FXI,EWJ,FXI,intl_equity,intl_equity,True,17,0.475682,0.017179,6.61094,11.6904,0.893226,1.06396,3.27823,-0.000519937,0.1,1.52472,45,1
IWD/XLB,IWD,XLB,us_style,us_sector,False,17,0.657408,0.0171994,6.21079,96.9728,1.40348,2.78135,5.99719,-0.000613239,0.1,1.96089,65,1
AGG/XLU,AGG,XLU,fixed_income,us_sector,False,17,0.208304,0.0182857,5.01057,117.136,2.48567,2.70664,4.78983,-0.000226438,0.1,1.15865,28,1
TIP/XLU,TIP,XLU,fixed_income,us_sector,False,17,0.214695,0.018731,7.09942,22.8078,1.37135,2.07919,3.98834,0.000109439,0.2,1.93464,47,2
GLD/IEF,GLD,IEF,commodity,fixed_income,False,17,2.35393,0.0188528,11.1359,6.47915,0.490587,0.753357,1.71898,0,0,0,0,0
IWF/XLB,IWF,XLB,us_style,us_sector,False,17,0.501168,0.0191233,7.20957,5.4884,0.508072,0.937384,1.94058,0,0,0,0,0
LQD/VNQ,LQD,VNQ,fixed_income,real_estate,False,17,0.442802,0.0222996,6.73116,23.8198,1.29251,1.53732,4.5046,-0.000659542,0.1,0.207929,6,1
EWJ/XBI,EWJ,XBI,intl_equity,industry,False,17,0.213142,0.0229818,7.02539,7.54821,0.768016,1.90581,3.53203,-0.00170411,0.1,2.06076,50,1
EFA/EWG,EFA,EWG,intl_equity,intl_equity,True,17,0.903208,0.0251438,7.41308,7.00482,0.99048,0.896731,2.74058,0.000992449,0.2,0.438986,17,2
GLD/XLU,GLD,XLU,commodity,us_sector,False,17,0.784055,0.0253453,7.40946,122.361,1.61019,1.24663,4.04731,0.000372832,0.2,0.732495,27,2
GDX/TLT,GDX,TLT,commodity,fixed_income,False,17,4.46483,0.0299792,8.65474,28.3489,1.24337,1.14184,3.33004,-0.000412584,0.1,0.338528,37,1
SHY/XLU,SHY,XLU,fixed_income,us_sector,False,17,0.04182,0.0328377,7.4225,21.3193,1.18332,1.16112,2.65923,0.000181024,0.2,1.75384,49,2
GDX/TIP,GDX,TIP,commodity,fixed_income,False,17,13.0477,0.0371074,6.35014,11.7886,1.13713,1.24662,3.25501,0.000721383,0.1,2.60068,56,1
EFA/FXI,EFA,FXI,intl_equity,intl_equity,True,17,0.529205,0.0409595,7.26431,18.6854,0.888154,1.39319,3.38978,0.0023194,0.2,1.33235,77,2
XLB/XLY,XLB,XLY,us_sector,us_sector,True,18,1.6629,2.70912e-05,7.29093,20.0619,1.2276,2.19177,4.5283,-0.000636551,0.1,0.99915,32,1
QQQ/XLK,QQQ,XLK,us_broad,us_sector,False,18,0.867393,0.000348012,6.83255,19.8946,1.13777,2.48283,4.54218,-0.000294992,0.1,1.36554,51,1
IBB/LQD,IBB,LQD,industry,fixed_income,False,18,0.495197,0.000375327,6.47611,11.3687,0.64942,1.21543,2.84881,0.00284285,0.2,2.34083,70,2
IBB/SLV,IBB,SLV,industry,commodity,False,18,0.15005,0.000385292,6.55259,19.3736,0.753867,1.35767,3.38292,-0.00191955,0.1,3.39116,78,1
IBB/VNQ,IBB,VNQ,industry,real_estate,False,18,0.29654,0.000505563,7.00691,14.0921,0.708914,1.21273,2.99414,-0.00112221,0.1,3.1237,81,1
IBB/IYR,IBB,IYR,industry,real_estate,False,18,0.30935,0.000536685,7.04913,12.3507,0.665994,1.11771,2.83664,0.000379381,0.1,0.381869,10,1
IBB/IWF,IBB,IWF,industry,us_style,False,18,0.464834,0.000600753,7.48325,10.4682,0.550464,0.415781,1.5405,0,0,0,0,0
IBB/QQQ,IBB,QQQ,industry,us_broad,False,18,0.414146,0.00076815,7.30187,12.3446,0.588848,0.506219,1.34475,0,0,0,0,0
IBB/XLK,IBB,XLK,industry,us_sector,False,18,0.288648,0.00078902,7.16211,12.6019,0.599927,0.470522,1.89763,0,0,0,0,0
IBB/XLV,IBB,XLV,industry,us_sector,False,18,0.80104,0.000826042,8.39705,4.68216,0.361404,0.328996,0.949636,0,0,0,0,0
IBB/SPY,IBB,SPY,industry,us_broad,False,18,0.334248,0.000891789,7.52342,12.244,0.606913,0.597563,2.18092,0.00097664,0.1,0.337269,9,1
IBB/TIP,IBB,TIP,industry,fixed_income,False,18,0.600218,0.0010289,6.96247,15.3075,0.697145,1.25021,3.04161,-0.000865765,0.1,0.343703,11,1
GDX/XLV,GDX,XLV,commodity,us_sector,False,18,4.22226,0.00112022,5.93338,92.3787,1.50753,2.47508,5.42546,-0.00200513,0.1,1.94043,48,1
IBB/IWD,IBB,IWD,industry,us_style,False,18,0.238038,0.00126016,7.556,14.2332,0.669963,0.82405,2.59759,0.000662268,0.1,0.403865,10,1
IBB/IWM,IBB,IWM,industry,us_broad,False,18,0.214577,0.00147761,7.43725,15.2833,0.693743,0.767506,2.49062,0.000700146,0.1,0.411666,10,1
IWF/XME,IWF,XME,us_style,industry,False,18,0.176895,0.00168997,5.25849,48.0817,3.00186,5.71037,10.2839,-0.00095211,0.1,0.297393,7,1
XLY/XME,XLY,XME,us_sector,industry,False,18,0.16285,0.00171189,5.07745,31.1112,2.21781,4.55029,8.31655,-0.00103273,0.1,0.472976,11,1
IBB/XME,IBB,XME,industry,industry,True,18,0.0482797,0.00187293,7.32395,17.0542,0.73686,1.12835,3.00471,0.000930544,0.1,0.476972,10,1
EWJ/XLK,EWJ,XLK,intl_equity,us_sector,False,18,0.689204,0.00197488,5.53815,9.5012,0.709424,1.27541,2.63792,0.000999916,0.1,1.20361,59,1
LQD/XLV,LQD,XLV,fixed_income,us_sector,False,18,0.698854,0.0020093,5.92759,16.3244,1.01577,1.99499,4.06405,-0.000832222,0.1,0.308526,15,1
FXI/XRT,FXI,XRT,intl_equity,industry,False,19,-0.77409,0.000224698,5.50471,46.2709,2.12283,4.46354,9.68638,-0.00154361,0.1,1.85,37,1
EEM/XRT,EEM,XRT,intl_equity,industry,False,19,-1.12693,0.000469933,5.37815,112.967,2.01442,3.64931,8.89602,9.76795e-05,0.2,1.65,33,2
IBB/XLP,IBB,XLP,industry,us_sector,False,19,0.78554,0.00138662,8.79189,17.9261,1.02842,2.4176,4.50542,-0.00161557,0.1,1.0361,37,1
EWJ/XRT,EWJ,XRT,intl_equity,industry,False,19,-0.62918,0.00258873,7.57702,inf,2.21483,3.24204,8.41576,9.14335e-05,0.2,2,40,2
EFA/EWG,EFA,EWG,intl_equity,intl_equity,True,19,0.748064,0.00361468,5.96183,11.2215,1.07744,2.07291,4.87902,-0.000256679,0.1,0.171618,6,1
IBB/XHB,IBB,XHB,industry,industry,True,19,0.627666,0.00377701,7.96471,43.9665,1.56322,1.64305,3.74973,-0.00116845,0.1,0.921565,30,1
IBB/XLU,IBB,XLU,industry,us_sector,False,19,0.58579,0.00409127,7.81574,25.4899,1.05084,1.63686,3.49342,0.00308999,0.3,2.36475,75,3
IBB/XLV,IBB,XLV,industry,us_sector,False,19,0.87864,0.00435592,7.73364,22.9286,1.17947,1.0744,2.69976,0.0011962,0.1,0.95814,36,1
EWJ/QQQ,EWJ,QQQ,intl_equity,us_broad,False,19,0.49757,0.00437815,6.12254,230.7,1.93747,2.75671,6.94863,-0.000452138,0.1,0.467424,14,1
XLP/XLV,XLP,XLV,us_sector,us_sector,True,19,0.703783,0.00584682,8.84742,17.9581,1.30671,2.81875,5.53077,-0.000731301,0.1,1.09464,53,1
XLU/XLV,XLU,XLV,us_sector,us_sector,True,19,0.92074,0.00615708,6.44507,145.273,1.22672,1.06527,4.16383,-2.7948e-06,0.2,0.504127,20,2
EWG/XRT,EWG,XRT,intl_equity,industry,False,19,-1.25861,0.00688405,8.55681,195.371,1.60514,2.3877,5.97078,-0.00231779,0.1,2.7,54,1
EWZ/XRT,EWZ,XRT,intl_equity,industry,False,19,-0.678652,0.0072218,7.37629,15.0431,1.06544,1.88645,4.14433,-0.00348937,0.1,4.05,81,1
EWJ/XLK,EWJ,XLK,intl_equity,us_sector,False,19,0.505224,0.00729036,6.27887,340.361,1.49425,2.1066,5.99214,-0.000626433,0.1,0.697571,21,1
EWG/XLU,EWG,XLU,intl_equity,us_sector,False,19,1.22352,0.00847335,11.2738,inf,0.670262,1.14472,3.54279,-0.00143894,0.1,0.224869,10,1
XLP/XLU,XLP,XLU,us_sector,us_sector,True,19,0.722439,0.00876593,5.92463,435.522,2.6874,3.72309,8.67143,-0.000465958,0.1,0.314571,15,1
FXI/XLP,FXI,XLP,intl_equity,us_sector,False,19,0.858257,0.00953438,11.0139,14.4481,1.27583,4.30709,6.53922,-0.00143918,0.1,0.834115,31,1
EEM/XLU,EEM,XLU,intl_equity,us_sector,False,19,1.02458,0.00977328,10.049,inf,0.82729,2.37489,6.01077,-0.00163694,0.1,2.81539,114,1
XLB/XLY,XLB,XLY,us_sector,us_sector,True,19,0.971312,0.0109273,7.01796,24.5555,1.67362,2.74731,6.63165,-0.000730463,0.1,0.355093,14,1
EFA/XRT,EFA,XRT,intl_equity,industry,False,19,-0.969559,0.0116013,8.41019,1501.15,1.69169,2.69404,6.80735,0.000172113,0.2,3.25,65,2
VNQ/XLB,VNQ,XLB,real_estate,us_sector,False,20,0.242489,0.000750531,6.84907,86.3032,2.62556,5.22598,9.89409,-0.000699962,0.1,0.0292746,3,1
VNQ/XBI,VNQ,XBI,real_estate,industry,False,20,0.134052,0.000754645,6.07659,24.7783,2.45517,5.3047,9.85425,-0.00114199,0.1,0.017731,3,1
VNQ/XLV,VNQ,XLV,real_estate,us_sector,False,20,0.240271,0.00120473,6.1688,42.1059,2.5539,4.99316,9.54377,-0.000612911,0.1,0.0193725,2,1
VNQ/XLK,VNQ,XLK,real_estate,us_sector,False,20,0.166678,0.00155691,6.33266,31.8062,2.41504,5.73381,10.0263,-0.000968501,0.1,0.028573,4,1
VNQ/XLU,VNQ,XLU,real_estate,us_sector,False,20,0.284375,0.00210454,6.63839,31.2524,2.4616,3.1868,6.88033,-0.00029912,0.2,0.077494,7,2
VNQ/XLF,VNQ,XLF,real_estate,us_sector,False,20,0.201843,0.00241163,7.3406,94.115,2.57596,4.98806,9.44221,-0.000718114,0.1,0.0167945,2,1
VNQ/XLI,VNQ,XLI,real_estate,us_sector,False,20,0.244992,0.00249132,6.99077,131.052,2.69562,5.39593,10.0008,-0.000861391,0.1,0.0295173,3,1
IWF/XLK,IWF,XLK,us_style,us_sector,False,20,0.848658,0.00293799,14.0554,18.0007,1.46874,1.10092,3.9707,-0.000252441,0.1,0.270466,10,1
IYR/XLV,IYR,XLV,real_estate,us_sector,False,20,0.430864,0.00336364,7.05898,53.0215,2.33205,4.07656,8.10914,-0.000726683,0.1,0.0451682,3,1
EWG/LQD,EWG,LQD,intl_equity,fixed_income,False,20,3.28765,0.003641,5.40618,6.29247,1.35157,4.22352,7.47253,-0.000414872,0.1,0.0932913,8,1
IYR/QQQ,IYR,QQQ,real_estate,us_broad,False,20,0.341125,0.00400652,6.67201,24.2933,2.04583,5.97119,10.016,-0.000693178,0.1,0.0381536,3,1
EFA/LQD,EFA,LQD,intl_equity,fixed_income,False,20,2.7463,0.00433712,5.25178,7.11115,1.66743,6.39993,10.368,-0.000229343,0.1,0.0667325,5,1
VNQ/XHB,VNQ,XHB,real_estate,industry,False,20,0.187872,0.00497051,7.632,161.318,2.56387,4.36509,8.98355,-0.000726107,0.1,0.0237238,3,1
IYR/XLK,IYR,XLK,real_estate,us_sector,False,20,0.303274,0.00563743,7.35795,29.4195,2.03138,5.6267,9.56771,-0.000666015,0.1,0.0349052,3,1
IYR/LQD,IYR,LQD,real_estate,fixed_income,False,20,1.16449,0.0060263,5.4654,134.724,3.19085,2.84419,7.4154,-0.000336844,0.1,0.0537998,2,1
IYR/TIP,IYR,TIP,real_estate,fixed_income,False,20,3.20066,0.00631682,5.43856,6.34156,1.30164,1.60606,4.11251,-0.000262517,0.1,0.571457,15,1
IYR/XBI,IYR,XBI,real_estate,industry,False,20,0.234854,0.006413,7.78907,18.0157,1.88925,4.14128,7.9405,-0.000579438,0.1,0.0190188,2,1
XLU/XLV,XLU,XLV,us_sector,us_sector,True,20,0.75729,0.00790913,21.9575,13.8026,1.39483,4.08242,6.90668,-0.000189338,0.1,0.0430942,2,1
IWM/XLB,IWM,XLB,us_broad,us_sector,False,20,0.760736,0.00976569,6.36039,170.127,3.43704,4.04224,11.4093,-0.000319094,0.1,0.170383,6,1
GLD/TIP,GLD,TIP,commodity,fixed_income,False,20,3.08562,0.0116165,7.24936,inf,2.3456,2.90496,6.68629,-0.000230401,0.1,0.0856663,7,1
GLD/IYR,GLD,IYR,commodity,real_estate,False,21,-0.432526,0.00262871,8.08318,6.68628,0.784974,2.23332,3.87327,-0.00114322,0.1,0,17,1
XLF/XLI,XLF,XLI,us_sector,us_sector,True,21,1.17522,0.00768119,5.81798,10.424,1.82114,1.47958,5.35226,5.77302e-05,0.2,0.162083,6,2
EWJ/SHY,EWJ,SHY,intl_equity,fixed_income,False,21,-15.0164,0.00775443,7.89979,34.4076,1.09666,1.04593,4.56758,7.61382e-06,0.2,1.5,30,2
EWJ/XLF,EWJ,XLF,intl_equity,us_sector,False,21,0.805657,0.00787494,6.45348,9.04713,1.17562,2.22077,4.40849,-0.000625759,0.1,0.468494,21,1
SLV/XRT,SLV,XRT,commodity,industry,False,21,-0.122163,0.00838268,7.11366,10.4633,1.3661,4.45782,6.45891,-0.00164298,0.1,0,19,1
SLV/XLY,SLV,XLY,commodity,us_sector,False,21,-0.127106,0.00848964,7.05337,10.4301,1.3509,4.39825,6.50599,-0.00176614,0.1,0,19,1
SLV/USO,SLV,USO,commodity,commodity,True,21,-0.0661715,0.0090488,7.02108,10.2124,1.38401,4.60666,6.93216,-0.00180659,0.1,0,19,1
QQQ/USO,QQQ,USO,us_broad,commodity,False,21,0.484735,0.0100596,8.55061,5.34969,1.21689,1.86094,4.63843,0.00201898,0.3,2.15527,64,3
EFA/XLI,EFA,XLI,intl_equity,us_sector,False,21,0.607407,0.0104228,8.43966,13.5749,1.88128,4.53175,6.99561,-0.000432994,0.1,0.113364,6,1
GLD/VNQ,GLD,VNQ,commodity,real_estate,False,21,-0.364648,0.0110917,8.26913,7.31619,0.812558,2.63877,4.28498,-0.000993466,0.1,0,19,1
EFA/SHY,EFA,SHY,intl_equity,fixed_income,False,21,-8.86078,0.0114328,8.49703,14.5167,1.28719,1.15959,3.70406,-0.000115928,0.1,0,9,1
TIP/VNQ,TIP,VNQ,fixed_income,real_estate,False,21,0.0830757,0.0116038,7.23137,16.8769,1.74101,1.59187,4.34954,-0.000378,0.1,0.0767035,20,1
SLV/XLK,SLV,XLK,commodity,us_sector,False,21,-0.0983195,0.0119908,7.47974,10.4085,1.31811,4.44859,6.56782,-0.00176679,0.1,0,19,1
USO/XLK,USO,XLK,commodity,us_sector,False,21,1.62981,0.0135854,9.03545,7.09018,1.41514,1.40701,4.34832,-2.7812e-06,0.2,0.573949,22,2
IWF/KRE,IWF,KRE,us_style,industry,False,21,0.836076,0.0145573,7.6341,10.3804,1.69494,4.9421,8.31762,-0.000898011,0.1,0.0816959,3,1
EEM/VNQ,EEM,VNQ,intl_equity,real_estate,False,21,-0.695238,0.0151821,8.48682,14.3327,1.42055,1.84092,5.18448,-0.00192419,0.1,0,5,1
SLV/SPY,SLV,SPY,commodity,us_broad,False,21,-0.136028,0.0166956,7.78234,10.174,1.27824,4.44621,6.47928,-0.00167656,0.1,0,19,1
KRE/XLK,KRE,XLK,industry,us_sector,False,21,0.884434,0.0180739,7.64493,14.5986,1.8898,3.93658,8.17232,-0.000790189,0.1,1.03254,44,1
KRE/QQQ,KRE,QQQ,industry,us_broad,False,21,0.962284,0.0193198,7.40022,14.7776,1.85894,4.38964,8.39892,-0.000343611,0.1,0.833663,34,1
EEM/IYR,EEM,IYR,intl_equity,real_estate,False,21,-0.722815,0.0204704,9.31237,13.9588,1.31129,1.57617,4.66385,-0.00191682,0.1,0,5,1
EEM/XLU,EEM,XLU,intl_equity,us_sector,False,22,-1.37566,0.00250179,5.10028,19.2966,1.87059,3.97223,6.97462,-0.00117215,0.1,0.75,15,1
FXI/XLU,FXI,XLU,intl_equity,us_sector,False,22,-1.36676,0.00293579,5.06378,17.1497,1.91899,4.03525,6.62495,-0.00114726,0.1,0.7,14,1
SLV/XLU,SLV,XLU,commodity,us_sector,False,22,-1.2211,0.00331404,5.50363,13.167,1.37587,4.02397,7.29472,-0.00104815,0.1,0.1,2,1
IWF/XRT,IWF,XRT,us_style,industry,False,22,0.702995,0.0038181,5.89809,52.9035,3.02546,5.5148,10.7106,-0.000640344,0.1,0.763361,26,1
QQQ/XRT,QQQ,XRT,us_broad,industry,False,22,0.755226,0.00508809,5.64748,47.4651,2.65206,4.56431,8.96461,-0.000930745,0.1,0.712159,25,1
SPY/XRT,SPY,XRT,us_broad,industry,False,22,0.55022,0.007906,6.5927,48.9117,2.76191,4.74733,9.7009,-0.000966002,0.1,0.903098,28,1
XLY/XRT,XLY,XRT,us_sector,industry,False,22,0.722463,0.00935671,6.49235,260.485,3.256,6.59876,12.2248,-0.000817163,0.1,0.31931,11,1
EFA/EWG,EFA,EWG,intl_equity,intl_equity,True,22,0.636113,0.0102616,6.29477,16.3757,1.69616,4.50359,7.43124,0.000182396,0.2,0.336163,11,2
GDX/XLV,GDX,XLV,commodity,us_sector,False,22,-1.22381,0.0111051,8.03882,75.625,1.6733,2.24431,6.3426,-0.00106129,0.1,0.6,12,1
XLK/XRT,XLK,XRT,us_sector,industry,False,22,0.771445,0.0120681,5.97852,46.2447,3.2546,5.05837,10.0476,-0.00116953,0.1,0.423383,15,1
SLV/XLV,SLV,XLV,commodity,us_sector,False,22,-1.04111,0.0122004,8.25349,13.746,0.979278,0.911268,2.33447,0.00181255,0.1,0.6,12,1
GLD/IYR,GLD,IYR,commodity,real_estate,False,22,-0.856536,0.0151031,6.93441,37.0143,2.25425,5.60069,11.1082,-0.00117821,0.1,0.35,7,1
EWG/EWJ,EWG,EWJ,intl_equity,intl_equity,True,22,1.52402,0.0175737,6.71023,10.6239,0.946486,0.804526,2.00046,0.000722354,0.1,0.376383,19,1
IYR/VNQ,IYR,VNQ,real_estate,real_estate,True,22,0.939344,0.0193749,6.39163,6.61657,0.68015,1.79772,2.98182,-6.04037e-05,0.1,2.1399,83,1
GLD/VNQ,GLD,VNQ,commodity,real_estate,False,22,-0.795275,0.0194221,7.54986,37.4778,2.10314,5.14561,10.334,-0.00064529,0.1,0.1,2,1
KRE/XLB,KRE,XLB,industry,us_sector,False,22,1.32099,0.0195093,8.17253,29.6507,1.42267,1.81733,4.38076,0.000433957,0.2,1.05293,37,2
QQQ/XLY,QQQ,XLY,us_broad,us_sector,False,22,1.04528,0.0250625,8.91416,5.99951,0.756434,1.28629,2.92577,0.0010135,0.2,1.71209,67,2
IBB/XRT,IBB,XRT,industry,industry,True,22,0.783946,0.0314015,10.315,6.50482,0.777318,1.1329,2.55273,0.00162868,0.2,0.952943,34,2
KRE/XME,KRE,XME,industry,industry,True,22,0.773935,0.0337938,8.38037,16.1302,1.21753,1.29383,3.27925,-7.04974e-05,0.1,1.38111,49,1
EWZ/VNQ,EWZ,VNQ,intl_equity,real_estate,False,22,-1.917,0.0370092,7.97371,15.9221,1.11106,4.41871,7.30782,-0.00203973,0.1,0.6,12,1
EWJ/XLE,EWJ,XLE,intl_equity,us_sector,False,23,0.467867,0.0127616,5.10353,38.8679,3.18874,6.43109,10.9844,-0.000844429,0.1,0.817513,24,1
EFA/XLB,EFA,XLB,intl_equity,us_sector,False,23,0.760296,0.0158898,6.60071,44.9342,1.47294,1.23815,3.40688,0.000536909,0.2,1.00234,42,2
IBB/XME,IBB,XME,industry,industry,True,23,0.517791,0.0204811,8.71276,65.7473,1.60614,1.51374,4.30647,-0.001574,0.1,0.197656,6,1
EWZ/GLD,EWZ,GLD,intl_equity,commodity,False,23,2.09795,0.0206704,8.00201,12.0654,1.33492,3.34964,6.50837,-0.0014645,0.1,0.135441,4,1
IWD/IWF,IWD,IWF,us_style,us_style,True,23,0.660494,0.0213912,7.93894,21.8957,1.46998,1.14203,4.09729,-0.000440559,0.1,0.0994424,5,1
EWJ/USO,EWJ,USO,intl_equity,commodity,False,23,0.257549,0.0236544,6.92848,28.6249,2.06132,3.14029,5.72254,-0.00112179,0.1,0.675918,17,1
IWF/SPY,IWF,SPY,us_style,us_broad,False,23,1.21109,0.0287205,7.40719,24.6203,1.56039,1.40266,3.27123,0.0005032,0.2,1.85376,71,2
XLV/XME,XLV,XME,us_sector,industry,False,23,0.0505217,0.0287498,11.2596,inf,1.63127,1.96144,5.29477,-0.0019602,0.1,0.856717,18,1
SPY/XLK,SPY,XLK,us_broad,us_sector,False,23,0.633943,0.0309021,9.3733,6.13199,0.662805,0.790127,2.49272,0.00108142,0.2,0.504379,26,2
IBB/KRE,IBB,KRE,industry,industry,True,23,0.651645,0.0321944,7.47556,38.9194,1.41687,1.22996,2.84232,0.00193985,0.2,1.31973,53,2
IWD/XLK,IWD,XLK,us_style,us_sector,False,23,0.508834,0.0343824,9.53052,12.2641,0.972003,0.846575,3.50972,-0.000569411,0.1,0.18548,11,1
IWD/QQQ,IWD,QQQ,us_style,us_broad,False,23,0.618576,0.0362222,7.69034,12.8318,0.917703,0.782724,2.38119,0.000869034,0.1,0.324847,17,1
EWZ/GDX,EWZ,GDX,intl_equity,commodity,False,23,0.884695,0.0368973,10.6818,9.21438,0.877082,1.73851,4.31094,-0.00249789,0.1,0.328587,14,1
IYR/LQD,IYR,LQD,real_estate,fixed_income,False,23,1.38135,0.0387352,9.54356,6.21121,0.698063,1.3068,3.00304,0.00115778,0.2,1.33416,46,2
IWF/XLK,IWF,XLK,us_style,us_sector,False,23,0.779873,0.0405225,11.7225,10.6577,0.81169,1.5984,3.2148,5.33564e-05,0.1,1.46784,67,1
QQQ/SPY,QQQ,SPY,us_broad,us_broad,True,23,1.25518,0.0407443,8.32186,5.27165,0.448479,0.578046,1.96637,0,0,0,0,0
DIA/IWD,DIA,IWD,us_broad,us_style,False,23,0.978742,0.0429402,10.6405,6.77558,0.554755,0.918959,2.25941,0.00053,0.1,1.693,67,1
IBB/XLE,IBB,XLE,industry,us_sector,False,23,0.686637,0.043497,7.89746,72.0005,2.12064,1.9939,5.94265,-0.00147877,0.1,0.415027,14,1
GDX/IEF,GDX,IEF,commodity,fixed_income,False,23,2.04408,0.0462558,14.6059,7.72456,0.621963,1.92468,3.25134,-0.00103601,0.1,1.97104,120,1
EWJ/KRE,EWJ,KRE,intl_equity,industry,False,23,0.420638,0.047091,8.02932,28.032,1.44223,2.58975,4.60759,-0.000996847,0.1,0.950278,27,1
EEM/IBB,EEM,IBB,intl_equity,industry,False,24,0.507503,0.000736717,12.0956,20.3469,3.63594,4.98625,9.72371,0.000353686,0.2,0.332172,11,2
IYR/SHY,IYR,SHY,real_estate,fixed_income,False,24,4.45701,0.0018969,6.31348,23.8769,9.41348,12.7252,32.2655,-4.79469e-06,0.2,0.114138,9,2
IYR/TIP,IYR,TIP,real_estate,fixed_income,False,24,1.88526,0.00235374,6.75747,17.2969,7.38155,9.77387,25.2086,0.000209577,0.2,0.171306,9,2
IYR/TLT,IYR,TLT,real_estate,fixed_income,False,24,0.689668,0.00243375,7.50163,18.3923,7.13995,9.25447,24.4668,0.00174873,0.3,0.523466,18,3
IYR/LQD,IYR,LQD,real_estate,fixed_income,False,24,1.04946,0.00263248,6.55118,15.5639,6.76127,9.15227,21.4757,-0.000218705,0.2,0.220777,9,2
IWF/XLK,IWF,XLK,us_style,us_sector,False,24,0.685636,0.00311065,5.0584,27.509,5.947,4.43247,22.1584,0.000530775,0.3,0.435611,15,3
DBC/XRT,DBC,XRT,commodity,industry,False,24,0.460162,0.00367872,5.38512,25.4881,5.28653,9.37096,18.5423,-0.0013539,0.1,0.0945433,6,1
EEM/XBI,EEM,XBI,intl_equity,industry,False,24,0.450159,0.00502545,12.3225,18.3251,3.34551,4.42073,8.83542,0.00048714,0.2,0.510311,17,2
FXI/XRT,FXI,XRT,intl_equity,industry,False,24,0.790221,0.00588776,7.54749,18.5465,2.78398,2.40508,9.92728,0.000461662,0.2,0.251366,9,2
IYR/XLP,IYR,XLP,real_estate,us_sector,False,24,0.824487,0.0062048,7.39269,20.0192,5.62697,6.63815,18.0376,0.000405568,0.2,0.341835,13,2
AGG/IYR,AGG,IYR,fixed_income,real_estate,False,24,0.513241,0.0075598,7.15224,19.1649,7.65042,10.6894,25.5862,0.00194992,0.1,0.152625,9,1
XLB/XLK,XLB,XLK,us_sector,us_sector,True,24,0.469423,0.007641,6.92158,15.5925,4.57689,8.51025,21.2086,-0.000871307,0.1,0.175703,11,1
SHY/XLP,SHY,XLP,fixed_income,us_sector,False,24,0.176322,0.00767143,5.86937,18.0175,6.43039,9.66805,23.0565,-7.22021e-05,0.1,0.0425054,1,1
LQD/XLP,LQD,XLP,fixed_income,us_sector,False,24,0.759843,0.00795549,5.86868,5.24094,3.38704,4.4417,9.43617,-0.000743594,0.1,0.0568233,2,1
TIP/XLP,TIP,XLP,fixed_income,us_sector,False,24,0.409647,0.00896098,6.05369,7.86474,4.2948,6.03101,14.0354,-0.000962504,0.1,0.10641,3,1
AGG/VNQ,AGG,VNQ,fixed_income,real_estate,False,24,0.502905,0.0117705,7.4737,17.9803,7.31043,10.3562,24.9227,-0.000140472,0.2,0.116924,6,2
VNQ/XLP,VNQ,XLP,real_estate,us_sector,False,24,0.838203,0.0118663,7.55138,18.6063,5.32313,6.35082,17.716,0.000777433,0.2,0.263203,10,2
SHY/TIP,SHY,TIP,fixed_income,fixed_income,True,24,0.423122,0.0144355,6.45852,15.0304,6.66596,6.30551,33.9004,-0.00043211,0.1,0.210804,6,1
LQD/TIP,LQD,TIP,fixed_income,fixed_income,True,24,1.81078,0.0157755,8.48644,6.44041,4.89202,5.26547,23.5245,-0.00010231,0.1,0.161057,5,1
IYR/SLV,IYR,SLV,real_estate,commodity,False,24,0.506969,0.0180231,13.3878,12.5269,2.44078,2.67485,7.71554,0.00639338,0.3,0.382254,13,3
SLV/XRT,SLV,XRT,commodity,industry,False,25,0.553042,0.00070559,6.27697,9.59972,1.85881,4.58489,8.86004,-0.00414863,0.1,0.0643898,2,1
SLV/XHB,SLV,XHB,commodity,industry,False,25,0.494869,0.000781639,5.84802,8.22084,1.93842,5.8389,10.4156,-0.00231758,0.1,0.200686,6,1
TIP/USO,TIP,USO,fixed_income,commodity,False,25,-0.034421,0.000812708,9.88569,26.4099,0.59071,2.90542,4.30861,-0.00111959,0.1,4.85,97,1
IYR/KRE,IYR,KRE,real_estate,industry,False,25,0.50518,0.00119087,10.0593,63.0689,1.21605,1.1639,3.10139,0.00180842,0.2,0.913684,28,2
SLV/XLB,SLV,XLB,commodity,us_sector,False,25,0.733429,0.00129955,6.05785,10.1835,1.87035,5.06062,9.42829,-0.00234998,0.1,0.0288446,1,1
LQD/XBI,LQD,XBI,fixed_income,industry,False,25,0.246858,0.00150737,5.84886,35.7936,0.81873,0.814469,1.93358,0,0,0,0,0
SLV/XLY,SLV,XLY,commodity,us_sector,False,25,0.845879,0.00230622,5.56029,8.83833,1.81689,3.95024,8.53625,-0.00224061,0.1,0.0270874,1,1
KRE/VNQ,KRE,VNQ,industry,real_estate,False,25,1.72236,0.00982295,12.038,62.8064,1.27194,1.26275,2.99571,0.00175808,0.2,2.35925,75,2
AGG/USO,AGG,USO,fixed_income,commodity,False,25,-0.0367832,0.0142331,8.14493,10.797,0.347625,1.66278,2.31825,8.3434e-05,0.1,5.55,111,1
EFA/IWM,EFA,IWM,intl_equity,us_broad,False,25,0.746345,0.0152926,6.17358,16.441,1.79384,1.75187,5.16651,5.56854e-05,0.2,0.692738,28,2
EWZ/KRE,EWZ,KRE,intl_equity,industry,False,25,1.22563,0.0153701,5.99663,15.0011,2.05407,1.80746,4.40598,0.00537587,0.3,0.866708,37,3
GLD/SHY,GLD,SHY,commodity,fixed_income,False,25,4.10418,0.0154858,11.2378,7.54905,1.04354,3.67172,6.60528,-0.000467494,0.1,0.0783671,8,1
GLD/IEF,GLD,IEF,commodity,fixed_income,False,25,1.40184,0.0178591,8.72783,6.04039,1.01453,4.05278,6.61843,-0.000874699,0.1,0.0832697,4,1
FXI/XLP,FXI,XLP,intl_equity,us_sector,False,25,0.938074,0.0192454,7.69982,6.24682,0.933265,0.866219,3.7012,0.00451167,0.2,0.87716,34,2
GLD/USO,GLD,USO,commodity,commodity,True,25,-0.0981755,0.0198037,12.6154,7.38985,0.858905,3.34059,5.85458,-0.00302525,0.1,0.25,5,1
EWG/XRT,EWG,XRT,intl_equity,industry,False,25,0.891993,0.0216439,6.84294,37.5766,2.57368,4.7823,9.00476,-0.00113213,0.1,0.141437,6,1
IYR/TLT,IYR,TLT,real_estate,fixed_income,False,25,-0.942722,0.0219666,12.7141,5.33838,0.347262,0.937862,1.57388,0,0,0,0,0
XHB/XRT,XHB,XRT,industry,industry,True,25,1.14352,0.0237034,9.22886,inf,1.98761,1.8094,7.29241,-0.00103784,0.1,0.293413,11,1
TLT/USO,TLT,USO,fixed_income,commodity,False,25,-0.132973,0.023934,8.62432,16.5522,0.663139,0.539333,1.56357,0,0,0,0,0
TLT/XLE,TLT,XLE,fixed_income,us_sector,False,25,-0.316072,0.0257774,10.428,29.4832,1.02128,0.90873,2.08292,0.00272336,0.1,0.85,17,1
FXI/XRT,FXI,XRT,intl_equity,industry,False,26,0.357516,0.000970835,5.07122,35.2587,2.58773,3.51551,7.26503,0.00600163,0.3,0.431488,13,3
IWF/XLY,IWF,XLY,us_style,us_sector,False,26,0.94912,0.00179916,6.05627,20.8299,1.04908,0.842686,2.75235,-0.000110542,0.1,0.436094,17,1
XLK/XLY,XLK,XLY,us_sector,us_sector,True,26,0.975982,0.00308464,5.87462,10.2988,0.831667,0.912626,2.60153,-7.11864e-05,0.1,0.430166,17,1
FXI/XLB,FXI,XLB,intl_equity,us_sector,False,26,0.53529,0.00502553,5.13916,88.2706,2.89772,2.64401,5.6277,-0.00177433,0.1,0.130269,4,1
SPY/XLB,SPY,XLB,us_broad,us_sector,False,26,0.759594,0.00834166,5.46884,28.5659,1.46076,1.21476,3.58526,0.00206025,0.4,1.10109,45,4
LQD/XBI,LQD,XBI,fixed_income,industry,False,26,0.245515,0.00957584,6.00593,31.0815,0.915842,2.24969,4.10809,-0.00136648,0.1,0.197119,20,1
EWZ/VNQ,EWZ,VNQ,intl_equity,real_estate,False,26,1.87779,0.0113698,7.91064,13.962,1.30513,2.28426,3.76339,-0.00192986,0.1,1.20714,37,1
EWZ/IYR,EWZ,IYR,intl_equity,real_estate,False,26,1.87244,0.0168654,8.6125,14.4212,1.26632,1.91029,3.36004,0.000959,0.2,2.7119,86,2
FXI/SPY,FXI,SPY,intl_equity,us_broad,False,26,0.692235,0.017967,6.81667,18752.5,2.60826,2.44626,5.89539,-0.000961544,0.1,0.118187,4,1
TLT/XLU,TLT,XLU,fixed_income,us_sector,False,26,-0.411787,0.022643,10.9843,23.3426,0.796409,1.73037,3.36576,0.00312146,0.1,0,94,1
LQD/XRT,LQD,XRT,fixed_income,industry,False,26,0.191526,0.0234046,7.93071,13.9601,1.10659,4.36172,6.09421,-0.0018301,0.1,0.0803702,10,1
FXI/XLK,FXI,XLK,intl_equity,us_sector,False,26,0.49372,0.0265961,8.47618,inf,1.72711,1.46869,3.86411,-0.00148541,0.1,0.66947,20,1
IWF/XLB,IWF,XLB,us_style,us_sector,False,26,0.965262,0.0268451,9.05812,37.5657,1.44149,1.62337,4.2585,-0.00110285,0.1,1.08056,44,1
SPY/XRT,SPY,XRT,us_broad,industry,False,26,0.507787,0.0279363,5.04701,4.12453,1.20482,4.21416,8.52744,-0.00173336,0.1,0.151549,9,1
LQD/QQQ,LQD,QQQ,fixed_income,us_broad,False,26,0.277049,0.0305146,5.41824,13.4024,0.707687,2.89448,3.84707,-0.00141709,0.1,0.282028,26,1
EWJ/XLP,EWJ,XLP,intl_equity,us_sector,False,26,1.2464,0.0325388,9.4478,84.8829,1.43497,1.60932,4.04952,-0.00113262,0.1,0.51193,23,1
FXI/IWF,FXI,IWF,intl_equity,us_style,False,26,0.517822,0.0331908,7.61626,inf,1.83239,1.56381,4.14753,-0.0008428,0.1,0.131768,4,1
FXI/XHB,FXI,XHB,intl_equity,industry,False,26,0.348887,0.0351756,6.95234,70.9324,2.14226,1.87255,4.6614,-0.00209222,0.1,0.259473,7,1
FXI/XLV,FXI,XLV,intl_equity,us_sector,False,26,0.953601,0.0367413,8.71078,inf,2.07204,1.83936,4.76896,-0.00150014,0.1,0.486282,19,1
XLV/XRT,XLV,XRT,us_sector,industry,False,26,0.326567,0.0382672,5.73667,8.85373,1.06539,1.83559,4.17346,-8.15031e-05,0.1,0.332336,27,1
EFA/XME,EFA,XME,intl_equity,industry,False,27,0.375461,0.00603987,5.69545,4.56879,0.746477,0.777055,2.64262,0.00114584,0.1,0.290812,8,1
IWD/XME,IWD,XME,us_style,industry,False,27,0.48414,0.00667994,5.56667,6.00259,1.05304,2.27805,4.96136,0.00126976,0.3,1.9203,57,3
XLK/XLY,XLK,XLY,us_sector,us_sector,True,27,1.05662,0.00820008,6.02776,14.8324,1.45336,2.29144,4.7862,-0.000699344,0.1,0.583481,24,1
QQQ/XLY,QQQ,XLY,us_broad,us_sector,False,27,1.04607,0.00873785,6.48877,46.092,1.67266,1.6926,3.98824,-0.00075817,0.1,0.537615,22,1
GDX/XBI,GDX,XBI,commodity,industry,False,27,-0.509391,0.00897694,5.74507,13.13,1.06997,2.91164,5.29184,-0.0031825,0.1,0,23,1
IWD/XLF,IWD,XLF,us_style,us_sector,False,27,0.703579,0.0110055,6.01473,17.1568,1.35952,1.395,3.51802,-0.000361143,0.1,0.14455,7,1
SLV/TIP,SLV,TIP,commodity,fixed_income,False,27,3.59303,0.0119339,6.65888,11.2326,0.959672,4.21906,5.67503,-0.0011003,0.1,0.625823,16,1
EWJ/GDX,EWJ,GDX,intl_equity,commodity,False,27,-0.765834,0.0167205,7.41628,7.47292,0.730776,0.763167,1.99291,0,0,0,0,0
GDX/IBB,GDX,IBB,commodity,industry,False,27,-0.71803,0.0199915,6.75535,17.8178,1.00449,1.29752,3.21995,0.00252163,0.2,0,58,2
EWG/XRT,EWG,XRT,intl_equity,industry,False,27,0.295308,0.025151,8.10679,15.1594,0.900483,0.83977,2.85317,0.0016459,0.1,0.307777,27,1
GLD/KRE,GLD,KRE,commodity,industry,False,27,-0.113281,0.025176,9.43201,7.73384,0.604608,0.444595,1.60124,0,0,0,0,0
SLV/XLE,SLV,XLE,commodity,us_sector,False,27,0.156473,0.0259138,6.8448,16.3536,0.757523,1.78116,3.14337,-0.00165992,0.1,0.520911,77,1
SLV/USO,SLV,USO,commodity,commodity,True,27,0.179386,0.030896,6.69051,14.4825,0.742369,2.16849,3.58775,-0.00440132,0.1,0.273782,36,1
SLV/VNQ,SLV,VNQ,commodity,real_estate,False,27,0.372461,0.0311621,6.96657,14.2108,0.755705,2.46741,3.74358,-0.0027192,0.1,0.488487,36,1
GDX/IWM,GDX,IWM,commodity,us_broad,False,27,-0.336961,0.0314671,7.50273,10.5599,0.867517,1.45493,3.36424,0.00503995,0.2,0,82,2
DIA/XLF,DIA,XLF,us_broad,us_sector,False,27,0.538174,0.0324051,9.48685,16.4822,0.922274,1.01801,2.43976,0.00122552,0.2,1.33275,41,2
XLB/XLY,XLB,XLY,us_sector,us_sector,True,27,1.34184,0.0338323,17.4059,20.1611,1.19116,1.7563,4.02124,-0.00165986,0.1,0.286493,10,1
XHB/XLB,XHB,XLB,industry,us_sector,False,27,1.16477,0.0340394,11.179,8.47818,0.630455,1.29561,2.7875,0.00245507,0.2,1.17795,51,2
QQQ/XRT,QQQ,XRT,us_broad,industry,False,27,0.315189,0.0342441,6.97867,22.3074,1.1859,3.63925,6.19033,-0.00183283,0.1,1.29259,34,1
DBC/SPY,DBC,SPY,commodity,us_broad,False,27,1.44572,0.035741,8.17811,21.3829,1.26271,1.13598,2.84442,0.00484213,0.3,1.36601,53,3
XLI/XME,XLI,XME,us_sector,industry,False,28,0.620617,0.00224233,5.21238,23.8108,4.0143,7.82673,13.5976,-0.00140735,0.1,0.0574427,3,1
EEM/XLK,EEM,XLK,intl_equity,us_sector,False,28,-0.318039,0.00245404,5.03396,26.9666,3.71373,6.12937,12.0505,0.000229304,0.2,0,19,2
IWD/XBI,IWD,XBI,us_style,industry,False,28,-0.491567,0.00289188,5.31449,16.8509,3.4975,6.86151,14.8971,-0.00047279,0.1,0,1,1
XBI/XLP,XBI,XLP,industry,us_sector,False,28,-1.64944,0.00317642,5.77543,14.3029,3.38575,6.76832,14.8158,-0.00105325,0.1,0,2,1
IWM/USO,IWM,USO,us_broad,commodity,False,28,0.135838,0.00378024,5.1756,18.5789,3.31964,8.19225,15.4035,-0.00213065,0.1,0.0358778,6,1
EEM/SPY,EEM,SPY,intl_equity,us_broad,False,28,-0.408443,0.00409516,5.43355,27.805,3.60195,5.90413,11.885,-3.66211e-05,0.2,0,19,2
DIA/XBI,DIA,XBI,us_broad,industry,False,28,-0.467524,0.00438196,5.48887,16.3501,3.70304,8.04078,16.0922,-0.00125442,0.1,0,2,1
IWM/XBI,IWM,XBI,us_broad,industry,False,28,-0.032151,0.00490923,5.88845,16.422,2.43981,5.13121,10.534,-0.00170681,0.1,0,2,1
XBI/XLB,XBI,XLB,industry,us_sector,False,28,-1.25512,0.0052364,5.28239,14.8637,3.3635,8.41005,15.9844,-0.00284386,0.1,0,7,1
IWM/TIP,IWM,TIP,us_broad,fixed_income,False,28,0.357267,0.00531169,5.92795,13.3329,2.15033,4.66904,9.49319,-0.00202625,0.1,0.0394838,3,1
EEM/XLY,EEM,XLY,intl_equity,us_sector,False,28,-0.370859,0.00606324,5.61447,29.0591,3.93522,6.56482,13.0048,-0.00157305,0.1,0,3,1
AGG/IBB,AGG,IBB,fixed_income,industry,False,28,0.129925,0.00623347,5.96292,54.5796,5.0139,6.70001,14.2166,0.000368013,0.2,0.0747406,13,2
IWM/SLV,IWM,SLV,us_broad,commodity,False,28,0.0139419,0.00629872,6.26487,16.0805,2.27983,4.57741,9.66766,-0.00263995,0.1,0.00206253,3,1
IWM/XRT,IWM,XRT,us_broad,industry,False,28,0.243076,0.00631394,5.62769,14.21,1.9806,3.80898,8.4181,-0.00104612,0.1,0.0391088,4,1
IWM/LQD,IWM,LQD,us_broad,fixed_income,False,28,-0.054296,0.00636103,6.2279,17.2755,2.38339,4.79805,10.0415,-0.00249829,0.1,0,3,1
QQQ/TIP,QQQ,TIP,us_broad,fixed_income,False,28,3.12424,0.00663607,5.84742,5.61048,2.20033,2.00737,8.051,0.000203097,0.2,0.340889,9,2
IWM/SHY,IWM,SHY,us_broad,fixed_income,False,28,-3.41912,0.00670135,6.00546,22.8895,3.28202,7.8809,14.7813,-0.000650483,0.1,0,6,1
EEM/QQQ,EEM,QQQ,intl_equity,us_broad,False,28,-0.347131,0.00705042,5.65764,27.9261,3.69212,6.51483,12.4767,-0.0018797,0.1,0,4,1
FXI/SPY,FXI,SPY,intl_equity,us_broad,False,28,-1.26409,0.00707377,5.77305,14.2301,3.20073,5.67774,11.2005,0.000617495,0.2,0,16,2
IWM/TLT,IWM,TLT,us_broad,fixed_income,False,28,-0.129425,0.00760546,6.32418,20.5804,2.6405,5.20445,10.8989,-0.00220709,0.1,0,3,1
IWF/TIP,IWF,TIP,us_style,fixed_income,False,29,3.37327,0.00114609,5.68749,13.1352,1.33307,2.15517,4.29651,-0.000866201,0.1,0.137197,12,1
QQQ/TIP,QQQ,TIP,us_broad,fixed_income,False,29,3.51782,0.00160652,5.62546,10.0997,1.19671,1.81816,3.85248,-0.000647264,0.1,0.12174,11,1
EEM/TLT,EEM,TLT,intl_equity,fixed_income,False,29,0.820309,0.00208244,5.16813,7.53733,1.02753,0.927801,2.23566,0.00353715,0.2,0.518239,23,2
IWM/TIP,IWM,TIP,us_broad,fixed_income,False,29,3.18768,0.00225692,5.3073,19.9442,1.74278,2.8739,5.61607,0.000186057,0.2,0.286555,24,2
EFA/EWJ,EFA,EWJ,intl_equity,intl_equity,True,29,0.771864,0.00423984,13.6317,54.7442,1.44212,1.5078,4.06952,0.0008616,0.3,0.76234,35,3
AGG/EEM,AGG,EEM,fixed_income,intl_equity,False,29,0.489618,0.00481917,5.56124,5.24099,0.807047,0.739153,2.32965,0.000939967,0.1,0.302091,9,1
EWJ/TLT,EWJ,TLT,intl_equity,fixed_income,False,29,0.831414,0.00542311,5.54601,13.6069,1.56542,1.43377,4.33076,-0.00119335,0.1,0.382218,14,1
IWF/QQQ,IWF,QQQ,us_style,us_broad,False,29,0.95962,0.00566405,5.81312,30.6931,3.02166,4.54843,10.5073,-0.000134752,0.1,0.357212,14,1
EEM/IEF,EEM,IEF,intl_equity,fixed_income,False,29,1.58426,0.00655029,5.80702,6.65785,0.85762,1.20954,2.95983,0.00268444,0.2,2.11499,69,2
IWM/XRT,IWM,XRT,us_broad,industry,False,29,0.590811,0.00686477,8.63573,5.6955,0.802704,1.07359,2.73301,0.00261177,0.2,1.8544,59,2
SPY/TIP,SPY,TIP,us_broad,fixed_income,False,29,1.87354,0.00793901,6.65219,9.4864,1.12213,1.54445,3.66309,6.34158e-05,0.2,0.678604,39,2
EEM/EWG,EEM,EWG,intl_equity,intl_equity,True,29,0.701618,0.00811663,6.85909,29.9087,2.2805,2.1042,5.20774,-0.000244277,0.2,0.493838,18,2
EFA/TLT,EFA,TLT,intl_equity,fixed_income,False,29,0.644013,0.00813623,5.7164,25.6889,1.96764,1.70958,3.34635,0.00312804,0.3,1.92165,76,3
EWJ/LQD,EWJ,LQD,intl_equity,fixed_income,False,29,1.1971,0.00880082,5.88422,7.60911,1.05563,0.912051,2.3844,0.00299198,0.3,1.21313,47,3
IBB/XLE,IBB,XLE,industry,us_sector,False,29,-0.667565,0.00889936,5.95171,19.7847,1.97987,2.24162,5.21835,0.00568108,0.4,1.25,31,4
TLT/XRT,TLT,XRT,fixed_income,industry,False,29,0.590743,0.00959531,6.07715,15.3329,1.54848,2.37687,5.20413,-0.00192022,0.1,0.891271,48,1
IWM/TLT,IWM,TLT,us_broad,fixed_income,False,29,0.84148,0.0101748,6.12834,10.5817,1.32005,1.82395,4.2194,0.000944634,0.2,0.950322,35,2
DIA/TIP,DIA,TIP,us_broad,fixed_income,False,29,1.31096,0.0105839,6.12786,34.0449,2.16465,2.24605,5.68669,0.00032824,0.2,0.281269,13,2
FXI/XLE,FXI,XLE,intl_equity,us_sector,False,29,-0.480179,0.0107176,6.40364,17.6377,1.48892,2.07653,5.88478,-0.00320797,0.1,0,5,1
EWG/IEF,EWG,IEF,intl_equity,fixed_income,False,29,2.19752,0.0114942,7.7142,38.8283,1.93772,1.86334,3.47179,0.00207984,0.2,2.98398,107,2
SPY/XRT,SPY,XRT,us_broad,industry,False,30,0.584913,0.00234108,5.0673,73.9945,3.00894,3.31795,7.89706,1.74034e-05,0.2,0.470832,17,2
AGG/EEM,AGG,EEM,fixed_income,intl_equity,False,30,0.424441,0.00419034,5.36589,7.47736,1.00307,1.01368,2.28579,0.00121076,0.2,0.744925,50,2
EWJ/LQD,EWJ,LQD,intl_equity,fixed_income,False,30,1.24148,0.00556535,5.56724,15.867,1.7532,3.15924,7.27605,-0.000757756,0.1,0.646893,29,1
EEM/TLT,EEM,TLT,intl_equity,fixed_income,False,30,0.803995,0.00734706,5.47772,6.99632,0.850086,1.64402,3.19445,0.0017389,0.2,2.051,74,2
QQQ/TLT,QQQ,TLT,us_broad,fixed_income,False,30,0.817869,0.00998801,6.00764,51.5488,2.00991,2.61973,6.27912,0.000658186,0.2,1.37524,50,2
EEM/SHY,EEM,SHY,intl_equity,fixed_income,False,30,7.25028,0.0110834,6.16979,14.9773,1.78895,1.70673,3.86628,0.00120522,0.1,0.199993,33,1
IBB/USO,IBB,USO,industry,commodity,False,30,-0.376533,0.0112122,7.3791,11.5956,0.851469,0.700807,1.76772,0,0,0,0,0
QQQ/TIP,QQQ,TIP,us_broad,fixed_income,False,30,2.17714,0.0116131,6.61445,49.7482,1.76722,2.32908,5.88504,-0.000252114,0.2,0.708183,45,2
TLT/XLK,TLT,XLK,fixed_income,us_sector,False,30,1.09966,0.0136228,6.3234,48.6672,1.95843,3.28078,6.93644,-0.00164626,0.1,1.49263,57,1
IWF/TLT,IWF,TLT,us_style,fixed_income,False,30,0.705957,0.0153763,6.55959,43.9934,1.5803,2.04385,5.07255,-0.00217793,0.1,0.849963,29,1
IWF/TIP,IWF,TIP,us_style,fixed_income,False,30,1.86934,0.0205539,7.4035,40.6149,1.37912,1.7877,4.71737,-0.0011741,0.1,0.191682,11,1
EEM/IEF,EEM,IEF,intl_equity,fixed_income,False,30,1.77543,0.0213209,6.65358,9.61989,1.00745,1.11937,2.43395,0.00143796,0.2,0.918776,51,2
XHB/XLF,XHB,XLF,industry,us_sector,False,30,1.04632,0.0221815,8.85754,72.3584,1.96597,3.39719,6.9911,-0.00166167,0.1,0.733022,30,1
IEF/XLK,IEF,XLK,fixed_income,us_sector,False,30,0.486843,0.0221896,6.81734,40.1314,1.89417,2.80324,6.74313,-0.00120558,0.1,1.14602,70,1
SPY/TLT,SPY,TLT,us_broad,fixed_income,False,30,0.479186,0.0264455,7.28083,30.4603,1.14411,1.79375,4.31225,0.000849038,0.2,1.55491,46,2
AGG/XLK,AGG,XLK,fixed_income,us_sector,False,30,0.430288,0.0271857,6.9875,43.5946,1.99589,2.6758,6.50908,-0.00125464,0.1,0.97773,65,1
IWM/TIP,IWM,TIP,us_broad,fixed_income,False,30,1.19769,0.0274855,7.9766,15.7339,1.1082,1.03699,2.57925,0.00236815,0.1,0.568779,25,1
GDX/GLD,GDX,GLD,commodity,commodity,True,30,2.93512,0.0282701,7.22988,8.195,1.07836,3.36611,5.72002,-0.00106666,0.1,1.37987,37,1
SPY/TIP,SPY,TIP,us_broad,fixed_income,False,30,1.29609,0.0292048,7.7233,26.7718,1.08311,1.72839,4.29036,0.000389481,0.2,0.849271,39,2
DBC/XBI,DBC,XBI,commodity,industry,False,30,-0.512717,0.0303974,8.60455,11.7889,0.785044,1.32441,2.91629,0.00157219,0.1,0,83,1
DBC/KRE,DBC,KRE,commodity,industry,False,31,0.188185,0.00391476,6.29734,55.9486,1.60846,1.72083,3.49515,0.00238124,0.2,2.37284,71,2
DBC/GLD,DBC,GLD,commodity,commodity,True,31,-0.460581,0.0054788,6.71669,7.24714,0.77434,0.980074,2.37576,0.00404147,0.2,1.4,28,2
DBC/EWG,DBC,EWG,commodity,intl_equity,False,31,-0.239363,0.00729642,6.97243,9.14183,0.728528,0.884401,2.37313,0.00270284,0.1,0.8,16,1
IEF/TIP,IEF,TIP,fixed_income,fixed_income,True,31,1.10651,0.00796762,8.43472,15.0074,0.890179,1.80839,4.13429,-0.000317016,0.1,0.70913,27,1
EEM/LQD,EEM,LQD,intl_equity,fixed_income,False,31,1.38981,0.00797812,5.75621,17.7621,1.20119,1.34931,2.76235,0.00111211,0.2,2.12732,97,2
USO/XHB,USO,XHB,commodity,industry,False,31,-0.361169,0.00804634,6.7177,8.01034,0.867919,2.78788,4.63631,-0.00343892,0.1,1.45,29,1
DBC/EWJ,DBC,EWJ,commodity,intl_equity,False,31,-0.398842,0.00828074,7.0599,8.81905,0.772626,1.21644,3.11611,0.0041768,0.2,1.75,35,2
DBC/EFA,DBC,EFA,commodity,intl_equity,False,31,-0.32723,0.0105435,7.37754,8.45223,0.702401,0.861518,2.3912,0.00273764,0.1,0.75,15,1
USO/XLI,USO,XLI,commodity,us_sector,False,31,-0.464437,0.0120863,7.43758,10.3911,0.899901,1.92867,3.74959,-0.00290739,0.1,1.6,32,1
FXI/LQD,FXI,LQD,intl_equity,fixed_income,False,31,2.26403,0.0151818,6.81504,inf,2.10919,1.51711,6.0303,-0.00120615,0.1,0.138726,4,1
DBC/GDX,DBC,GDX,commodity,commodity,True,31,-0.202716,0.0156612,7.63052,9.50504,0.763349,0.639092,1.93447,0,0,0,0,0
DBC/XHB,DBC,XHB,commodity,industry,False,31,-0.300734,0.0202455,6.7126,5.56122,0.642778,2.16894,3.70162,-0.0021987,0.1,2,40,1
IBB/XLV,IBB,XLV,industry,us_sector,False,31,1.14885,0.0213795,7.83293,9.92249,1.1852,2.48099,4.60204,-0.000679204,0.1,1.63064,61,1
USO/XLK,USO,XLK,commodity,us_sector,False,31,-0.28154,0.0221833,7.73257,10.9466,0.924725,2.25984,4.05875,-0.00356014,0.1,1.55,31,1
USO/XLB,USO,XLB,commodity,us_sector,False,31,-0.317761,0.0273894,8.47514,12.9461,0.927967,1.36368,3.14699,0.00405962,0.1,2.35,47,1
AGG/FXI,AGG,FXI,fixed_income,intl_equity,False,31,0.191996,0.0302754,7.35194,inf,2.09783,1.54932,5.18985,-5.45375e-05,0.2,0.544964,34,2
DBC/SLV,DBC,SLV,commodity,commodity,True,31,-0.253868,0.0312751,7.72405,11.8692,0.810395,0.792092,1.88523,0,0,0,0,0
XBI/XLE,XBI,XLE,industry,us_sector,False,31,-0.0112187,0.0347523,7.57129,105.557,1.78888,1.84521,5.10108,-0.00378545,0.1,0,16,1
XBI/XLU,XBI,XLU,industry,us_sector,False,31,0.406589,0.0347588,7.55497,116.848,1.66401,1.51336,4.34957,-0.00273663,0.1,0.317966,22,1
XBI/XLF,XBI,XLF,industry,us_sector,False,31,0.528287,0.0384411,7.68483,38.5575,1.66546,2.32824,5.35704,-0.00215668,0.1,0.587643,34,1
EWJ/EWZ,EWJ,EWZ,intl_equity,intl_equity,True,32,0.425188,0.00223895,5.65646,17.8966,1.91578,6.10971,9.94085,-0.00128305,0.1,0.210499,6,1
IEF/XLU,IEF,XLU,fixed_income,us_sector,False,32,0.478782,0.00265408,5.19586,63.8963,2.36689,2.23566,4.94759,0.000299684,0.2,1.38341,43,2
TIP/XLU,TIP,XLU,fixed_income,us_sector,False,32,0.25153,0.00358099,5.49903,28.5084,1.42626,1.41162,3.50572,-0.000434542,0.1,0.519364,13,1
IWD/XLI,IWD,XLI,us_style,us_sector,False,32,0.667119,0.00769336,20.5786,11.8921,0.583612,0.728464,1.85146,0,0,0,0,0
EWJ/SPY,EWJ,SPY,intl_equity,us_broad,False,32,0.68335,0.00945793,6.23714,15.8937,1.5725,1.42345,3.87857,5.39758e-05,0.2,0.475243,16,2
EWZ/SPY,EWZ,SPY,intl_equity,us_broad,False,32,1.45634,0.0128358,6.64246,60.4904,3.41323,6.58138,13.1929,-0.00110083,0.1,0.415023,14,1
GLD/SHY,GLD,SHY,commodity,fixed_income,False,32,2.51365,0.01505,12.0848,43.6482,3.06087,3.74499,7.48772,-0.00051884,0.1,0.213454,15,1
SPY/XHB,SPY,XHB,us_broad,industry,False,32,0.519485,0.0162384,6.67743,52.9172,2.73958,2.66156,10.5084,0.000961224,0.3,1.38205,42,3
EFA/XLV,EFA,XLV,intl_equity,us_sector,False,32,0.97432,0.0178847,8.15462,17.1019,1.05674,1.08009,2.54537,0.00116894,0.2,0.835731,33,2
IYR/XRT,IYR,XRT,real_estate,industry,False,32,0.765339,0.0194771,6.94787,10.336,1.32145,3.17854,5.39784,-0.0010613,0.1,0.303475,14,1
DBC/XLE,DBC,XLE,commodity,us_sector,False,32,0.613372,0.0200328,6.41547,9.03995,1.04008,2.73231,4.83452,-0.000762539,0.1,0.247117,13,1
EWJ/XLY,EWJ,XLY,intl_equity,us_sector,False,32,0.491651,0.0203899,6.51024,6.48933,1.09503,4.82095,7.19018,-0.000838937,0.1,0.0670398,2,1
EWJ/XHB,EWJ,XHB,intl_equity,industry,False,32,0.3508,0.0218737,7.41147,6.47411,0.891963,1.8481,4.62453,-0.00109591,0.1,0.407166,11,1
VNQ/XRT,VNQ,XRT,real_estate,industry,False,32,0.779964,0.0224274,7.13671,10.5557,1.32741,3.23324,5.50447,-0.00111336,0.1,0.306734,14,1
USO/XLE,USO,XLE,commodity,us_sector,False,32,1.42287,0.0230006,5.8721,16.553,1.30534,1.31054,2.99861,0.00114291,0.1,1.49753,51,1
XLB/XRT,XLB,XRT,us_sector,industry,False,32,0.499786,0.0275881,7.21512,21.0446,1.55254,1.84537,4.07657,-0.000947359,0.1,0.533409,16,1
EWJ/IWF,EWJ,IWF,intl_equity,us_style,False,32,0.434851,0.027643,7.14369,13.3315,1.38738,2.08626,4.76786,-0.000909593,0.1,1.18479,34,1
EWZ/XLY,EWZ,XLY,intl_equity,us_sector,False,32,1.02249,0.028173,7.78437,39.0012,1.72738,1.7172,5.65383,-0.001454,0.1,0.176946,7,1
GDX/TIP,GDX,TIP,commodity,fixed_income,False,32,3.87217,0.0323385,6.9187,42.0108,2.48648,2.21858,4.70769,-0.000618001,0.1,0.158951,4,1
EWJ/QQQ,EWJ,QQQ,intl_equity,us_broad,False,32,0.356691,0.0358166,7.3839,11.6758,1.28021,2.99987,5.60365,-0.00111236,0.1,1.06878,29,1
IEF/KRE,IEF,KRE,fixed_income,industry,False,33,0.219171,0.00124452,5.30868,39.8607,2.6762,2.48502,5.15415,0.0026077,0.1,0.287632,32,1
AGG/KRE,AGG,KRE,fixed_income,industry,False,33,0.256773,0.00230767,5.30296,26.018,2.57114,2.42529,5.52146,0.00119892,0.4,1.88332,57,4
KRE/VNQ,KRE,VNQ,industry,real_estate,False,33,1.34792,0.00238602,6.59724,23.7316,2.21148,2.0036,4.8985,0.00416876,0.3,0.86575,33,3
DIA/XRT,DIA,XRT,us_broad,industry,False,33,0.673685,0.00312061,6.15823,12.1143,1.38549,3.6969,5.9547,-0.000683908,0.1,0.418239,14,1
KRE/TIP,KRE,TIP,industry,fixed_income,False,33,4.04951,0.00359661,5.70684,25.3782,2.34475,2.3163,5.7058,0.000393558,0.3,0.318333,23,3
IYR/KRE,IYR,KRE,real_estate,industry,False,33,0.597347,0.00460655,7.05346,25.5101,2.12476,1.94642,4.02152,0.00441628,0.1,0.598339,32,1
AGG/XLY,AGG,XLY,fixed_income,us_sector,False,33,0.420951,0.00493019,5.45717,327.89,4.46866,3.7681,9.4455,-0.000938714,0.1,0.0351877,1,1
XLY/XRT,XLY,XRT,us_sector,industry,False,33,0.49407,0.00529254,9.27889,106.119,3.3709,4.51067,10.872,0.00023667,0.2,0.635847,19,2
IYR/LQD,IYR,LQD,real_estate,fixed_income,False,33,1.46193,0.00594199,5.9688,8.0311,1.10913,2.97838,5.51203,0.000350793,0.2,0.710824,35,2
DBC/EWZ,DBC,EWZ,commodity,intl_equity,False,33,-0.320576,0.00600774,6.70466,7.19536,1.35761,2.57705,5.8122,-0.00117144,0.1,0,8,1
IWD/XLI,IWD,XLI,us_style,us_sector,False,33,0.776751,0.00618708,8.66304,6.58953,0.883918,1.69591,3.765,-0.000356625,0.1,1.01309,36,1
XBI/XLV,XBI,XLV,industry,us_sector,False,33,1.92938,0.00781393,7.6488,20.5201,1.16235,1.07402,2.53608,0.00123169,0.1,1.31726,40,1
XHB/XRT,XHB,XRT,industry,industry,True,33,1.40401,0.0082714,6.11003,inf,2.5755,2.85234,5.79367,-0.00123482,0.1,0.707151,34,1
XBI/XLY,XBI,XLY,industry,us_sector,False,33,2.00589,0.00911769,5.92993,inf,4.50818,4.464,12.4882,0.00231351,0.3,1.08346,42,3
EWJ/XLF,EWJ,XLF,intl_equity,us_sector,False,33,0.69425,0.00930788,6.01107,18.6266,2.87611,4.50815,9.86308,-0.00100028,0.1,0.122931,6,1
AGG/LQD,AGG,LQD,fixed_income,fixed_income,True,33,0.67125,0.0122031,6.05404,14.8571,1.52428,4.24466,8.01294,-8.34934e-05,0.1,0.239342,8,1
IEF/XLY,IEF,XLY,fixed_income,us_sector,False,33,0.352558,0.013655,6.51838,3343.14,3.84562,3.27943,7.75063,-0.00105222,0.1,0.036967,1,1
EFA/XLF,EFA,XLF,intl_equity,us_sector,False,33,0.673341,0.0141738,7.27114,39.5926,3.9772,4.6035,11.6171,0.000666813,0.3,0.643829,32,3
DIA/XHB,DIA,XHB,us_broad,industry,False,33,0.47295,0.0182611,7.31431,69.0843,2.70461,2.75742,7.82257,-0.00119254,0.1,0.611019,18,1
LQD/XLY,LQD,XLY,fixed_income,us_sector,False,33,0.623661,0.0199314,6.71482,584.694,4.19502,3.63119,9.95696,-0.000464965,0.1,0.0307946,1,1
IBB/IEF,IBB,IEF,industry,fixed_income,False,34,1.4164,0.000778439,6.33923,15.8515,2.9212,4.58375,11.0543,-0.000564842,0.1,0.439621,15,1
IWM/XLF,IWM,XLF,us_broad,us_sector,False,34,0.705674,0.00117726,5.56928,21.3641,2.30523,6.0121,10.5774,-0.00120175,0.1,0.558524,27,1
EWJ/XBI,EWJ,XBI,intl_equity,industry,False,34,0.335125,0.00345878,5.67555,16.5678,2.21077,3.72449,7.47805,-0.00116513,0.1,0.748993,20,1
EWJ/XLV,EWJ,XLV,intl_equity,us_sector,False,34,0.448543,0.0089179,6.19329,23.6885,2.36125,2.72704,6.5204,0.00264143,0.3,0.564209,18,3
EWJ/XLB,EWJ,XLB,intl_equity,us_sector,False,34,0.392707,0.00957187,6.15523,14.1638,1.76069,2.57899,5.54832,0.00172018,0.3,1.02573,31,3
EWJ/TLT,EWJ,TLT,intl_equity,fixed_income,False,34,0.294004,0.00987043,6.72445,13.0894,1.75465,2.19327,4.83352,0.00196153,0.2,0.436398,12,2
EWJ/XHB,EWJ,XHB,intl_equity,industry,False,34,0.22585,0.0118658,6.27297,14.4184,2.14928,3.09897,6.5058,-0.00151309,0.1,0.856548,21,1
EWJ/IBB,EWJ,IBB,intl_equity,industry,False,34,0.355105,0.0124354,6.91801,17.7357,2.04807,2.94838,6.28246,0.00018872,0.2,0.774847,21,2
TLT/XLV,TLT,XLV,fixed_income,us_sector,False,34,0.80127,0.0131392,6.54183,6.66242,1.26981,1.07489,3.8206,0.00310258,0.2,0.778287,34,2
EWJ/IEF,EWJ,IEF,intl_equity,fixed_income,False,34,0.47434,0.0143526,6.87147,10.3904,1.60671,1.65479,4.58166,-0.00206716,0.1,0.0160865,1,1
EWJ/LQD,EWJ,LQD,intl_equity,fixed_income,False,34,0.509821,0.0147331,6.80181,11.0324,1.62611,1.6671,4.52648,-0.00195593,0.1,0.0168835,1,1
IBB/TLT,IBB,TLT,industry,fixed_income,False,34,0.91162,0.0147423,6.43133,11.5074,2.12036,2.29295,7.57732,-0.00162942,0.1,0.0476883,2,1
EWJ/XLP,EWJ,XLP,intl_equity,us_sector,False,34,0.293479,0.0153263,6.47891,11.5016,1.67396,1.62513,4.24589,-0.000308193,0.2,0.281933,8,2
IBB/TIP,IBB,TIP,industry,fixed_income,False,34,1.6474,0.0156124,8.28893,16.1397,2.58525,5.02287,10.5544,-0.000842852,0.1,0.995633,32,1
EWJ/IYR,EWJ,IYR,intl_equity,real_estate,False,34,0.178311,0.0159299,6.90705,12.3508,1.66667,1.7625,4.39737,0.00197969,0.2,0.347035,9,2
EWG/XLU,EWG,XLU,intl_equity,us_sector,False,34,0.392211,0.0163628,7.01593,21.7391,3.4432,7.66277,13.1882,-0.000972868,0.1,0.179571,5,1
IWM/KRE,IWM,KRE,us_broad,industry,False,34,0.499374,0.0164334,7.92495,15.5235,1.4312,2.64747,6.90311,-0.00121095,0.1,0.0832638,5,1
EWJ/VNQ,EWJ,VNQ,intl_equity,real_estate,False,34,0.175011,0.0169052,6.97257,12.412,1.67288,1.77711,4.42594,0.00196618,0.2,0.34787,9,2
DIA/IWM,DIA,IWM,us_broad,us_broad,True,34,0.828839,0.0173746,6.44414,10.0046,1.29616,4.55769,7.95773,-0.000479027,0.1,0.191378,7,1
EWJ/TIP,EWJ,TIP,intl_equity,fixed_income,False,34,0.667861,0.0193273,6.91412,10.3989,1.62633,1.44758,5.08862,-0.00172068,0.1,0.0200215,1,1
EWJ/GDX,EWJ,GDX,intl_equity,commodity,False,35,0.203543,0.0016709,6.98593,4.19852,0.703368,1.83669,3.16993,0.00169294,0.2,4.23749,102,2
IYR/XLB,IYR,XLB,real_estate,us_sector,False,35,0.570399,0.00281523,6.31317,14.9663,0.862256,0.689318,2.36248,5.51558e-05,0.1,0.0363219,2,1
VNQ/XLB,VNQ,XLB,real_estate,us_sector,False,35,0.594955,0.00298193,6.48199,16.7589,0.8824,0.720066,2.28015,3.57934e-05,0.1,0.0373023,2,1
USO/XLP,USO,XLP,commodity,us_sector,False,35,-1.19216,0.00317757,6.57692,11.2468,1.03755,0.950042,2.27621,0.00379522,0.2,1,22,2
EWJ/SHY,EWJ,SHY,intl_equity,fixed_income,False,35,1.80294,0.00406725,7.26921,9.18325,0.990341,3.07775,5.30197,-0.00117462,0.1,0.927597,52,1
DBC/DIA,DBC,DIA,commodity,us_broad,False,35,0.350552,0.0062175,7.77893,5.45455,0.546658,0.607112,2.24476,0,0,0,0,0
IWD/XLK,IWD,XLK,us_style,us_sector,False,35,0.411826,0.00623632,7.97846,29.079,0.925451,0.722382,2.79619,-0.000288026,0.1,0.212491,6,1
LQD/XLP,LQD,XLP,fixed_income,us_sector,False,35,0.453619,0.00847421,5.84676,18.6393,2.02395,5.1622,8.07164,-0.000537442,0.1,0.756732,22,1
EWJ/XLU,EWJ,XLU,intl_equity,us_sector,False,35,0.491585,0.0093779,8.55589,16.4111,1.16215,3.04113,5.88838,-0.00200507,0.1,0.670428,20,1
GDX/SHY,GDX,SHY,commodity,fixed_income,False,35,9.47351,0.0103383,10.4525,30.3816,1.64704,3.25137,6.50545,-0.000532343,0.1,0.0668353,14,1
XLI/XLK,XLI,XLK,us_sector,us_sector,True,35,0.677192,0.01167,10.688,15.6305,0.80536,0.727813,1.82895,0,0,0,0,0
XLE/XLP,XLE,XLP,us_sector,us_sector,True,35,-0.400984,0.0120141,8.54652,8.12029,0.590307,0.716999,2.59,-0.00080751,0.1,0.3,6,1
USO/XRT,USO,XRT,commodity,industry,False,35,0.43517,0.0138241,7.78469,8.83747,0.911874,1.33239,3.2982,0.00143228,0.1,0.939977,62,1
EWJ/TIP,EWJ,TIP,intl_equity,fixed_income,False,35,1.86127,0.01456,6.76977,10.678,1.06146,2.67054,5.3318,-0.000855372,0.1,0.69899,40,1
DIA/IWF,DIA,IWF,us_broad,us_style,False,35,0.554389,0.0149023,7.97855,38.7457,1.16327,0.872043,3.14578,0.000571879,0.2,0.768171,27,2
AGG/XLP,AGG,XLP,fixed_income,us_sector,False,35,0.391861,0.0149515,6.30863,22.5569,2.14378,5.21219,8.13537,-0.00038315,0.1,0.718463,20,1
EWJ/GLD,EWJ,GLD,intl_equity,commodity,False,35,0.217153,0.0160736,7.68982,6.38666,0.853443,3.03471,4.68935,-0.00209306,0.1,0.698351,17,1
XBI/XHB,XBI,XHB,industry,industry,True,35,0.901327,0.0169428,7.24179,109.933,3.9638,4.19452,9.51971,0.000564041,0.2,0.721457,30,2
DBC/QQQ,DBC,QQQ,commodity,us_broad,False,35,0.24423,0.0171001,8.34688,9.99685,0.659557,0.547039,2.32929,-0.000326472,0.1,0.0401855,1,1
DIA/XLK,DIA,XLK,us_broad,us_sector,False,35,0.488839,0.0179853,9.84747,16.3115,0.781431,0.626261,1.99743,0,0,0,0,0
DBC/DIA,DBC,DIA,commodity,us_broad,False,36,0.418032,0.000125295,5.49969,23.3195,4.94726,10.9938,18.3339,-0.00119418,0.1,0.211561,6,1
DBC/XBI,DBC,XBI,commodity,industry,False,36,0.166875,0.000190676,5.71557,23.1869,4.60425,10.0768,17.5188,-0.00131165,0.1,0.171398,4,1
DBC/IWD,DBC,IWD,commodity,us_style,False,36,0.469858,0.000327052,5.69086,23.4643,4.65402,9.48749,16.4354,-0.000927041,0.1,0.136068,4,1
XLF/XLY,XLF,XLY,us_sector,us_sector,True,36,0.559498,0.000363255,5.53898,56.8618,1.55859,1.37172,3.92312,0.00147413,0.3,1.1164,52,3
DIA/IWM,DIA,IWM,us_broad,us_broad,True,36,0.659121,0.000681845,6.26045,9.43177,1.16739,1.4959,3.65341,-0.00054068,0.1,0.635634,32,1
IYR/XBI,IYR,XBI,real_estate,industry,False,36,0.0760378,0.00105513,5.07255,14.6862,1.44351,2.24722,4.89,0.00130359,0.2,1.6728,36,2
IYR/USO,IYR,USO,real_estate,commodity,False,36,0.112335,0.00127783,5.47609,13.5749,1.51052,1.52675,3.57387,0.0065211,0.5,1.81366,51,5
VNQ/XBI,VNQ,XBI,real_estate,industry,False,36,0.0900899,0.00144245,5.19373,17.3982,1.52856,2.37306,5.21401,0.00119964,0.2,1.33017,29,2
XLF/XLK,XLF,XLK,us_sector,us_sector,True,36,0.33522,0.00169361,5.57603,16.3342,1.95274,2.97374,7.76147,-0.000976263,0.1,0.150636,12,1
IYR/SLV,IYR,SLV,real_estate,commodity,False,36,0.0380714,0.00205604,5.257,26.9571,1.72102,2.35139,5.8823,0.00111487,0.2,1.73398,36,2
IYR/XLU,IYR,XLU,real_estate,us_sector,False,36,0.236579,0.00230499,5.26575,28.519,1.7269,2.56706,5.86854,0.000210142,0.2,0.970419,24,2
IYR/SHY,IYR,SHY,real_estate,fixed_income,False,36,0.71307,0.00242396,5.24056,19.3271,1.52787,2.54341,5.5316,0.000526976,0.2,0.875621,30,2
FXI/LQD,FXI,LQD,intl_equity,fixed_income,False,36,2.70463,0.00277408,5.74884,20.1815,1.48058,2.61865,6.69108,-0.000769876,0.1,0.474544,13,1
IYR/XLB,IYR,XLB,real_estate,us_sector,False,36,0.445927,0.00307537,5.34162,20.7296,1.8754,1.56468,4.22475,-0.000638365,0.1,0.123361,8,1
USO/VNQ,USO,VNQ,commodity,real_estate,False,36,0.63733,0.00345959,8.76029,25.8174,4.11062,6.77876,12.64,-0.00337346,0.1,0.0916126,3,1
EWZ/GDX,EWZ,GDX,intl_equity,commodity,False,36,0.383659,0.004003,7.16887,9.80895,1.40215,3.69367,6.30479,-0.0015212,0.1,0.144544,4,1
EWJ/LQD,EWJ,LQD,intl_equity,fixed_income,False,36,2.80679,0.00406941,6.2961,11.1267,1.30549,3.73747,6.46476,-0.000750354,0.1,0.197016,15,1
DBC/SPY,DBC,SPY,commodity,us_broad,False,36,0.299862,0.00426601,7.85904,22.2041,4.19172,10.3388,16.4417,-0.00130726,0.1,0.230794,6,1
LQD/XME,LQD,XME,fixed_income,industry,False,36,0.11182,0.00510104,5.89585,6.97348,0.835484,1.51956,3.12281,0.00153084,0.2,0.46264,92,2
IYR/TLT,IYR,TLT,real_estate,fixed_income,False,36,0.417455,0.00521133,5.74122,27.4869,1.6526,3.08274,6.64583,0.0015155,0.3,1.41098,40,3
