formation_days,entry_z,max_pairs,cost_bps_per_side,is_default,n_oos_days,gross_sharpe,gross_ann_return,net_sharpe,net_ann_return,net_ann_vol,net_max_drawdown,ann_turnover,net_cumulative
126,1.5,5,0,False,4788,-0.016703512,-0.0012309904,-0.033864373,-0.0018431974,0.03572876,-0.13581556,6.3789474,-0.034445822
126,1.5,5,1,False,4788,-0.016703512,-0.0012309904,-0.051716557,-0.0024797638,0.035729888,-0.13905903,6.3789474,-0.046078625
126,1.5,5,2,False,4788,-0.016703512,-0.0012309904,-0.069566707,-0.0031159425,0.035731481,-0.14393879,6.3789474,-0.057571605
126,1.5,5,5,False,4788,-0.016703512,-0.0012309904,-0.12309797,-0.0050221545,0.03573906,-0.16565263,6.3789474,-0.09122828
126,1.5,5,10,False,4788,-0.016703512,-0.0012309904,-0.21221101,-0.0081914406,0.035761008,-0.20272537,6.3789474,-0.1446789
126,1.5,5,20,False,4788,-0.016703512,-0.0012309904,-0.38973005,-0.014501112,0.035839748,-0.27436048,6.3789474,-0.24235348
126,1.5,20,0,False,4788,-0.21705571,-0.0044856628,-0.23813166,-0.0049018765,0.01981143,-0.11829504,4.0368421,-0.089138726
126,1.5,20,1,False,4788,-0.21705571,-0.0044856628,-0.25850485,-0.0053035147,0.019811671,-0.12371412,4.0368421,-0.096098547
126,1.5,20,2,False,4788,-0.21705571,-0.0044856628,-0.27887423,-0.005704996,0.019812147,-0.12909996,4.0368421,-0.10300528
126,1.5,20,5,False,4788,-0.21705571,-0.0044856628,-0.33995236,-0.0069084994,0.019814982,-0.1450601,4.0368421,-0.12341096
126,1.5,20,10,False,4788,-0.21705571,-0.0044856628,-0.44160586,-0.0089112072,0.019824399,-0.17236382,4.0368421,-0.15639579
126,1.5,20,20,False,4788,-0.21705571,-0.0044856628,-0.64405343,-0.012904907,0.019860795,-0.22898655,4.0368421,-0.21869453
126,1.5,50,0,False,4788,-0.25729013,-0.0032187119,-0.27635685,-0.0034520937,0.012241707,-0.077919202,2.0715789,-0.0635913
126,1.5,50,1,False,4788,-0.25729013,-0.0032187119,-0.29330625,-0.0036585045,0.012240576,-0.080991769,2.0715789,-0.067269573
126,1.5,50,2,False,4788,-0.25729013,-0.0032187119,-0.31025562,-0.0038648743,0.01223957,-0.084054124,2.0715789,-0.070933428
126,1.5,50,5,False,4788,-0.25729013,-0.0032187119,-0.36109841,-0.0044837374,0.012237298,-0.093180248,2.0715789,-0.081839044
126,1.5,50,10,False,4788,-0.25729013,-0.0032187119,-0.44578746,-0.0055143553,0.012236007,-0.1084832,2.0715789,-0.099731921
126,1.5,50,20,False,4788,-0.25729013,-0.0032187119,-0.61474929,-0.0075725176,0.012242775,-0.13941273,2.0715789,-0.13448049
126,2,5,0,False,4788,-0.033840219,-0.0013043944,-0.050482326,-0.0017606326,0.027453045,-0.14060553,4.8210526,-0.032927201
126,2,5,1,False,4788,-0.033840219,-0.0013043944,-0.068038057,-0.0022418394,0.027455206,-0.14602138,4.8210526,-0.04174635
126,2,5,2,False,4788,-0.033840219,-0.0013043944,-0.085589626,-0.0027228275,0.027457815,-0.15140324,4.8210526,-0.050485314
126,2,5,5,False,4788,-0.033840219,-0.0013043944,-0.13821076,-0.0041644803,0.027468338,-0.16734701,4.8210526,-0.076228323
126,2,5,10,False,4788,-0.033840219,-0.0013043944,-0.22574943,-0.0065628689,0.027494848,-0.19325977,4.8210526,-0.11759618
126,2,5,20,False,4788,-0.033840219,-0.0013043944,-0.39983497,-0.011343316,0.027581376,-0.24270063,4.8210526,-0.19487256
126,2,20,0,False,4788,-0.21542196,-0.0035475997,-0.23544159,-0.0038655596,0.01591235,-0.094042525,3.0789474,-0.070945571
126,2,20,1,False,4788,-0.21542196,-0.0035475997,-0.25478772,-0.0041722256,0.015912555,-0.097189972,3.0789474,-0.076364826
126,2,20,2,False,4788,-0.21542196,-0.0035475997,-0.27412991,-0.0044788007,0.01591296,-0.10032652,3.0789474,-0.081752532
126,2,20,5,False,4788,-0.21542196,-0.0035475997,-0.33212554,-0.0053979812,0.015915375,-0.11032524,3.0789474,-0.097728184
126,2,20,10,False,4788,-0.21542196,-0.0035475997,-0.42863831,-0.0069281337,0.015923393,-0.12868336,3.0789474,-0.12374019
126,2,20,20,False,4788,-0.21542196,-0.0035475997,-0.62079057,-0.0099816442,0.015954372,-0.17682594,3.0789474,-0.17354028
126,2,50,0,False,4788,-0.24453909,-0.002547883,-0.26225898,-0.0027291293,0.010221158,-0.060220575,1.5810526,-0.050599307
126,2,50,1,False,4788,-0.24453909,-0.002547883,-0.2777465,-0.0028867854,0.010220456,-0.062175057,1.5810526,-0.053446934
126,2,50,2,False,4788,-0.24453909,-0.002547883,-0.29323349,-0.0030444177,0.010219846,-0.064125487,1.5810526,-0.056286039
126,2,50,5,False,4788,-0.24453909,-0.002547883,-0.33968707,-0.0035171713,0.010218572,-0.069952555,1.5810526,-0.064752474
126,2,50,10,False,4788,-0.24453909,-0.002547883,-0.41705976,-0.0043046167,0.010218304,-0.080750614,1.5810526,-0.078695111
126,2,50,20,False,4788,-0.24453909,-0.002547883,-0.57142861,-0.0058777192,0.010224717,-0.10739268,1.5810526,-0.10596125
126,2.5,5,0,False,4788,-0.1055776,-0.0025155106,-0.11898931,-0.0028051378,0.021642388,-0.13422651,3.9368421,-0.051973205
126,2.5,5,1,False,4788,-0.1055776,-0.0025155106,-0.1371621,-0.003197708,0.021645172,-0.13906327,3.9368421,-0.059039202
126,2.5,5,2,False,4788,-0.1055776,-0.0025155106,-0.15532672,-0.0035901347,0.021648442,-0.14387315,3.9368421,-0.066052731
126,2.5,5,5,False,4788,-0.1055776,-0.0025155106,-0.2097594,-0.0047665549,0.02166117,-0.15814295,3.9368421,-0.086782382
126,2.5,5,10,False,4788,-0.1055776,-0.0025155106,-0.30020411,-0.0067243914,0.021692092,-0.18140193,3.9368421,-0.12031812
126,2.5,5,20,False,4788,-0.1055776,-0.0025155106,-0.47952434,-0.010629346,0.021790129,-0.22601895,3.9368421,-0.18375326
126,2.5,20,0,False,4788,-0.27501228,-0.0035937782,-0.2919185,-0.0038097452,0.012795217,-0.087183174,2.4578947,-0.069956011
126,2.5,20,1,False,4788,-0.27501228,-0.0035937782,-0.31115652,-0.0040545575,0.012794043,-0.089940331,2.4578947,-0.074289003
126,2.5,20,2,False,4788,-0.27501228,-0.0035937782,-0.33039236,-0.0042993127,0.012793091,-0.092689195,2.4578947,-0.078601861
126,2.5,20,5,False,4788,-0.27501228,-0.0035937782,-0.38807683,-0.0050332358,0.01279156,-0.10088628,2.4578947,-0.091420565
126,2.5,20,10,False,4788,-0.27501228,-0.0035937782,-0.48408086,-0.0062553,0.012793432,-0.11757463,2.4578947,-0.11239103
126,2.5,20,20,False,4788,-0.27501228,-0.0035937782,-0.67513051,-0.0086951552,0.012813745,-0.15695739,2.4578947,-0.1528948
126,2.5,50,0,False,4788,-0.25494268,-0.0021118022,-0.2701587,-0.0022360565,0.0081627613,-0.046091453,1.2652632,-0.04164082
126,2.5,50,1,False,4788,-0.25494268,-0.0021118022,-0.28575938,-0.00236227,0.0081598975,-0.047778006,1.2652632,-0.043941549
126,2.5,50,2,False,4788,-0.25494268,-0.0021118022,-0.30136643,-0.0024884685,0.008157158,-0.049461593,1.2652632,-0.046236773
126,2.5,50,5,False,4788,-0.25494268,-0.0021118022,-0.34821866,-0.0028669749,0.0081496853,-0.055592814,1.2652632,-0.053089556
126,2.5,50,10,False,4788,-0.25494268,-0.0021118022,-0.42636628,-0.0034975212,0.0081397245,-0.066597525,1.2652632,-0.064402003
126,2.5,50,20,False,4788,-0.25494268,-0.0021118022,-0.5825632,-0.0047574988,0.0081291905,-0.088385102,1.2652632,-0.086624483
252,1.5,5,0,False,4662,-0.20095716,-0.006980816,-0.22712648,-0.0078191204,0.032267921,-0.22546054,7.2216216,-0.13516992
252,1.5,5,1,False,4662,-0.20095716,-0.006980816,-0.24950165,-0.0085354253,0.032268571,-0.23211052,7.2216216,-0.14664797
252,1.5,5,2,False,4662,-0.20095716,-0.006980816,-0.27187074,-0.0092512347,0.032269834,-0.23870361,7.2216216,-0.15797403
252,1.5,5,5,False,4662,-0.20095716,-0.006980816,-0.33892882,-0.011395694,0.032277309,-0.25871157,7.2216216,-0.19106018
252,1.5,5,10,False,4662,-0.20095716,-0.006980816,-0.45045216,-0.014959913,0.032302034,-0.29565509,7.2216216,-0.24334616
252,1.5,5,20,False,4662,-0.20095716,-0.006980816,-0.67203501,-0.022051455,0.032397334,-0.36412562,7.2216216,-0.33801813
252,1.5,20,0,False,4662,-0.39461677,-0.0098733572,-0.42652432,-0.01064376,0.024390303,-0.1969822,6.7675676,-0.17960142
252,1.5,20,1,False,4662,-0.39461677,-0.0098733572,-0.45428932,-0.011313095,0.024389335,-0.20536987,6.7675676,-0.18980889
252,1.5,20,2,False,4662,-0.39461677,-0.0098733572,-0.48204928,-0.011981987,0.024388733,-0.21367006,6.7675676,-0.19988952
252,1.5,20,5,False,4662,-0.39461677,-0.0098733572,-0.56528643,-0.013986013,0.024389125,-0.23805483,6.7675676,-0.22938599
252,1.5,20,10,False,4662,-0.39461677,-0.0098733572,-0.70379765,-0.017317239,0.024397105,-0.27995274,6.7675676,-0.27615306
252,1.5,20,20,False,4662,-0.39461677,-0.0098733572,-0.979448,-0.023946753,0.024440494,-0.3633079,6.7675676,-0.36135437
252,1.5,50,0,False,4662,-0.61572139,-0.010735805,-0.65224418,-0.011360777,0.017288052,-0.19094851,5.2864865,-0.19053145
252,1.5,50,1,False,4662,-0.61572139,-0.010735805,-0.68277139,-0.011883329,0.01728936,-0.19881838,5.2864865,-0.19841018
252,1.5,50,2,False,4662,-0.61572139,-0.010735805,-0.71328256,-0.012405611,0.017290944,-0.20661177,5.2864865,-0.20621231
252,1.5,50,5,False,4662,-0.61572139,-0.010735805,-0.80470524,-0.013970835,0.017297358,-0.22954055,5.2864865,-0.22916651
252,1.5,50,10,False,4662,-0.61572139,-0.010735805,-0.95662016,-0.016574148,0.017313578,-0.26629374,5.2864865,-0.26595957
252,1.5,50,20,False,4662,-0.61572139,-0.010735805,-1.2580995,-0.021760605,0.017366675,-0.3346295,5.2864865,-0.33436639
252,2,5,0,False,4662,-0.10083215,-0.0030785407,-0.12340368,-0.0036852211,0.026970582,-0.15419041,5.7297297,-0.066022118
252,2,5,1,False,4662,-0.10083215,-0.0030785407,-0.14462498,-0.0042560478,0.026974884,-0.16017645,5.7297297,-0.075872209
252,2,5,2,False,4662,-0.10083215,-0.0030785407,-0.16583592,-0.0048265645,0.026979771,-0.1668214,5.7297297,-0.085618706
252,2,5,5,False,4662,-0.10083215,-0.0030785407,-0.22939289,-0.0065362559,0.026997933,-0.18644363,5.7297297,-0.11424744
252,2,5,10,False,4662,-0.10083215,-0.0030785407,-0.33498699,-0.0093795558,0.027039852,-0.21812959,5.7297297,-0.15998933
252,2,5,20,False,4662,-0.10083215,-0.0030785407,-0.54432489,-0.01504303,0.0271671,-0.27834631,5.7297297,-0.24452644
252,2,20,0,False,4662,-0.35604055,-0.0070834703,-0.38480895,-0.0076386771,0.019435522,-0.1473454,5.2162162,-0.13225555
252,2,20,1,False,4662,-0.35604055,-0.0070834703,-0.41163483,-0.008156208,0.019436121,-0.15345035,5.2162162,-0.14058947
252,2,20,2,False,4662,-0.35604055,-0.0070834703,-0.4384518,-0.0086734762,0.019437042,-0.15951167,5.2162162,-0.14884347
252,2,20,5,True,4662,-0.35604055,-0.0070834703,-0.51883595,-0.010223707,0.019441735,-0.18127689,5.2162162,-0.17313353
252,2,20,10,False,4662,-0.35604055,-0.0070834703,-0.6525077,-0.012802183,0.019455984,-0.21885327,5.2162162,-0.21208849
252,2,20,20,False,4662,-0.35604055,-0.0070834703,-0.91813251,-0.017939543,0.019508508,-0.28891842,5.2162162,-0.28458647
252,2,50,0,False,4662,-0.59176426,-0.0079615472,-0.62526061,-0.0084057127,0.013357402,-0.1460732,4.0475676,-0.1445802
252,2,50,1,False,4662,-0.59176426,-0.0079615472,-0.65543046,-0.008807036,0.013360096,-0.15231381,4.0475676,-0.15096246
252,2,50,2,False,4662,-0.59176426,-0.0079615472,-0.6855751,-0.009208201,0.013363045,-0.15850888,4.0475676,-0.15729716
252,2,50,5,False,4662,-0.59176426,-0.0079615472,-0.77584083,-0.010410746,0.013373415,-0.17707017,4.0475676,-0.17601946
252,2,50,10,False,4662,-0.59176426,-0.0079615472,-0.92562274,-0.012411825,0.013395765,-0.20719,4.0475676,-0.20630471
252,2,50,20,False,4662,-0.59176426,-0.0079615472,-1.2219757,-0.016402151,0.013459345,-0.26416692,4.0475676,-0.26358089
252,2.5,5,0,False,4662,0.020403895,0.00020788311,0.0024789398,-0.00015651289,0.020328342,-0.10392689,4.5405405,-0.0028915265
252,2.5,5,1,False,4662,0.020403895,0.00020788311,-0.019853696,-0.00061046919,0.020331797,-0.10727557,4.5405405,-0.011233556
252,2.5,5,2,False,4662,0.020403895,0.00020788311,-0.042177433,-0.001064233,0.020335884,-0.11061184,4.5405405,-0.019506042
252,2.5,5,5,False,4662,0.020403895,0.00020788311,-0.10907456,-0.0024243706,0.020351927,-0.12054667,4.5405405,-0.043911993
252,2.5,5,10,False,4662,0.020403895,0.00020788311,-0.22019979,-0.0046874248,0.020391245,-0.13909342,4.5405405,-0.083250701
252,2.5,5,20,False,4662,0.020403895,0.00020788311,-0.44016324,-0.0091991601,0.02051668,-0.19275476,4.5405405,-0.15715489
252,2.5,20,0,False,4662,-0.19620748,-0.0031169061,-0.21928063,-0.0034691635,0.015313377,-0.092002895,4.2540541,-0.062268022
252,2.5,20,1,False,4662,-0.19620748,-0.0031169061,-0.24705292,-0.0038930171,0.015313854,-0.096794332,4.2540541,-0.069619253
252,2.5,20,2,False,4662,-0.19620748,-0.0031169061,-0.27481745,-0.0043166963,0.015314667,-0.10156055,4.2540541,-0.076912955
252,2.5,20,5,False,4662,-0.19620748,-0.0031169061,-0.35804623,-0.0055866879,0.015319122,-0.11661373,4.2540541,-0.098453365
252,2.5,20,10,False,4662,-0.19620748,-0.0031169061,-0.49643591,-0.0076998582,0.01533326,-0.14446776,4.2540541,-0.13324474
252,2.5,20,20,False,4662,-0.19620748,-0.0031169061,-0.77119226,-0.011913172,0.015386611,-0.20665231,4.2540541,-0.19885794
252,2.5,50,0,False,4662,-0.46991865,-0.0047767785,-0.4968769,-0.005047489,0.010081761,-0.09515989,3.2778378,-0.089366717
252,2.5,50,1,False,4662,-0.46991865,-0.0047767785,-0.52923033,-0.0053736024,0.010084793,-0.10012534,3.2778378,-0.09487272
252,2.5,50,2,False,4662,-0.46991865,-0.0047767785,-0.56154898,-0.0056996121,0.010088099,-0.1050636,3.2778378,-0.10034549
252,2.5,50,5,False,4662,-0.46991865,-0.0047767785,-0.65827037,-0.0066770195,0.01009967,-0.11971666,3.2778378,-0.11656636
252,2.5,50,10,False,4662,-0.46991865,-0.0047767785,-0.81853791,-0.0083039609,0.010124433,-0.14518282,3.2778378,-0.14295484
252,2.5,50,20,False,4662,-0.46991865,-0.0047767785,-1.1344631,-0.011550092,0.010194311,-0.19441244,3.2778378,-0.19339427
504,1.5,5,0,False,4410,-0.34974358,-0.014396443,-0.37416098,-0.01534185,0.039252904,-0.27155926,5.9885714,-0.23705032
504,1.5,5,1,False,4410,-0.34974358,-0.014396443,-0.38942062,-0.015931369,0.039252576,-0.27903882,5.9885714,-0.24500463
504,1.5,5,2,False,4410,-0.34974358,-0.014396443,-0.4046762,-0.016520553,0.039252665,-0.28644179,5.9885714,-0.25287624
504,1.5,5,5,False,4410,-0.34974358,-0.014396443,-0.45041375,-0.018286093,0.039255441,-0.308199,5.9885714,-0.27600343
504,1.5,5,10,False,4410,-0.34974358,-0.014396443,-0.52651655,-0.021221968,0.039268427,-0.3430008,5.9885714,-0.31297312
504,1.5,5,20,False,4410,-0.34974358,-0.014396443,-0.67803125,-0.027068709,0.039325692,-0.40745379,5.9885714,-0.38136
504,1.5,20,0,False,4410,-0.3291895,-0.0090819952,-0.36405687,-0.010002601,0.026636189,-0.17724806,5.4114286,-0.16132067
504,1.5,20,1,False,4410,-0.3291895,-0.0090819952,-0.38437685,-0.010538202,0.026635918,-0.18424071,5.4114286,-0.16922571
504,1.5,20,2,False,4410,-0.3291895,-0.0090819952,-0.40469305,-0.011073522,0.026635924,-0.19117403,5.4114286,-0.17705637
504,1.5,20,5,False,4410,-0.3291895,-0.0090819952,-0.46561258,-0.012677796,0.026637601,-0.21225035,5.4114286,-0.20010898
504,1.5,20,10,False,4410,-0.3291895,-0.0090819952,-0.56701036,-0.015345972,0.026645926,-0.24781314,5.4114286,-0.23710621
504,1.5,20,20,False,4410,-0.3291895,-0.0090819952,-0.76901861,-0.020661339,0.026683287,-0.31514338,5.4114286,-0.30605391
504,1.5,50,0,False,4410,-0.30169539,-0.0067392324,-0.33883895,-0.0075375641,0.021637702,-0.13927251,4.3131429,-0.12401562
504,1.5,50,1,False,4410,-0.30169539,-0.0067392324,-0.35878415,-0.007965534,0.021636994,-0.14392202,4.3131429,-0.13060264
504,1.5,50,2,False,4410,-0.30169539,-0.0067392324,-0.37872692,-0.0083933247,0.021636499,-0.14854647,4.3131429,-0.13714021
504,1.5,50,5,False,4410,-0.30169539,-0.0067392324,-0.43853473,-0.0096756221,0.021636297,-0.16227076,4.3131429,-0.15645992
504,1.5,50,10,False,4410,-0.30169539,-0.0067392324,-0.53811068,-0.011809207,0.02164023,-0.19223897,4.3131429,-0.18770448
504,1.5,50,20,False,4410,-0.30169539,-0.0067392324,-0.73660961,-0.016062991,0.021664097,-0.25069004,4.3131429,-0.24676988
504,2,5,0,False,4410,-0.34698117,-0.01139668,-0.368736,-0.012076688,0.031588374,-0.22727835,4.4342857,-0.19154363
504,2,5,1,False,4410,-0.34698117,-0.01139668,-0.38280602,-0.012514605,0.031585708,-0.23311279,4.4342857,-0.19779212
504,2,5,2,False,4410,-0.34698117,-0.01139668,-0.39687336,-0.012952341,0.031583444,-0.23890335,4.4342857,-0.20399252
504,2,5,5,False,4410,-0.34698117,-0.01139668,-0.43905394,-0.014264465,0.031579066,-0.25601502,4.4342857,-0.22230873
504,2,5,10,False,4410,-0.34698117,-0.01139668,-0.50925107,-0.016447728,0.031579818,-0.28368708,4.4342857,-0.2519075
504,2,5,20,False,4410,-0.34698117,-0.01139668,-0.64901539,-0.02080075,0.031611487,-0.33599308,4.4342857,-0.30778061
504,2,20,0,False,4410,-0.32640541,-0.0067591348,-0.35937783,-0.0074196565,0.020155521,-0.1418249,4.0457143,-0.12219261
504,2,20,1,False,4410,-0.32640541,-0.0067591348,-0.37940669,-0.0078212052,0.020157838,-0.14737742,4.0457143,-0.12838646
504,2,20,2,False,4410,-0.32640541,-0.0067591348,-0.39942543,-0.0082225977,0.020160434,-0.1528941,4.0457143,-0.13453671
504,2,20,5,False,4410,-0.32640541,-0.0067591348,-0.45941264,-0.0094258383,0.020169894,-0.16923143,4.0457143,-0.15272884
504,2,20,10,False,4410,-0.32640541,-0.0067591348,-0.55911228,-0.01142812,0.020191224,-0.19576478,4.0457143,-0.18220506
504,2,20,20,False,4410,-0.32640541,-0.0067591348,-0.75710357,-0.015421015,0.020254661,-0.24909416,4.0457143,-0.23812305
504,2,50,0,False,4410,-0.28219254,-0.0048991346,-0.3155413,-0.0054602364,0.016898478,-0.11097893,3.1862857,-0.091368778
504,2,50,1,False,4410,-0.28219254,-0.0048991346,-0.33436319,-0.0057771111,0.016900174,-0.11357711,3.1862857,-0.096421787
504,2,50,2,False,4410,-0.28219254,-0.0048991346,-0.35317738,-0.0060938885,0.016902059,-0.11616773,3.1862857,-0.10144675
504,2,50,5,False,4410,-0.28219254,-0.0048991346,-0.40956743,-0.0070436367,0.016908841,-0.1259254,3.1862857,-0.11635493
504,2,50,10,False,4410,-0.28219254,-0.0048991346,-0.50333861,-0.008624605,0.016923902,-0.14838874,3.1862857,-0.14065535
504,2,50,20,False,4410,-0.28219254,-0.0048991346,-0.68980982,-0.01177926,0.016968067,-0.19160195,3.1862857,-0.18727359
504,2.5,5,0,False,4410,-0.34989102,-0.0087841344,-0.36610285,-0.0091764512,0.02436568,-0.16874103,3.5428571,-0.14898817
504,2.5,5,1,False,4410,-0.34989102,-0.0087841344,-0.38054767,-0.0095275919,0.024371797,-0.17383182,3.5428571,-0.15425063
504,2.5,5,2,False,4410,-0.34989102,-0.0087841344,-0.39497873,-0.0098786185,0.024378316,-0.17889158,3.5428571,-0.15948071
504,2.5,5,5,False,4410,-0.34989102,-0.0087841344,-0.43818239,-0.010931013,0.02440028,-0.19388657,3.5428571,-0.17497858
504,2.5,5,10,False,4410,-0.34989102,-0.0087841344,-0.50984889,-0.012682724,0.024444893,-0.21827497,3.5428571,-0.20017885
504,2.5,5,20,False,4410,-0.34989102,-0.0087841344,-0.65160837,-0.016177609,0.024563925,-0.26487049,3.5428571,-0.24830391
504,2.5,20,0,False,4410,-0.27572525,-0.0040039909,-0.30345734,-0.0043960507,0.014186429,-0.089026362,3.1485714,-0.074203175
504,2.5,20,1,False,4410,-0.27572525,-0.0040039909,-0.32556737,-0.0047095329,0.014190098,-0.093679555,3.1485714,-0.079291236
504,2.5,20,2,False,4410,-0.27572525,-0.0040039909,-0.34765843,-0.0050229213,0.014194076,-0.098309053,3.1485714,-0.084351411
504,2.5,20,5,False,4410,-0.27572525,-0.0040039909,-0.41380364,-0.0059625229,0.014207854,-0.11229424,3.1485714,-0.099366135
504,2.5,20,10,False,4410,-0.27572525,-0.0040039909,-0.52353548,-0.0075266491,0.014236948,-0.13534349,3.1485714,-0.12384701
504,2.5,20,20,False,4410,-0.27572525,-0.0040039909,-0.74047767,-0.010647877,0.014317945,-0.17967163,3.1485714,-0.17083574
504,2.5,50,0,False,4410,-0.30762585,-0.0037921652,-0.3346605,-0.00411871,0.012112976,-0.079830692,2.4182857,-0.069679629
504,2.5,50,1,False,4410,-0.30762585,-0.0037921652,-0.35461563,-0.0043595218,0.012113293,-0.083481465,2.4182857,-0.073608562
504,2.5,50,2,False,4410,-0.30762585,-0.0037921652,-0.3745638,-0.004600278,0.012113802,-0.087118507,2.4182857,-0.077520944
504,2.5,50,5,False,4410,-0.30762585,-0.0037921652,-0.43435701,-0.0053222123,0.012116478,-0.097943499,2.4182857,-0.089159473
504,2.5,50,10,False,4410,-0.30762585,-0.0037921652,-0.53378508,-0.0065243235,0.012124768,-0.11570142,2.4182857,-0.10823243
504,2.5,50,20,False,4410,-0.30762585,-0.0037921652,-0.73137157,-0.0089243792,0.012155662,-0.15018829,2.4182857,-0.1451914
