lap_id,driver,segment,corner,sector,start_m,end_m,seg_time_s,v_entry_kph,v_min_kph,v_exit_kph
0,ALB,0,T1,1,0.0,435.8,6.27,263.3,133.5,133.5
0,ALB,1,T2,1,435.8,504.1,1.6345,133.5,133.5,152.6
0,ALB,2,T3,1,504.1,611.9,3.6393,152.6,93.9,132.4
0,ALB,3,T4,1,611.9,827.8,3.8244,132.4,132.4,250.4
0,ALB,4,T5,1,827.8,1184.6,6.5246,250.4,151.8,261.2
0,ALB,5,T6,1,1184.6,1581.8,4.8674,261.2,261.2,312.0
0,ALB,6,T7,2,1581.8,1876.2,5.898,312.0,113.3,193.1
0,ALB,7,T8,2,1876.2,2085.2,6.0314,193.1,82.2,177.2
0,ALB,8,T9,2,2085.2,2389.9,6.38,177.2,124.8,241.8
0,ALB,9,T10,2,2389.9,2675.7,5.334,241.8,133.2,163.3
0,ALB,10,T11,2,2675.7,2797.5,3.356,163.3,108.6,139.4
0,ALB,11,T12,2,2797.5,2924.8,2.4451,139.4,139.4,217.7
0,ALB,12,T13,2,2924.8,3290.5,9.2038,217.7,60.2,258.6
0,ALB,13,T14,3,3290.5,3683.3,8.241,258.6,94.6,200.8
0,ALB,14,T15,3,3683.3,4040.2,5.065,200.8,200.8,283.3
0,ALB,15,T16,3,4040.2,4318.8,5.0708,283.3,110.8,122.4
0,ALB,16,T17,3,4318.8,4478.7,3.4587,122.4,122.4,213.0
0,ALB,17,T18,3,4478.7,4673.0,3.0843,213.0,201.4,201.4
0,ALB,18,T19,3,4673.0,4887.3,3.2988,201.4,201.4,261.1
1,ALB,0,T1,1,0.0,435.8,6.3874,263.6,139.2,139.2
1,ALB,1,T2,1,435.8,504.1,1.6121,139.2,139.2,142.2
1,ALB,2,T3,1,504.1,611.9,3.6966,142.2,89.5,132.0
1,ALB,3,T4,1,611.9,827.8,3.7219,132.0,132.0,251.7
1,ALB,4,T5,1,827.8,1184.6,6.4294,251.7,154.8,260.2
1,ALB,5,T6,1,1184.6,1581.8,4.8321,260.2,260.2,313.2
1,ALB,6,T7,2,1581.8,1876.2,5.9018,313.2,115.8,192.6
1,ALB,7,T8,2,1876.2,2085.2,6.0523,192.6,83.1,178.6
1,ALB,8,T9,2,2085.2,2389.9,6.3226,178.6,125.7,242.2
1,ALB,9,T10,2,2389.9,2675.7,5.2056,242.2,135.3,162.6
1,ALB,10,T11,2,2675.7,2797.5,3.313,162.6,110.6,147.6
1,ALB,11,T12,2,2797.5,2924.8,2.4368,147.6,147.6,214.7
1,ALB,12,T13,2,2924.8,3290.5,8.8587,214.7,70.9,260.7
1,ALB,13,T14,3,3290.5,3683.3,8.079,260.7,90.8,200.4
1,ALB,14,T15,3,3683.3,4040.2,5.0216,200.4,200.4,283.6
1,ALB,15,T16,3,4040.2,4318.8,4.9393,283.6,111.0,119.7
1,ALB,16,T17,3,4318.8,4478.7,3.5252,119.7,119.7,212.7
1,ALB,17,T18,3,4478.7,4673.0,3.0837,212.7,204.0,204.0
1,ALB,18,T19,3,4673.0,4887.3,3.2487,204.0,204.0,262.8
2,ALB,0,T1,1,0.0,435.8,6.3681,262.5,131.9,131.9
2,ALB,1,T2,1,435.8,504.1,1.6699,131.9,131.9,145.3
2,ALB,2,T3,1,504.1,611.9,3.7353,145.3,89.7,129.1
2,ALB,3,T4,1,611.9,827.8,3.7754,129.1,129.1,251.7
2,ALB,4,T5,1,827.8,1184.6,6.5758,251.7,148.0,236.0
2,ALB,5,T6,1,1184.6,1581.8,4.8606,236.0,236.0,310.5
2,ALB,6,T7,2,1581.8,1876.2,5.9438,310.5,113.5,187.6
2,ALB,7,T8,2,1876.2,2085.2,6.0833,187.6,81.8,176.2
2,ALB,8,T9,2,2085.2,2389.9,6.4899,176.2,115.1,243.4
2,ALB,9,T10,2,2389.9,2675.7,5.4065,243.4,137.5,160.2
2,ALB,10,T11,2,2675.7,2797.5,3.4447,160.2,106.0,146.8
2,ALB,11,T12,2,2797.5,2924.8,2.4539,146.8,146.8,202.0
2,ALB,12,T13,2,2924.8,3290.5,8.8503,202.0,69.6,261.0
2,ALB,13,T14,3,3290.5,3683.3,8.1463,261.0,90.7,202.3
2,ALB,14,T15,3,3683.3,4040.2,5.0137,202.3,202.3,281.7
2,ALB,15,T16,3,4040.2,4318.8,5.0727,281.7,111.0,119.3
2,ALB,16,T17,3,4318.8,4478.7,3.5243,119.3,119.3,216.3
2,ALB,17,T18,3,4478.7,4673.0,3.0754,216.3,203.9,204.0
2,ALB,18,T19,3,4673.0,4887.3,3.2291,204.0,204.0,264.8
3,ALB,0,T1,1,0.0,435.8,6.2637,263.9,132.2,132.2
3,ALB,1,T2,1,435.8,504.1,1.6082,132.2,132.2,153.9
3,ALB,2,T3,1,504.1,611.9,3.6686,153.9,92.0,127.7
3,ALB,3,T4,1,611.9,827.8,3.8019,127.7,127.7,251.4
3,ALB,4,T5,1,827.8,1184.6,6.5197,251.4,154.8,260.4
3,ALB,5,T6,1,1184.6,1581.8,4.828,260.4,260.4,312.7
3,ALB,6,T7,2,1581.8,1876.2,5.7339,312.7,117.8,194.2
3,ALB,7,T8,2,1876.2,2085.2,6.2992,194.2,74.4,182.9
3,ALB,8,T9,2,2085.2,2389.9,6.3252,182.9,122.1,245.6
3,ALB,9,T10,2,2389.9,2675.7,5.2091,245.6,143.7,165.3
3,ALB,10,T11,2,2675.7,2797.5,3.3195,165.3,109.0,147.7
3,ALB,11,T12,2,2797.5,2924.8,2.4293,147.7,147.7,218.4
3,ALB,12,T13,2,2924.8,3290.5,8.8248,218.4,66.1,260.6
3,ALB,13,T14,3,3290.5,3683.3,8.147,260.6,89.1,202.5
3,ALB,14,T15,3,3683.3,4040.2,5.0129,202.5,202.5,280.2
3,ALB,15,T16,3,4040.2,4318.8,5.0421,280.2,109.4,116.3
3,ALB,16,T17,3,4318.8,4478.7,3.6546,116.3,116.3,204.1
3,ALB,17,T18,3,4478.7,4673.0,3.1083,204.1,204.1,207.1
3,ALB,18,T19,3,4673.0,4887.3,3.351,207.1,207.1,254.6
4,ALO,0,T1,1,0.0,435.8,6.447,261.8,131.0,131.5
4,ALO,1,T2,1,435.8,504.1,1.5732,131.5,131.5,156.1
4,ALO,2,T3,1,504.1,611.9,3.5614,156.1,91.8,136.1
4,ALO,3,T4,1,611.9,827.8,3.725,136.1,136.1,249.3
4,ALO,4,T5,1,827.8,1184.6,6.3796,249.3,152.5,250.7
4,ALO,5,T6,1,1184.6,1581.8,4.8955,250.7,250.7,308.1
4,ALO,6,T7,2,1581.8,1876.2,5.8997,308.1,115.2,193.2
4,ALO,7,T8,2,1876.2,2085.2,6.0899,193.2,80.8,178.1
4,ALO,8,T9,2,2085.2,2389.9,6.2815,178.1,124.9,242.9
4,ALO,9,T10,2,2389.9,2675.7,5.2324,242.9,137.8,162.0
4,ALO,10,T11,2,2675.7,2797.5,3.3133,162.0,111.1,149.4
4,ALO,11,T12,2,2797.5,2924.8,2.4811,149.4,149.4,207.4
4,ALO,12,T13,2,2924.8,3290.5,8.8963,207.4,72.2,257.9
4,ALO,13,T14,3,3290.5,3683.3,8.0073,257.9,91.9,197.8
4,ALO,14,T15,3,3683.3,4040.2,5.1002,197.8,197.8,280.1
4,ALO,15,T16,3,4040.2,4318.8,4.8576,280.1,112.7,120.3
4,ALO,16,T17,3,4318.8,4478.7,3.5466,120.3,120.3,212.3
4,ALO,17,T18,3,4478.7,4673.0,3.0461,212.3,205.1,205.1
4,ALO,18,T19,3,4673.0,4887.3,3.2505,205.1,205.1,260.7
5,ALO,0,T1,1,0.0,435.8,6.4283,262.0,130.2,133.9
5,ALO,1,T2,1,435.8,504.1,1.5564,133.9,133.9,156.7
5,ALO,2,T3,1,504.1,611.9,3.6221,156.7,92.0,137.1
5,ALO,3,T4,1,611.9,827.8,3.6626,137.1,137.1,249.9
5,ALO,4,T5,1,827.8,1184.6,6.3928,249.9,157.4,253.2
5,ALO,5,T6,1,1184.6,1581.8,4.8765,253.2,253.2,309.2
5,ALO,6,T7,2,1581.8,1876.2,5.6143,309.2,121.7,186.7
5,ALO,7,T8,2,1876.2,2085.2,6.0379,186.7,75.6,172.4
5,ALO,8,T9,2,2085.2,2389.9,6.2416,172.4,129.9,240.6
5,ALO,9,T10,2,2389.9,2675.7,5.0569,240.6,143.6,161.4
5,ALO,10,T11,2,2675.7,2797.5,3.1796,161.4,116.9,140.3
5,ALO,11,T12,2,2797.5,2924.8,2.5162,140.3,140.3,213.5
5,ALO,12,T13,2,2924.8,3290.5,8.7714,213.5,66.3,257.2
5,ALO,13,T14,3,3290.5,3683.3,8.0959,257.2,94.7,200.5
5,ALO,14,T15,3,3683.3,4040.2,5.0871,200.5,200.5,278.8
5,ALO,15,T16,3,4040.2,4318.8,4.8308,278.8,113.0,115.9
5,ALO,16,T17,3,4318.8,4478.7,3.5798,115.9,115.9,213.2
5,ALO,17,T18,3,4478.7,4673.0,3.0638,213.2,207.8,207.8
5,ALO,18,T19,3,4673.0,4887.3,3.221,207.8,207.8,263.4
6,ALO,0,T1,1,0.0,435.8,6.3331,263.0,132.3,132.7
6,ALO,1,T2,1,435.8,504.1,1.5805,132.7,132.7,159.1
6,ALO,2,T3,1,504.1,611.9,3.6604,159.1,92.8,141.2
6,ALO,3,T4,1,611.9,827.8,3.7253,141.2,141.2,250.4
6,ALO,4,T5,1,827.8,1184.6,6.4395,250.4,152.0,249.0
6,ALO,5,T6,1,1184.6,1581.8,4.9088,249.0,249.0,308.0
6,ALO,6,T7,2,1581.8,1876.2,5.687,308.0,119.4,188.2
6,ALO,7,T8,2,1876.2,2085.2,6.0791,188.2,82.3,177.3
6,ALO,8,T9,2,2085.2,2389.9,6.1491,177.3,127.5,240.4
6,ALO,9,T10,2,2389.9,2675.7,5.249,240.4,135.7,158.3
6,ALO,10,T11,2,2675.7,2797.5,3.284,158.3,114.1,134.8
6,ALO,11,T12,2,2797.5,2924.8,2.498,134.8,134.8,213.0
6,ALO,12,T13,2,2924.8,3290.5,8.8069,213.0,66.0,258.5
6,ALO,13,T14,3,3290.5,3683.3,7.9484,258.5,91.2,197.9
6,ALO,14,T15,3,3683.3,4040.2,5.1247,197.9,197.9,277.6
6,ALO,15,T16,3,4040.2,4318.8,4.8284,277.6,115.5,116.4
6,ALO,16,T17,3,4318.8,4478.7,3.5413,116.4,116.4,211.5
6,ALO,17,T18,3,4478.7,4673.0,3.0737,211.5,203.3,203.3
6,ALO,18,T19,3,4673.0,4887.3,3.2508,203.3,203.3,261.3
7,ALO,0,T1,1,0.0,435.8,6.3671,264.9,132.9,139.0
7,ALO,1,T2,1,435.8,504.1,1.5286,139.0,139.0,161.2
7,ALO,2,T3,1,504.1,611.9,3.596,161.2,89.0,141.4
7,ALO,3,T4,1,611.9,827.8,3.6831,141.4,141.4,251.0
7,ALO,4,T5,1,827.8,1184.6,6.322,251.0,158.1,256.9
7,ALO,5,T6,1,1184.6,1581.8,4.8826,256.9,256.9,309.4
7,ALO,6,T7,2,1581.8,1876.2,5.6986,309.4,120.8,187.4
7,ALO,7,T8,2,1876.2,2085.2,5.9671,187.4,82.4,174.5
7,ALO,8,T9,2,2085.2,2389.9,6.2471,174.5,131.1,239.8
7,ALO,9,T10,2,2389.9,2675.7,5.1901,239.8,135.3,159.7
7,ALO,10,T11,2,2675.7,2797.5,3.2624,159.7,112.2,148.2
7,ALO,11,T12,2,2797.5,2924.8,2.4426,148.2,148.2,213.0
7,ALO,12,T13,2,2924.8,3290.5,8.7894,213.0,67.2,259.2
7,ALO,13,T14,3,3290.5,3683.3,8.0163,259.2,93.2,206.3
7,ALO,14,T15,3,3683.3,4040.2,5.0494,206.3,206.3,280.6
7,ALO,15,T16,3,4040.2,4318.8,4.9306,280.6,111.1,122.9
7,ALO,16,T17,3,4318.8,4478.7,3.4451,122.9,122.9,216.9
7,ALO,17,T18,3,4478.7,4673.0,3.0255,216.9,211.5,211.5
7,ALO,18,T19,3,4673.0,4887.3,3.1714,211.5,211.5,265.3
8,BOT,0,T1,1,0.0,435.8,6.3954,260.6,117.6,117.6
8,BOT,1,T2,1,435.8,504.1,2.0609,117.6,114.1,122.4
8,BOT,2,T3,1,504.1,611.9,3.6805,122.4,93.4,135.7
8,BOT,3,T4,1,611.9,827.8,3.7398,135.7,135.7,247.8
8,BOT,4,T5,1,827.8,1184.6,6.4576,247.8,150.4,254.0
8,BOT,5,T6,1,1184.6,1581.8,4.9543,254.0,254.0,304.7
8,BOT,6,T7,2,1581.8,1876.2,5.7303,304.7,115.3,184.0
8,BOT,7,T8,2,1876.2,2085.2,6.0557,184.0,76.3,163.6
8,BOT,8,T9,2,2085.2,2389.9,6.4046,163.6,124.1,234.5
8,BOT,9,T10,2,2389.9,2675.7,5.2677,234.5,133.7,148.4
8,BOT,10,T11,2,2675.7,2797.5,3.3841,148.4,104.1,120.3
8,BOT,11,T12,2,2797.5,2924.8,2.5683,120.3,120.3,214.0
8,BOT,12,T13,2,2924.8,3290.5,8.7903,214.0,67.6,254.1
8,BOT,13,T14,3,3290.5,3683.3,8.124,254.1,89.8,196.1
8,BOT,14,T15,3,3683.3,4040.2,5.1102,196.1,196.1,281.0
8,BOT,15,T16,3,4040.2,4318.8,5.1715,281.0,107.7,116.0
8,BOT,16,T17,3,4318.8,4478.7,3.538,116.0,116.0,213.1
8,BOT,17,T18,3,4478.7,4673.0,3.0711,213.1,204.2,204.2
8,BOT,18,T19,3,4673.0,4887.3,3.2858,204.2,204.0,258.0
9,BOT,0,T1,1,0.0,435.8,6.5681,259.3,132.4,134.5
9,BOT,1,T2,1,435.8,504.1,1.6186,134.5,134.5,151.8
9,BOT,2,T3,1,504.1,611.9,3.6402,151.8,90.2,142.0
9,BOT,3,T4,1,611.9,827.8,3.7082,142.0,142.0,249.7
9,BOT,4,T5,1,827.8,1184.6,6.3326,249.7,152.9,258.3
9,BOT,5,T6,1,1184.6,1581.8,4.9511,258.3,258.3,307.7
9,BOT,6,T7,2,1581.8,1876.2,5.7819,307.7,117.2,187.6
9,BOT,7,T8,2,1876.2,2085.2,6.0942,187.6,75.3,171.3
9,BOT,8,T9,2,2085.2,2389.9,6.4274,171.3,128.6,237.4
9,BOT,9,T10,2,2389.9,2675.7,5.3205,237.4,130.2,153.6
9,BOT,10,T11,2,2675.7,2797.5,3.4276,153.6,106.4,130.7
9,BOT,11,T12,2,2797.5,2924.8,2.4898,130.7,130.7,212.5
9,BOT,12,T13,2,2924.8,3290.5,8.8684,212.5,66.2,255.5
9,BOT,13,T14,3,3290.5,3683.3,8.1349,255.5,89.4,198.3
9,BOT,14,T15,3,3683.3,4040.2,5.1098,198.3,198.3,280.0
9,BOT,15,T16,3,4040.2,4318.8,4.988,280.0,109.4,109.4
9,BOT,16,T17,3,4318.8,4478.7,3.8187,109.4,109.4,208.3
9,BOT,17,T18,3,4478.7,4673.0,3.1094,208.3,202.3,202.3
9,BOT,18,T19,3,4673.0,4887.3,3.2635,202.3,202.3,263.4
10,BOT,0,T1,1,0.0,435.8,6.4462,262.5,133.9,136.8
10,BOT,1,T2,1,435.8,504.1,1.5458,136.8,136.8,152.0
10,BOT,2,T3,1,504.1,611.9,3.577,152.0,93.7,135.1
10,BOT,3,T4,1,611.9,827.8,3.7356,135.1,135.1,248.3
10,BOT,4,T5,1,827.8,1184.6,6.3595,248.3,155.5,257.6
10,BOT,5,T6,1,1184.6,1581.8,4.918,257.6,257.6,307.4
10,BOT,6,T7,2,1581.8,1876.2,5.725,307.4,119.1,183.5
10,BOT,7,T8,2,1876.2,2085.2,6.2071,183.5,79.9,171.7
10,BOT,8,T9,2,2085.2,2389.9,6.283,171.7,128.9,239.6
10,BOT,9,T10,2,2389.9,2675.7,5.2325,239.6,134.8,155.5
10,BOT,10,T11,2,2675.7,2797.5,3.3637,155.5,108.6,130.6
10,BOT,11,T12,2,2797.5,2924.8,2.4726,130.6,130.6,217.6
10,BOT,12,T13,2,2924.8,3290.5,8.7403,217.6,67.0,255.6
10,BOT,13,T14,3,3290.5,3683.3,8.1892,255.6,90.3,203.0
10,BOT,14,T15,3,3683.3,4040.2,5.0569,203.0,203.0,279.6
10,BOT,15,T16,3,4040.2,4318.8,5.1774,279.6,105.9,119.3
10,BOT,16,T17,3,4318.8,4478.7,3.4,119.3,119.3,215.4
10,BOT,17,T18,3,4478.7,4673.0,3.1451,215.4,199.0,201.3
10,BOT,18,T19,3,4673.0,4887.3,3.234,201.3,201.3,266.1
11,GAS,0,T1,1,0.0,435.8,6.4492,262.5,130.5,130.5
11,GAS,1,T2,1,435.8,504.1,1.6552,130.5,130.5,143.6
11,GAS,2,T3,1,504.1,611.9,3.5986,143.6,91.0,141.2
11,GAS,3,T4,1,611.9,827.8,3.6953,141.2,141.2,248.8
11,GAS,4,T5,1,827.8,1184.6,6.3782,248.8,157.0,257.3
11,GAS,5,T6,1,1184.6,1581.8,4.9437,257.3,257.3,307.0
11,GAS,6,T7,2,1581.8,1876.2,5.773,307.0,123.5,186.7
11,GAS,7,T8,2,1876.2,2085.2,6.106,186.7,80.8,175.3
11,GAS,8,T9,2,2085.2,2389.9,6.3883,175.3,129.1,237.0
11,GAS,9,T10,2,2389.9,2675.7,5.1979,237.0,141.6,156.2
11,GAS,10,T11,2,2675.7,2797.5,3.4137,156.2,104.1,143.4
11,GAS,11,T12,2,2797.5,2924.8,2.4421,143.4,143.4,216.6
11,GAS,12,T13,2,2924.8,3290.5,8.7617,216.6,65.3,255.9
11,GAS,13,T14,3,3290.5,3683.3,8.0557,255.9,94.0,199.9
11,GAS,14,T15,3,3683.3,4040.2,5.0847,199.9,199.9,280.5
11,GAS,15,T16,3,4040.2,4318.8,4.8604,280.5,113.2,116.6
11,GAS,16,T17,3,4318.8,4478.7,3.5352,116.6,116.6,210.0
11,GAS,17,T18,3,4478.7,4673.0,3.0397,210.0,210.0,213.6
11,GAS,18,T19,3,4673.0,4887.3,3.2751,213.6,212.6,261.7
12,GAS,0,T1,1,0.0,435.8,6.2062,259.6,140.5,140.5
12,GAS,1,T2,1,435.8,504.1,1.7634,140.5,135.7,144.0
12,GAS,2,T3,1,504.1,611.9,3.6571,144.0,90.7,126.7
12,GAS,3,T4,1,611.9,827.8,3.8072,126.7,126.7,248.0
12,GAS,4,T5,1,827.8,1184.6,6.4757,248.0,154.5,254.7
12,GAS,5,T6,1,1184.6,1581.8,4.9399,254.7,254.7,309.3
12,GAS,6,T7,2,1581.8,1876.2,5.7101,309.3,118.1,186.6
12,GAS,7,T8,2,1876.2,2085.2,6.0363,186.6,77.1,172.4
12,GAS,8,T9,2,2085.2,2389.9,6.2801,172.4,132.2,240.6
12,GAS,9,T10,2,2389.9,2675.7,5.089,240.6,143.4,151.4
12,GAS,10,T11,2,2675.7,2797.5,3.3961,151.4,110.3,134.2
12,GAS,11,T12,2,2797.5,2924.8,2.4698,134.2,134.2,216.7
12,GAS,12,T13,2,2924.8,3290.5,8.7974,216.7,68.2,254.8
12,GAS,13,T14,3,3290.5,3683.3,8.0555,254.8,94.9,195.6
12,GAS,14,T15,3,3683.3,4040.2,5.0755,195.6,195.6,280.3
12,GAS,15,T16,3,4040.2,4318.8,4.8029,280.3,117.3,118.4
12,GAS,16,T17,3,4318.8,4478.7,3.5749,118.4,118.4,211.5
12,GAS,17,T18,3,4478.7,4673.0,3.0617,211.5,204.7,204.7
12,GAS,18,T19,3,4673.0,4887.3,3.2531,204.7,204.7,262.6
13,GAS,0,T1,1,0.0,435.8,6.3437,262.5,132.4,132.4
13,GAS,1,T2,1,435.8,504.1,1.6242,132.4,132.4,149.1
13,GAS,2,T3,1,504.1,611.9,3.6365,149.1,95.9,130.2
13,GAS,3,T4,1,611.9,827.8,3.7077,130.2,130.2,248.6
13,GAS,4,T5,1,827.8,1184.6,6.3878,248.6,157.4,256.0
13,GAS,5,T6,1,1184.6,1581.8,4.9241,256.0,256.0,308.0
13,GAS,6,T7,2,1581.8,1876.2,5.6874,308.0,120.2,186.4
13,GAS,7,T8,2,1876.2,2085.2,6.135,186.4,78.5,173.9
13,GAS,8,T9,2,2085.2,2389.9,6.285,173.9,129.6,237.1
13,GAS,9,T10,2,2389.9,2675.7,5.0881,237.1,146.4,155.5
13,GAS,10,T11,2,2675.7,2797.5,3.3201,155.5,108.8,129.3
13,GAS,11,T12,2,2797.5,2924.8,2.5278,129.3,129.3,203.7
13,GAS,12,T13,2,2924.8,3290.5,8.7749,203.7,67.8,256.2
13,GAS,13,T14,3,3290.5,3683.3,8.0502,256.2,97.8,197.7
13,GAS,14,T15,3,3683.3,4040.2,5.0825,197.7,197.7,281.0
13,GAS,15,T16,3,4040.2,4318.8,4.8799,281.0,112.4,120.3
13,GAS,16,T17,3,4318.8,4478.7,3.4896,120.3,120.3,211.4
13,GAS,17,T18,3,4478.7,4673.0,3.0656,211.4,206.3,206.3
13,GAS,18,T19,3,4673.0,4887.3,3.269,206.3,205.2,264.8
14,GAS,0,T1,1,0.0,435.8,6.3008,262.9,138.6,138.6
14,GAS,1,T2,1,435.8,504.1,1.6474,138.6,138.6,150.9
14,GAS,2,T3,1,504.1,611.9,3.6279,150.9,97.0,133.2
14,GAS,3,T4,1,611.9,827.8,3.7385,133.2,133.2,250.0
14,GAS,4,T5,1,827.8,1184.6,6.3466,250.0,160.0,252.5
14,GAS,5,T6,1,1184.6,1581.8,4.9541,252.5,252.5,307.4
14,GAS,6,T7,2,1581.8,1876.2,5.6159,307.4,118.2,183.8
14,GAS,7,T8,2,1876.2,2085.2,6.1299,183.8,76.9,164.9
14,GAS,8,T9,2,2085.2,2389.9,6.3532,164.9,127.3,238.1
14,GAS,9,T10,2,2389.9,2675.7,5.1024,238.1,145.0,155.1
14,GAS,10,T11,2,2675.7,2797.5,3.3183,155.1,107.4,130.0
14,GAS,11,T12,2,2797.5,2924.8,2.5559,130.0,130.0,213.0
14,GAS,12,T13,2,2924.8,3290.5,8.7503,213.0,73.6,255.2
14,GAS,13,T14,3,3290.5,3683.3,7.949,255.2,94.7,200.0
14,GAS,14,T15,3,3683.3,4040.2,5.1018,200.0,200.0,279.0
14,GAS,15,T16,3,4040.2,4318.8,4.9196,279.0,113.2,119.3
14,GAS,16,T17,3,4318.8,4478.7,3.5677,119.3,119.3,212.1
14,GAS,17,T18,3,4478.7,4673.0,3.0655,212.1,210.4,210.4
14,GAS,18,T19,3,4673.0,4887.3,3.2291,210.4,210.4,264.9
15,HAM,0,T1,1,0.0,435.8,6.4179,261.7,134.7,137.7
15,HAM,1,T2,1,435.8,504.1,1.607,137.7,137.7,143.5
15,HAM,2,T3,1,504.1,611.9,3.6375,143.5,89.3,145.2
15,HAM,3,T4,1,611.9,827.8,3.6623,145.2,145.2,248.3
15,HAM,4,T5,1,827.8,1184.6,6.3919,248.3,147.2,257.9
15,HAM,5,T6,1,1184.6,1581.8,4.9227,257.9,257.9,307.7
15,HAM,6,T7,2,1581.8,1876.2,5.7034,307.7,117.8,190.4
15,HAM,7,T8,2,1876.2,2085.2,6.0556,190.4,78.3,164.0
15,HAM,8,T9,2,2085.2,2389.9,6.3919,164.0,127.3,240.6
15,HAM,9,T10,2,2389.9,2675.7,5.2042,240.6,135.1,164.3
15,HAM,10,T11,2,2675.7,2797.5,3.3463,164.3,106.3,142.7
15,HAM,11,T12,2,2797.5,2924.8,2.4838,142.7,142.7,214.2
15,HAM,12,T13,2,2924.8,3290.5,8.7708,214.2,65.5,257.4
15,HAM,13,T14,3,3290.5,3683.3,8.1958,257.4,93.4,198.6
15,HAM,14,T15,3,3683.3,4040.2,5.1088,198.6,198.6,279.2
15,HAM,15,T16,3,4040.2,4318.8,4.8121,279.2,113.1,113.1
15,HAM,16,T17,3,4318.8,4478.7,3.6081,113.1,113.1,208.6
15,HAM,17,T18,3,4478.7,4673.0,3.0888,208.6,206.4,206.4
15,HAM,18,T19,3,4673.0,4887.3,3.2421,206.4,206.4,261.7
16,HAM,0,T1,1,0.0,435.8,6.3455,263.1,138.6,141.4
16,HAM,1,T2,1,435.8,504.1,1.5713,141.4,141.4,156.1
16,HAM,2,T3,1,504.1,611.9,3.59,156.1,92.7,138.2
16,HAM,3,T4,1,611.9,827.8,3.7129,138.2,138.2,247.1
16,HAM,4,T5,1,827.8,1184.6,6.3806,247.1,156.0,257.3
16,HAM,5,T6,1,1184.6,1581.8,4.9361,257.3,257.3,307.0
16,HAM,6,T7,2,1581.8,1876.2,5.6618,307.0,122.5,184.2
16,HAM,7,T8,2,1876.2,2085.2,6.0396,184.2,76.3,172.5
16,HAM,8,T9,2,2085.2,2389.9,6.3564,172.5,126.9,240.8
16,HAM,9,T10,2,2389.9,2675.7,5.1393,240.8,137.1,163.1
16,HAM,10,T11,2,2675.7,2797.5,3.2698,163.1,110.5,141.5
16,HAM,11,T12,2,2797.5,2924.8,2.4696,141.5,141.5,215.7
16,HAM,12,T13,2,2924.8,3290.5,8.7659,215.7,67.8,256.7
16,HAM,13,T14,3,3290.5,3683.3,7.9911,256.7,94.3,198.4
16,HAM,14,T15,3,3683.3,4040.2,5.1325,198.4,198.4,279.8
16,HAM,15,T16,3,4040.2,4318.8,4.7762,279.8,115.4,116.5
16,HAM,16,T17,3,4318.8,4478.7,3.5158,116.5,116.5,213.4
16,HAM,17,T18,3,4478.7,4673.0,3.0842,213.4,201.2,201.2
16,HAM,18,T19,3,4673.0,4887.3,3.2804,201.2,201.1,261.2
17,HAM,0,T1,1,0.0,435.8,6.3544,263.3,135.4,137.7
17,HAM,1,T2,1,435.8,504.1,1.6235,137.7,137.7,148.0
17,HAM,2,T3,1,504.1,611.9,3.5877,148.0,89.1,145.5
17,HAM,3,T4,1,611.9,827.8,3.6365,145.5,145.5,250.4
17,HAM,4,T5,1,827.8,1184.6,6.3487,250.4,148.4,260.5
17,HAM,5,T6,1,1184.6,1581.8,4.8931,260.5,260.5,309.0
17,HAM,6,T7,2,1581.8,1876.2,5.6113,309.0,118.9,194.1
17,HAM,7,T8,2,1876.2,2085.2,5.9774,194.1,79.6,174.8
17,HAM,8,T9,2,2085.2,2389.9,6.2922,174.8,127.3,241.3
17,HAM,9,T10,2,2389.9,2675.7,5.05,241.3,142.7,154.6
17,HAM,10,T11,2,2675.7,2797.5,3.4509,154.6,109.1,144.2
17,HAM,11,T12,2,2797.5,2924.8,2.4393,144.2,144.2,213.3
17,HAM,12,T13,2,2924.8,3290.5,8.8004,213.3,65.9,258.2
17,HAM,13,T14,3,3290.5,3683.3,8.0309,258.2,91.9,201.1
17,HAM,14,T15,3,3683.3,4040.2,5.0836,201.1,201.1,280.7
17,HAM,15,T16,3,4040.2,4318.8,4.6779,280.7,112.5,112.5
17,HAM,16,T17,3,4318.8,4478.7,3.678,112.5,112.5,211.1
17,HAM,17,T18,3,4478.7,4673.0,3.0906,211.1,204.0,204.0
17,HAM,18,T19,3,4673.0,4887.3,3.2839,204.0,204.0,263.4
18,HAM,0,T1,1,0.0,435.8,6.45,266.0,135.6,141.2
18,HAM,1,T2,1,435.8,504.1,1.5486,141.2,140.8,140.8
18,HAM,2,T3,1,504.1,611.9,3.5511,140.8,92.6,147.0
18,HAM,3,T4,1,611.9,827.8,3.6348,147.0,147.0,249.5
18,HAM,4,T5,1,827.8,1184.6,6.2838,249.5,158.3,260.4
18,HAM,5,T6,1,1184.6,1581.8,4.8946,260.4,260.4,309.0
18,HAM,6,T7,2,1581.8,1876.2,5.6795,309.0,120.3,189.4
18,HAM,7,T8,2,1876.2,2085.2,5.9973,189.4,80.0,173.5
18,HAM,8,T9,2,2085.2,2389.9,6.2488,173.5,128.5,241.0
18,HAM,9,T10,2,2389.9,2675.7,5.0313,241.0,146.8,164.3
18,HAM,10,T11,2,2675.7,2797.5,3.3422,164.3,108.7,148.3
18,HAM,11,T12,2,2797.5,2924.8,2.4402,148.3,148.3,215.5
18,HAM,12,T13,2,2924.8,3290.5,8.6985,215.5,64.5,259.3
18,HAM,13,T14,3,3290.5,3683.3,7.9373,259.3,93.3,203.8
18,HAM,14,T15,3,3683.3,4040.2,5.0669,203.8,203.8,281.1
18,HAM,15,T16,3,4040.2,4318.8,4.7987,281.1,113.6,120.7
18,HAM,16,T17,3,4318.8,4478.7,3.5805,120.7,120.7,211.8
18,HAM,17,T18,3,4478.7,4673.0,3.0964,211.8,208.1,208.1
18,HAM,18,T19,3,4673.0,4887.3,3.2045,208.1,208.1,266.4
19,HUL,0,T1,1,0.0,435.8,6.4931,265.0,130.4,134.0
19,HUL,1,T2,1,435.8,504.1,1.5858,134.0,134.0,148.7
19,HUL,2,T3,1,504.1,611.9,3.7489,148.7,87.3,145.7
19,HUL,3,T4,1,611.9,827.8,3.6478,145.7,145.7,249.0
19,HUL,4,T5,1,827.8,1184.6,6.4991,249.0,146.0,261.0
19,HUL,5,T6,1,1184.6,1581.8,4.8812,261.0,261.0,312.3
19,HUL,6,T7,2,1581.8,1876.2,5.7899,312.3,118.6,188.7
19,HUL,7,T8,2,1876.2,2085.2,6.1835,188.7,76.5,171.5
19,HUL,8,T9,2,2085.2,2389.9,6.4088,171.5,124.0,239.6
19,HUL,9,T10,2,2389.9,2675.7,5.3816,239.6,134.0,158.6
19,HUL,10,T11,2,2675.7,2797.5,3.4754,158.6,104.0,143.6
19,HUL,11,T12,2,2797.5,2924.8,2.4983,143.6,143.6,213.6
19,HUL,12,T13,2,2924.8,3290.5,8.8161,213.6,65.5,259.7
19,HUL,13,T14,3,3290.5,3683.3,8.0585,259.7,92.0,203.5
19,HUL,14,T15,3,3683.3,4040.2,5.0733,203.5,203.5,283.0
19,HUL,15,T16,3,4040.2,4318.8,5.1591,283.0,99.8,111.7
19,HUL,16,T17,3,4318.8,4478.7,3.6919,111.7,111.7,210.7
19,HUL,17,T18,3,4478.7,4673.0,3.1156,210.7,204.4,204.4
19,HUL,18,T19,3,4673.0,4887.3,3.2,204.4,204.4,265.8
20,HUL,0,T1,1,0.0,435.8,6.4034,262.1,133.0,133.9
20,HUL,1,T2,1,435.8,504.1,1.5829,133.9,133.9,156.1
20,HUL,2,T3,1,504.1,611.9,3.6516,156.1,90.7,133.0
20,HUL,3,T4,1,611.9,827.8,3.7716,133.0,133.0,248.5
20,HUL,4,T5,1,827.8,1184.6,6.4171,248.5,151.7,257.6
20,HUL,5,T6,1,1184.6,1581.8,4.8819,257.6,257.6,311.9
20,HUL,6,T7,2,1581.8,1876.2,5.7524,311.9,118.2,182.7
20,HUL,7,T8,2,1876.2,2085.2,6.1259,182.7,75.7,168.9
20,HUL,8,T9,2,2085.2,2389.9,6.4436,168.9,127.0,240.0
20,HUL,9,T10,2,2389.9,2675.7,5.1789,240.0,139.5,152.2
20,HUL,10,T11,2,2675.7,2797.5,3.4615,152.2,109.5,132.6
20,HUL,11,T12,2,2797.5,2924.8,2.5478,132.6,132.6,211.7
20,HUL,12,T13,2,2924.8,3290.5,8.7945,211.7,66.3,257.2
20,HUL,13,T14,3,3290.5,3683.3,7.9798,257.2,94.8,201.1
20,HUL,14,T15,3,3683.3,4040.2,5.0824,201.1,201.1,282.2
20,HUL,15,T16,3,4040.2,4318.8,5.033,282.2,107.3,107.3
20,HUL,16,T17,3,4318.8,4478.7,3.6751,107.3,107.3,209.5
20,HUL,17,T18,3,4478.7,4673.0,3.1067,209.5,202.8,202.8
20,HUL,18,T19,3,4673.0,4887.3,3.2698,202.8,202.4,266.5
21,HUL,0,T1,1,0.0,435.8,6.399,263.7,136.8,141.2
21,HUL,1,T2,1,435.8,504.1,1.5562,141.2,141.2,146.4
21,HUL,2,T3,1,504.1,611.9,3.6233,146.4,89.1,140.3
21,HUL,3,T4,1,611.9,827.8,3.6856,140.3,140.3,250.0
21,HUL,4,T5,1,827.8,1184.6,6.3402,250.0,155.0,257.6
21,HUL,5,T6,1,1184.6,1581.8,4.8638,257.6,257.6,314.0
21,HUL,6,T7,2,1581.8,1876.2,5.7526,314.0,117.3,191.2
21,HUL,7,T8,2,1876.2,2085.2,6.0572,191.2,80.2,180.7
21,HUL,8,T9,2,2085.2,2389.9,6.238,180.7,128.8,243.5
21,HUL,9,T10,2,2389.9,2675.7,5.1798,243.5,140.0,159.6
21,HUL,10,T11,2,2675.7,2797.5,3.296,159.6,109.1,145.1
21,HUL,11,T12,2,2797.5,2924.8,2.4501,145.1,145.1,215.9
21,HUL,12,T13,2,2924.8,3290.5,8.692,215.9,65.9,258.8
21,HUL,13,T14,3,3290.5,3683.3,7.9625,258.8,96.1,201.4
21,HUL,14,T15,3,3683.3,4040.2,5.0896,201.4,201.4,281.5
21,HUL,15,T16,3,4040.2,4318.8,5.0975,281.5,107.4,115.8
21,HUL,16,T17,3,4318.8,4478.7,3.5425,115.8,115.8,213.7
21,HUL,17,T18,3,4478.7,4673.0,3.048,213.7,207.1,207.1
21,HUL,18,T19,3,4673.0,4887.3,3.2258,207.1,207.0,266.5
22,HUL,0,T1,1,0.0,435.8,6.5203,266.3,139.3,142.9
22,HUL,1,T2,1,435.8,504.1,1.5735,142.9,133.2,133.2
22,HUL,2,T3,1,504.1,611.9,3.6147,133.2,85.9,148.7
22,HUL,3,T4,1,611.9,827.8,3.588,148.7,148.7,250.9
22,HUL,4,T5,1,827.8,1184.6,6.3807,250.9,152.0,261.4
22,HUL,5,T6,1,1184.6,1581.8,4.8547,261.4,261.4,313.9
22,HUL,6,T7,2,1581.8,1876.2,6.0319,313.9,118.1,204.5
22,HUL,7,T8,2,1876.2,2085.2,6.0323,204.5,77.0,187.0
22,HUL,8,T9,2,2085.2,2389.9,6.1901,187.0,126.6,244.1
22,HUL,9,T10,2,2389.9,2675.7,5.3139,244.1,139.3,166.6
22,HUL,10,T11,2,2675.7,2797.5,3.3721,166.6,109.4,161.0
22,HUL,11,T12,2,2797.5,2924.8,2.3466,161.0,161.0,216.4
22,HUL,12,T13,2,2924.8,3290.5,8.657,216.4,73.4,262.8
22,HUL,13,T14,3,3290.5,3683.3,7.9136,262.8,92.1,207.1
22,HUL,14,T15,3,3683.3,4040.2,4.9981,207.1,207.1,281.3
22,HUL,15,T16,3,4040.2,4318.8,5.1713,281.3,106.1,123.1
22,HUL,16,T17,3,4318.8,4478.7,3.4482,123.1,123.1,217.6
22,HUL,17,T18,3,4478.7,4673.0,3.0791,217.6,205.7,205.7
22,HUL,18,T19,3,4673.0,4887.3,3.2619,205.7,205.7,266.8
23,HUL,0,T1,1,0.0,435.8,6.3016,266.0,137.4,138.8
23,HUL,1,T2,1,435.8,504.1,1.5787,138.8,138.8,146.7
23,HUL,2,T3,1,504.1,611.9,3.6735,146.7,86.6,144.5
23,HUL,3,T4,1,611.9,827.8,3.6467,144.5,144.5,250.0
23,HUL,4,T5,1,827.8,1184.6,6.3115,250.0,153.0,262.4
23,HUL,5,T6,1,1184.6,1581.8,4.8467,262.4,262.4,312.4
23,HUL,6,T7,2,1581.8,1876.2,5.6979,312.4,121.1,190.9
23,HUL,7,T8,2,1876.2,2085.2,6.0335,190.9,79.1,172.0
23,HUL,8,T9,2,2085.2,2389.9,6.3369,172.0,125.1,241.9
23,HUL,9,T10,2,2389.9,2675.7,5.2256,241.9,137.3,163.3
23,HUL,10,T11,2,2675.7,2797.5,3.3152,163.3,110.0,144.0
23,HUL,11,T12,2,2797.5,2924.8,2.4437,144.0,144.0,218.5
23,HUL,12,T13,2,2924.8,3290.5,8.6714,218.5,66.8,259.1
23,HUL,13,T14,3,3290.5,3683.3,7.9743,259.1,94.6,204.1
23,HUL,14,T15,3,3683.3,4040.2,5.0491,204.1,204.1,281.0
23,HUL,15,T16,3,4040.2,4318.8,5.1076,281.0,108.1,122.0
23,HUL,16,T17,3,4318.8,4478.7,3.4862,122.0,122.0,216.6
23,HUL,17,T18,3,4478.7,4673.0,3.0302,216.6,205.5,205.5
23,HUL,18,T19,3,4673.0,4887.3,3.2637,205.5,205.3,266.4
24,HUL,0,T1,1,0.0,435.8,6.3168,262.7,137.4,137.7
24,HUL,1,T2,1,435.8,504.1,1.5819,137.7,137.7,149.5
24,HUL,2,T3,1,504.1,611.9,3.6981,149.5,89.4,138.8
24,HUL,3,T4,1,611.9,827.8,3.7184,138.8,138.8,248.4
24,HUL,4,T5,1,827.8,1184.6,6.4472,248.4,148.2,259.9
24,HUL,5,T6,1,1184.6,1581.8,4.8833,259.9,259.9,312.0
24,HUL,6,T7,2,1581.8,1876.2,5.7451,312.0,116.6,192.9
24,HUL,7,T8,2,1876.2,2085.2,6.075,192.9,81.3,179.0
24,HUL,8,T9,2,2085.2,2389.9,6.3115,179.0,125.6,242.0
24,HUL,9,T10,2,2389.9,2675.7,5.265,242.0,132.1,158.4
24,HUL,10,T11,2,2675.7,2797.5,3.3299,158.4,108.3,146.2
24,HUL,11,T12,2,2797.5,2924.8,2.3582,146.2,146.2,215.1
24,HUL,12,T13,2,2924.8,3290.5,8.7767,215.1,67.0,258.6
24,HUL,13,T14,3,3290.5,3683.3,8.0623,258.6,94.6,201.9
24,HUL,14,T15,3,3683.3,4040.2,5.0965,201.9,201.9,280.8
24,HUL,15,T16,3,4040.2,4318.8,4.9939,280.8,104.9,120.8
24,HUL,16,T17,3,4318.8,4478.7,3.5174,120.8,120.8,213.6
24,HUL,17,T18,3,4478.7,4673.0,3.0969,213.6,202.7,202.7
24,HUL,18,T19,3,4673.0,4887.3,3.2629,202.7,202.7,265.3
25,HUL,0,T1,1,0.0,435.8,6.2581,266.9,143.8,144.3
25,HUL,1,T2,1,435.8,504.1,1.5401,144.3,144.3,152.1
25,HUL,2,T3,1,504.1,611.9,3.646,152.1,89.7,139.6
25,HUL,3,T4,1,611.9,827.8,3.674,139.6,139.6,248.9
25,HUL,4,T5,1,827.8,1184.6,6.2753,248.9,154.4,260.7
25,HUL,5,T6,1,1184.6,1581.8,4.8681,260.7,260.7,313.0
25,HUL,6,T7,2,1581.8,1876.2,5.6146,313.0,123.8,184.8
25,HUL,7,T8,2,1876.2,2085.2,6.0086,184.8,77.0,173.3
25,HUL,8,T9,2,2085.2,2389.9,6.335,173.3,128.1,239.8
25,HUL,9,T10,2,2389.9,2675.7,5.3413,239.8,139.0,163.2
25,HUL,10,T11,2,2675.7,2797.5,3.3082,163.2,111.5,147.1
25,HUL,11,T12,2,2797.5,2924.8,2.4673,147.1,147.1,216.5
25,HUL,12,T13,2,2924.8,3290.5,8.6167,216.5,67.9,259.7
25,HUL,13,T14,3,3290.5,3683.3,7.9368,259.7,92.7,204.2
25,HUL,14,T15,3,3683.3,4040.2,5.066,204.2,204.2,281.3
25,HUL,15,T16,3,4040.2,4318.8,5.0962,281.3,104.6,119.9
25,HUL,16,T17,3,4318.8,4478.7,3.4484,119.9,119.9,215.5
25,HUL,17,T18,3,4478.7,4673.0,3.0637,215.5,207.0,207.0
25,HUL,18,T19,3,4673.0,4887.3,3.2434,207.0,207.0,266.1
26,LAW,0,T1,1,0.0,435.8,6.6198,261.9,129.8,131.9
26,LAW,1,T2,1,435.8,504.1,1.5994,131.9,131.9,152.2
26,LAW,2,T3,1,504.1,611.9,3.6519,152.2,91.9,138.4
26,LAW,3,T4,1,611.9,827.8,3.7192,138.4,138.4,247.4
26,LAW,4,T5,1,827.8,1184.6,6.4897,247.4,149.7,258.6
26,LAW,5,T6,1,1184.6,1581.8,4.9632,258.6,258.6,306.1
26,LAW,6,T7,2,1581.8,1876.2,5.7628,306.1,122.1,189.1
26,LAW,7,T8,2,1876.2,2085.2,6.1848,189.1,77.0,174.2
26,LAW,8,T9,2,2085.2,2389.9,6.3514,174.2,120.5,239.9
26,LAW,9,T10,2,2389.9,2675.7,5.2835,239.9,136.0,163.1
26,LAW,10,T11,2,2675.7,2797.5,3.3626,163.1,107.4,142.6
26,LAW,11,T12,2,2797.5,2924.8,2.4363,142.6,142.6,214.0
26,LAW,12,T13,2,2924.8,3290.5,8.7745,214.0,62.8,257.4
26,LAW,13,T14,3,3290.5,3683.3,8.1812,257.4,84.6,200.9
26,LAW,14,T15,3,3683.3,4040.2,5.096,200.9,200.9,280.4
26,LAW,15,T16,3,4040.2,4318.8,5.1937,280.4,104.0,109.0
26,LAW,16,T17,3,4318.8,4478.7,3.5759,109.0,109.0,209.2
26,LAW,17,T18,3,4478.7,4673.0,3.0631,209.2,205.0,205.0
26,LAW,18,T19,3,4673.0,4887.3,3.2919,205.0,205.0,261.5
27,LAW,0,T1,1,0.0,435.8,6.409,258.1,130.0,130.2
27,LAW,1,T2,1,435.8,504.1,1.586,130.2,130.2,158.8
27,LAW,2,T3,1,504.1,611.9,3.6876,158.8,94.5,138.2
27,LAW,3,T4,1,611.9,827.8,3.7173,138.2,138.2,245.8
27,LAW,4,T5,1,827.8,1184.6,6.5318,245.8,145.7,256.8
27,LAW,5,T6,1,1184.6,1581.8,4.9338,256.8,256.8,307.5
27,LAW,6,T7,2,1581.8,1876.2,5.8173,307.5,116.3,193.2
27,LAW,7,T8,2,1876.2,2085.2,6.0856,193.2,82.0,179.6
27,LAW,8,T9,2,2085.2,2389.9,6.2448,179.6,127.7,241.5
27,LAW,9,T10,2,2389.9,2675.7,5.2345,241.5,135.5,164.2
27,LAW,10,T11,2,2675.7,2797.5,3.3624,164.2,107.4,145.6
27,LAW,11,T12,2,2797.5,2924.8,2.4238,145.6,145.6,217.5
27,LAW,12,T13,2,2924.8,3290.5,8.7464,217.5,67.0,258.2
27,LAW,13,T14,3,3290.5,3683.3,8.0364,258.2,91.9,195.7
27,LAW,14,T15,3,3683.3,4040.2,5.1049,195.7,195.7,280.0
27,LAW,15,T16,3,4040.2,4318.8,4.9747,280.0,108.2,116.6
27,LAW,16,T17,3,4318.8,4478.7,3.4825,116.6,116.6,211.5
27,LAW,17,T18,3,4478.7,4673.0,3.0948,211.5,201.4,201.4
27,LAW,18,T19,3,4673.0,4887.3,3.2508,201.4,201.4,263.5
28,LAW,0,T1,1,0.0,435.8,6.5385,260.3,133.8,137.9
28,LAW,1,T2,1,435.8,504.1,1.6054,137.9,137.9,143.6
28,LAW,2,T3,1,504.1,611.9,3.5771,143.6,94.0,143.2
28,LAW,3,T4,1,611.9,827.8,3.6639,143.2,143.2,243.9
28,LAW,4,T5,1,827.8,1184.6,6.4909,243.9,150.9,259.8
28,LAW,5,T6,1,1184.6,1581.8,4.9207,259.8,259.8,308.2
28,LAW,6,T7,2,1581.8,1876.2,5.6652,308.2,121.7,190.7
28,LAW,7,T8,2,1876.2,2085.2,5.9909,190.7,82.3,178.9
28,LAW,8,T9,2,2085.2,2389.9,6.2056,178.9,127.2,242.8
28,LAW,9,T10,2,2389.9,2675.7,5.1305,242.8,140.8,166.6
28,LAW,10,T11,2,2675.7,2797.5,3.3113,166.6,110.4,135.7
28,LAW,11,T12,2,2797.5,2924.8,2.4763,135.7,135.7,217.3
28,LAW,12,T13,2,2924.8,3290.5,8.7257,217.3,66.0,257.3
28,LAW,13,T14,3,3290.5,3683.3,7.995,257.3,94.3,192.8
28,LAW,14,T15,3,3683.3,4040.2,5.1131,192.8,192.8,279.5
28,LAW,15,T16,3,4040.2,4318.8,4.9671,279.5,104.7,115.3
28,LAW,16,T17,3,4318.8,4478.7,3.5057,115.3,115.3,213.0
28,LAW,17,T18,3,4478.7,4673.0,3.1045,213.0,203.3,203.3
28,LAW,18,T19,3,4673.0,4887.3,3.2276,203.3,203.3,264.0
29,LAW,0,T1,1,0.0,435.8,6.4294,264.3,131.5,134.7
29,LAW,1,T2,1,435.8,504.1,1.5931,134.7,134.7,152.4
29,LAW,2,T3,1,504.1,611.9,3.6066,152.4,93.2,138.7
29,LAW,3,T4,1,611.9,827.8,3.729,138.7,138.7,245.8
29,LAW,4,T5,1,827.8,1184.6,6.4619,245.8,150.2,257.6
29,LAW,5,T6,1,1184.6,1581.8,4.9691,257.6,257.6,304.5
29,LAW,6,T7,2,1581.8,1876.2,5.7285,304.5,120.1,192.9
29,LAW,7,T8,2,1876.2,2085.2,5.9901,192.9,82.1,169.7
29,LAW,8,T9,2,2085.2,2389.9,6.2164,169.7,130.6,240.3
29,LAW,9,T10,2,2389.9,2675.7,5.1928,240.3,139.1,166.7
29,LAW,10,T11,2,2675.7,2797.5,3.3013,166.7,113.1,134.8
29,LAW,11,T12,2,2797.5,2924.8,2.4705,134.8,134.8,217.5
29,LAW,12,T13,2,2924.8,3290.5,8.7821,217.5,68.0,256.0
29,LAW,13,T14,3,3290.5,3683.3,7.9824,256.0,94.6,199.0
29,LAW,14,T15,3,3683.3,4040.2,5.1481,199.0,199.0,276.8
29,LAW,15,T16,3,4040.2,4318.8,4.9605,276.8,112.2,113.3
29,LAW,16,T17,3,4318.8,4478.7,3.5682,113.3,113.3,211.4
29,LAW,17,T18,3,4478.7,4673.0,3.1158,211.4,202.9,202.9
29,LAW,18,T19,3,4673.0,4887.3,3.2612,202.9,202.9,261.9
30,LAW,0,T1,1,0.0,435.8,6.4746,261.9,137.3,140.7
30,LAW,1,T2,1,435.8,504.1,1.6497,140.7,140.7,142.0
30,LAW,2,T3,1,504.1,611.9,3.5961,142.0,94.2,137.5
30,LAW,3,T4,1,611.9,827.8,3.7077,137.5,137.5,248.7
30,LAW,4,T5,1,827.8,1184.6,6.3839,248.7,156.3,258.3
30,LAW,5,T6,1,1184.6,1581.8,4.9189,258.3,258.3,307.6
30,LAW,6,T7,2,1581.8,1876.2,5.6671,307.6,117.7,185.5
30,LAW,7,T8,2,1876.2,2085.2,6.0359,185.5,77.0,169.6
30,LAW,8,T9,2,2085.2,2389.9,6.259,169.6,129.2,238.0
30,LAW,9,T10,2,2389.9,2675.7,5.1306,238.0,143.3,161.3
30,LAW,10,T11,2,2675.7,2797.5,3.2118,161.3,108.9,133.9
30,LAW,11,T12,2,2797.5,2924.8,2.4742,133.9,133.9,215.9
30,LAW,12,T13,2,2924.8,3290.5,8.6858,215.9,72.8,254.9
30,LAW,13,T14,3,3290.5,3683.3,8.0329,254.9,89.8,194.0
30,LAW,14,T15,3,3683.3,4040.2,5.1273,194.0,194.0,278.3
30,LAW,15,T16,3,4040.2,4318.8,4.8977,278.3,112.6,113.7
30,LAW,16,T17,3,4318.8,4478.7,3.5675,113.7,113.7,209.5
30,LAW,17,T18,3,4478.7,4673.0,3.1003,209.5,203.4,204.4
30,LAW,18,T19,3,4673.0,4887.3,3.2449,204.4,204.4,261.0
31,LAW,0,T1,1,0.0,435.8,6.4496,262.7,136.4,136.9
31,LAW,1,T2,1,435.8,504.1,1.6347,136.9,136.9,142.7
31,LAW,2,T3,1,504.1,611.9,3.7398,142.7,88.9,142.6
31,LAW,3,T4,1,611.9,827.8,3.6799,142.6,142.6,248.4
31,LAW,4,T5,1,827.8,1184.6,6.4403,248.4,149.1,257.9
31,LAW,5,T6,1,1184.6,1581.8,4.9377,257.9,257.9,305.6
31,LAW,6,T7,2,1581.8,1876.2,5.715,305.6,118.9,188.1
31,LAW,7,T8,2,1876.2,2085.2,6.1957,188.1,77.5,174.0
31,LAW,8,T9,2,2085.2,2389.9,6.2537,174.0,125.6,240.5
31,LAW,9,T10,2,2389.9,2675.7,5.218,240.5,137.4,160.9
31,LAW,10,T11,2,2675.7,2797.5,3.3226,160.9,109.6,149.5
31,LAW,11,T12,2,2797.5,2924.8,2.4357,149.5,149.5,209.1
31,LAW,12,T13,2,2924.8,3290.5,8.7246,209.1,66.6,257.4
31,LAW,13,T14,3,3290.5,3683.3,8.1085,257.4,89.0,199.6
31,LAW,14,T15,3,3683.3,4040.2,5.1237,199.6,199.6,279.2
31,LAW,15,T16,3,4040.2,4318.8,5.0135,279.2,103.1,114.1
31,LAW,16,T17,3,4318.8,4478.7,3.508,114.1,114.1,213.5
31,LAW,17,T18,3,4478.7,4673.0,3.0769,213.5,205.2,205.2
31,LAW,18,T19,3,4673.0,4887.3,3.2332,205.2,205.0,263.2
32,LAW,0,T1,1,0.0,435.8,6.4461,261.8,131.2,131.2
32,LAW,1,T2,1,435.8,504.1,1.6586,131.2,131.2,149.4
32,LAW,2,T3,1,504.1,611.9,3.6359,149.4,91.2,141.2
32,LAW,3,T4,1,611.9,827.8,3.7086,141.2,141.2,247.8
32,LAW,4,T5,1,827.8,1184.6,6.3799,247.8,152.7,258.5
32,LAW,5,T6,1,1184.6,1581.8,4.9212,258.5,258.5,307.0
32,LAW,6,T7,2,1581.8,1876.2,5.6308,307.0,117.9,187.9
32,LAW,7,T8,2,1876.2,2085.2,6.0347,187.9,77.2,169.7
32,LAW,8,T9,2,2085.2,2389.9,6.2426,169.7,133.7,238.4
32,LAW,9,T10,2,2389.9,2675.7,5.1575,238.4,145.2,155.5
32,LAW,10,T11,2,2675.7,2797.5,3.2394,155.5,106.6,136.1
32,LAW,11,T12,2,2797.5,2924.8,2.4814,136.1,136.1,217.4
32,LAW,12,T13,2,2924.8,3290.5,8.6821,217.4,72.3,255.5
32,LAW,13,T14,3,3290.5,3683.3,8.0141,255.5,88.4,190.4
32,LAW,14,T15,3,3683.3,4040.2,5.1415,190.4,190.4,279.0
32,LAW,15,T16,3,4040.2,4318.8,5.004,279.0,108.4,112.3
32,LAW,16,T17,3,4318.8,4478.7,3.5772,112.3,112.3,211.6
32,LAW,17,T18,3,4478.7,4673.0,3.0686,211.6,206.0,206.0
32,LAW,18,T19,3,4673.0,4887.3,3.2435,206.0,206.0,261.1
33,LEC,0,T1,1,0.0,435.8,6.5683,263.4,134.0,138.3
33,LEC,1,T2,1,435.8,504.1,1.6066,138.3,138.3,142.8
33,LEC,2,T3,1,504.1,611.9,3.6672,142.8,87.7,140.5
33,LEC,3,T4,1,611.9,827.8,3.6675,140.5,140.5,250.8
33,LEC,4,T5,1,827.8,1184.6,6.3297,250.8,155.9,259.5
33,LEC,5,T6,1,1184.6,1581.8,4.8423,259.5,259.5,311.0
33,LEC,6,T7,2,1581.8,1876.2,5.6314,311.0,122.6,186.7
33,LEC,7,T8,2,1876.2,2085.2,6.1396,186.7,76.6,169.4
33,LEC,8,T9,2,2085.2,2389.9,6.2963,169.4,127.8,241.9
33,LEC,9,T10,2,2389.9,2675.7,5.169,241.9,140.0,156.1
33,LEC,10,T11,2,2675.7,2797.5,3.2541,156.1,114.2,136.3
33,LEC,11,T12,2,2797.5,2924.8,2.5176,136.3,136.3,214.7
33,LEC,12,T13,2,2924.8,3290.5,8.8063,214.7,63.0,256.7
33,LEC,13,T14,3,3290.5,3683.3,7.9913,256.7,94.3,200.0
33,LEC,14,T15,3,3683.3,4040.2,5.0607,200.0,200.0,283.3
33,LEC,15,T16,3,4040.2,4318.8,5.1305,283.3,108.3,118.1
33,LEC,16,T17,3,4318.8,4478.7,3.5233,118.1,118.1,214.0
33,LEC,17,T18,3,4478.7,4673.0,3.0753,214.0,205.5,205.5
33,LEC,18,T19,3,4673.0,4887.3,3.2459,205.5,205.5,266.5
34,LEC,0,T1,1,0.0,435.8,6.39,264.5,134.0,135.8
34,LEC,1,T2,1,435.8,504.1,1.6137,135.8,135.8,149.4
34,LEC,2,T3,1,504.1,611.9,3.6499,149.4,92.4,137.7
34,LEC,3,T4,1,611.9,827.8,3.7002,137.7,137.7,250.5
34,LEC,4,T5,1,827.8,1184.6,6.3669,250.5,154.2,260.6
34,LEC,5,T6,1,1184.6,1581.8,4.8419,260.6,260.6,314.5
34,LEC,6,T7,2,1581.8,1876.2,5.8006,314.5,122.9,186.7
34,LEC,7,T8,2,1876.2,2085.2,6.1169,186.7,79.3,180.3
34,LEC,8,T9,2,2085.2,2389.9,6.294,180.3,126.4,243.4
34,LEC,9,T10,2,2389.9,2675.7,5.2766,243.4,136.3,157.7
34,LEC,10,T11,2,2675.7,2797.5,3.301,157.7,109.0,151.7
34,LEC,11,T12,2,2797.5,2924.8,2.3531,151.7,151.7,217.1
34,LEC,12,T13,2,2924.8,3290.5,8.7086,217.1,65.7,260.4
34,LEC,13,T14,3,3290.5,3683.3,8.0535,260.4,90.6,202.7
34,LEC,14,T15,3,3683.3,4040.2,5.0231,202.7,202.7,285.7
34,LEC,15,T16,3,4040.2,4318.8,4.9822,285.7,109.1,118.5
34,LEC,16,T17,3,4318.8,4478.7,3.5786,118.5,118.5,210.7
34,LEC,17,T18,3,4478.7,4673.0,3.1072,210.7,203.0,203.0
34,LEC,18,T19,3,4673.0,4887.3,3.2482,203.0,203.0,265.6
35,LEC,0,T1,1,0.0,435.8,6.7053,264.1,135.4,144.3
35,LEC,1,T2,1,435.8,504.1,1.6359,144.3,128.9,128.9
35,LEC,2,T3,1,504.1,611.9,3.5971,128.9,90.3,151.6
35,LEC,3,T4,1,611.9,827.8,3.5875,151.6,151.6,253.4
35,LEC,4,T5,1,827.8,1184.6,6.2317,253.4,155.0,261.3
35,LEC,5,T6,1,1184.6,1581.8,4.8909,261.3,261.3,311.9
35,LEC,6,T7,2,1581.8,1876.2,5.5351,311.9,122.9,190.4
35,LEC,7,T8,2,1876.2,2085.2,6.0605,190.4,76.9,172.4
35,LEC,8,T9,2,2085.2,2389.9,6.2992,172.4,130.9,240.5
35,LEC,9,T10,2,2389.9,2675.7,5.1596,240.5,139.0,156.3
35,LEC,10,T11,2,2675.7,2797.5,3.3331,156.3,111.2,144.0
35,LEC,11,T12,2,2797.5,2924.8,2.4464,144.0,144.0,216.0
35,LEC,12,T13,2,2924.8,3290.5,8.7634,216.0,67.7,261.4
35,LEC,13,T14,3,3290.5,3683.3,7.9884,261.4,91.3,206.3
35,LEC,14,T15,3,3683.3,4040.2,5.006,206.3,206.3,283.6
35,LEC,15,T16,3,4040.2,4318.8,5.0784,283.6,106.4,120.0
35,LEC,16,T17,3,4318.8,4478.7,3.5164,120.0,120.0,215.4
35,LEC,17,T18,3,4478.7,4673.0,3.0711,215.4,206.0,206.0
35,LEC,18,T19,3,4673.0,4887.3,3.244,206.0,206.0,263.3
36,LEC,0,T1,1,0.0,435.8,6.4721,264.9,138.2,141.7
36,LEC,1,T2,1,435.8,504.1,1.7692,141.7,121.5,121.5
36,LEC,2,T3,1,504.1,611.9,3.7402,121.5,83.6,141.8
36,LEC,3,T4,1,611.9,827.8,3.6335,141.8,141.8,252.4
36,LEC,4,T5,1,827.8,1184.6,6.3092,252.4,157.3,259.6
36,LEC,5,T6,1,1184.6,1581.8,4.8477,259.6,259.6,310.5
36,LEC,6,T7,2,1581.8,1876.2,5.5707,310.5,120.2,186.8
36,LEC,7,T8,2,1876.2,2085.2,5.971,186.8,78.3,171.3
36,LEC,8,T9,2,2085.2,2389.9,6.2731,171.3,132.5,236.5
36,LEC,9,T10,2,2389.9,2675.7,5.0739,236.5,139.6,153.4
36,LEC,10,T11,2,2675.7,2797.5,3.3103,153.4,115.3,136.4
36,LEC,11,T12,2,2797.5,2924.8,2.4818,136.4,136.4,215.5
36,LEC,12,T13,2,2924.8,3290.5,8.8334,215.5,66.5,257.0
36,LEC,13,T14,3,3290.5,3683.3,8.2015,257.0,91.3,211.5
36,LEC,14,T15,3,3683.3,4040.2,4.965,211.5,211.5,282.5
36,LEC,15,T16,3,4040.2,4318.8,4.9673,282.5,114.0,126.0
36,LEC,16,T17,3,4318.8,4478.7,3.4003,126.0,126.0,219.0
36,LEC,17,T18,3,4478.7,4673.0,3.0301,219.0,210.3,210.3
36,LEC,18,T19,3,4673.0,4887.3,3.1616,210.3,210.2,267.7
37,LEC,0,T1,1,0.0,435.8,6.3984,267.1,140.1,144.5
37,LEC,1,T2,1,435.8,504.1,1.6243,144.5,139.2,139.2
37,LEC,2,T3,1,504.1,611.9,3.613,139.2,89.0,145.5
37,LEC,3,T4,1,611.9,827.8,3.6348,145.5,145.5,250.8
37,LEC,4,T5,1,827.8,1184.6,6.3473,250.8,157.0,265.8
37,LEC,5,T6,1,1184.6,1581.8,4.8217,265.8,265.8,313.6
37,LEC,6,T7,2,1581.8,1876.2,5.6885,313.6,120.0,196.4
37,LEC,7,T8,2,1876.2,2085.2,6.0071,196.4,79.4,183.9
37,LEC,8,T9,2,2085.2,2389.9,6.1813,183.9,129.0,243.6
37,LEC,9,T10,2,2389.9,2675.7,5.1837,243.6,139.8,163.6
37,LEC,10,T11,2,2675.7,2797.5,3.2224,163.6,114.2,148.4
37,LEC,11,T12,2,2797.5,2924.8,2.362,148.4,148.4,221.0
37,LEC,12,T13,2,2924.8,3290.5,8.7126,221.0,68.3,261.5
37,LEC,13,T14,3,3290.5,3683.3,8.0014,261.5,94.8,206.6
37,LEC,14,T15,3,3683.3,4040.2,5.0123,206.6,206.6,283.4
37,LEC,15,T16,3,4040.2,4318.8,4.8969,283.4,112.4,121.0
37,LEC,16,T17,3,4318.8,4478.7,3.4659,121.0,121.0,214.8
37,LEC,17,T18,3,4478.7,4673.0,3.0136,214.8,209.6,209.6
37,LEC,18,T19,3,4673.0,4887.3,3.2338,209.6,209.4,268.0
38,LEC,0,T1,1,0.0,435.8,6.3381,268.0,140.5,143.9
38,LEC,1,T2,1,435.8,504.1,1.7116,143.9,128.5,128.5
38,LEC,2,T3,1,504.1,611.9,3.5628,128.5,89.1,150.0
38,LEC,3,T4,1,611.9,827.8,3.6037,150.0,150.0,253.4
38,LEC,4,T5,1,827.8,1184.6,6.2028,253.4,155.6,264.3
38,LEC,5,T6,1,1184.6,1581.8,4.8333,264.3,264.3,313.3
38,LEC,6,T7,2,1581.8,1876.2,5.5645,313.3,124.3,193.6
38,LEC,7,T8,2,1876.2,2085.2,6.0287,193.6,82.6,180.1
38,LEC,8,T9,2,2085.2,2389.9,6.1831,180.1,130.2,242.8
38,LEC,9,T10,2,2389.9,2675.7,5.1573,242.8,140.8,158.0
38,LEC,10,T11,2,2675.7,2797.5,3.2048,158.0,115.7,144.5
38,LEC,11,T12,2,2797.5,2924.8,2.3916,144.5,144.5,217.7
38,LEC,12,T13,2,2924.8,3290.5,8.6472,217.7,69.1,260.1
38,LEC,13,T14,3,3290.5,3683.3,7.8794,260.1,97.8,202.2
38,LEC,14,T15,3,3683.3,4040.2,5.0276,202.2,202.2,283.1
38,LEC,15,T16,3,4040.2,4318.8,4.9288,283.1,111.5,123.0
38,LEC,16,T17,3,4318.8,4478.7,3.5055,123.0,123.0,209.1
38,LEC,17,T18,3,4478.7,4673.0,3.0947,209.1,207.3,207.3
38,LEC,18,T19,3,4673.0,4887.3,3.1974,207.3,207.3,268.1
39,MAG,0,T1,1,0.0,435.8,6.313,265.3,134.2,134.2
39,MAG,1,T2,1,435.8,504.1,1.622,134.2,134.2,151.7
39,MAG,2,T3,1,504.1,611.9,3.7914,151.7,84.8,122.7
39,MAG,3,T4,1,611.9,827.8,3.7488,122.7,122.7,248.2
39,MAG,4,T5,1,827.8,1184.6,6.4291,248.2,146.9,257.6
39,MAG,5,T6,1,1184.6,1581.8,4.9014,257.6,257.6,311.3
39,MAG,6,T7,2,1581.8,1876.2,5.6827,311.3,114.7,185.7
39,MAG,7,T8,2,1876.2,2085.2,6.1697,185.7,74.4,164.4
39,MAG,8,T9,2,2085.2,2389.9,6.4461,164.4,122.9,238.9
39,MAG,9,T10,2,2389.9,2675.7,5.1512,238.9,140.9,151.3
39,MAG,10,T11,2,2675.7,2797.5,3.3354,151.3,107.7,128.9
39,MAG,11,T12,2,2797.5,2924.8,2.5795,128.9,128.9,211.6
39,MAG,12,T13,2,2924.8,3290.5,8.8699,211.6,66.4,258.3
39,MAG,13,T14,3,3290.5,3683.3,8.0906,258.3,90.8,198.8
39,MAG,14,T15,3,3683.3,4040.2,5.1039,198.8,198.8,282.1
39,MAG,15,T16,3,4040.2,4318.8,4.9342,282.1,110.7,110.7
39,MAG,16,T17,3,4318.8,4478.7,3.6629,110.7,110.7,208.0
39,MAG,17,T18,3,4478.7,4673.0,3.0857,208.0,208.0,208.3
39,MAG,18,T19,3,4673.0,4887.3,3.2823,208.3,208.3,264.7
40,MAG,0,T1,1,0.0,435.8,6.4946,264.8,134.2,139.7
40,MAG,1,T2,1,435.8,504.1,1.5888,139.7,139.7,152.3
40,MAG,2,T3,1,504.1,611.9,3.6467,152.3,86.3,139.2
40,MAG,3,T4,1,611.9,827.8,3.7053,139.2,139.2,248.3
40,MAG,4,T5,1,827.8,1184.6,6.3562,248.3,151.0,260.5
40,MAG,5,T6,1,1184.6,1581.8,4.8697,260.5,260.5,312.6
40,MAG,6,T7,2,1581.8,1876.2,5.8025,312.6,119.5,188.7
40,MAG,7,T8,2,1876.2,2085.2,6.1014,188.7,82.2,174.2
40,MAG,8,T9,2,2085.2,2389.9,6.4411,174.2,126.3,237.6
40,MAG,9,T10,2,2389.9,2675.7,5.2872,237.6,135.0,151.5
40,MAG,10,T11,2,2675.7,2797.5,3.3438,151.5,112.0,139.5
40,MAG,11,T12,2,2797.5,2924.8,2.5469,139.5,139.5,211.9
40,MAG,12,T13,2,2924.8,3290.5,8.6782,211.9,63.2,252.1
40,MAG,13,T14,3,3290.5,3683.3,8.0139,252.1,92.1,198.5
40,MAG,14,T15,3,3683.3,4040.2,5.1327,198.5,198.5,279.8
40,MAG,15,T16,3,4040.2,4318.8,5.0446,279.8,107.3,114.8
40,MAG,16,T17,3,4318.8,4478.7,3.688,114.8,114.8,208.2
40,MAG,17,T18,3,4478.7,4673.0,3.064,208.2,208.2,208.9
40,MAG,18,T19,3,4673.0,4887.3,3.2324,208.9,208.8,266.3
41,MAG,0,T1,1,0.0,435.8,6.317,265.7,140.6,141.8
41,MAG,1,T2,1,435.8,504.1,1.5914,141.8,141.8,153.2
41,MAG,2,T3,1,504.1,611.9,3.7074,153.2,90.3,139.7
41,MAG,3,T4,1,611.9,827.8,3.6946,139.7,139.7,249.5
41,MAG,4,T5,1,827.8,1184.6,6.3769,249.5,151.8,261.0
41,MAG,5,T6,1,1184.6,1581.8,4.8686,261.0,261.0,313.1
41,MAG,6,T7,2,1581.8,1876.2,5.7124,313.1,120.9,186.4
41,MAG,7,T8,2,1876.2,2085.2,6.0003,186.4,76.7,171.8
41,MAG,8,T9,2,2085.2,2389.9,6.2424,171.8,130.4,240.9
41,MAG,9,T10,2,2389.9,2675.7,5.1533,240.9,142.4,154.0
41,MAG,10,T11,2,2675.7,2797.5,3.3036,154.0,107.7,130.8
41,MAG,11,T12,2,2797.5,2924.8,2.563,130.8,130.8,214.3
41,MAG,12,T13,2,2924.8,3290.5,8.7671,214.3,65.2,257.3
41,MAG,13,T14,3,3290.5,3683.3,8.0051,257.3,93.2,198.4
41,MAG,14,T15,3,3683.3,4040.2,5.0897,198.4,198.4,282.3
41,MAG,15,T16,3,4040.2,4318.8,4.8179,282.3,113.6,115.1
41,MAG,16,T17,3,4318.8,4478.7,3.64,115.1,115.1,209.0
41,MAG,17,T18,3,4478.7,4673.0,3.092,209.0,199.3,199.3
41,MAG,18,T19,3,4673.0,4887.3,3.2993,199.3,199.3,262.1
42,MAG,0,T1,1,0.0,435.8,6.1789,267.3,134.7,134.7
42,MAG,1,T2,1,435.8,504.1,1.6047,134.7,134.7,156.9
42,MAG,2,T3,1,504.1,611.9,3.6653,156.9,90.0,121.7
42,MAG,3,T4,1,611.9,827.8,3.7792,121.7,121.7,248.7
42,MAG,4,T5,1,827.8,1184.6,6.4655,248.7,148.3,254.4
42,MAG,5,T6,1,1184.6,1581.8,4.8976,254.4,254.4,310.5
42,MAG,6,T7,2,1581.8,1876.2,5.6691,310.5,119.4,183.3
42,MAG,7,T8,2,1876.2,2085.2,6.0453,183.3,75.4,169.6
42,MAG,8,T9,2,2085.2,2389.9,6.1571,169.6,130.5,241.2
42,MAG,9,T10,2,2389.9,2675.7,5.1106,241.2,139.0,152.5
42,MAG,10,T11,2,2675.7,2797.5,3.2299,152.5,111.0,130.0
42,MAG,11,T12,2,2797.5,2924.8,2.5466,130.0,130.0,215.9
42,MAG,12,T13,2,2924.8,3290.5,8.8321,215.9,67.3,257.7
42,MAG,13,T14,3,3290.5,3683.3,7.9934,257.7,96.2,202.0
42,MAG,14,T15,3,3683.3,4040.2,5.0869,202.0,202.0,279.9
42,MAG,15,T16,3,4040.2,4318.8,4.8992,279.9,114.5,115.1
42,MAG,16,T17,3,4318.8,4478.7,3.6173,115.1,115.1,209.8
42,MAG,17,T18,3,4478.7,4673.0,3.0734,209.8,202.6,202.6
42,MAG,18,T19,3,4673.0,4887.3,3.3177,202.6,202.0,262.7
43,MAG,0,T1,1,0.0,435.8,6.2753,266.4,138.9,139.7
43,MAG,1,T2,1,435.8,504.1,1.5886,139.7,139.7,147.5
43,MAG,2,T3,1,504.1,611.9,3.6907,147.5,88.2,137.9
43,MAG,3,T4,1,611.9,827.8,3.61,137.9,137.9,249.0
43,MAG,4,T5,1,827.8,1184.6,6.3718,249.0,152.9,260.8
43,MAG,5,T6,1,1184.6,1581.8,4.9017,260.8,260.8,310.8
43,MAG,6,T7,2,1581.8,1876.2,5.6046,310.8,120.8,187.8
43,MAG,7,T8,2,1876.2,2085.2,6.0721,187.8,77.2,168.4
43,MAG,8,T9,2,2085.2,2389.9,6.2521,168.4,132.6,242.0
43,MAG,9,T10,2,2389.9,2675.7,5.0655,242.0,142.2,155.5
43,MAG,10,T11,2,2675.7,2797.5,3.24,155.5,112.5,131.6
43,MAG,11,T12,2,2797.5,2924.8,2.5275,131.6,131.6,215.4
43,MAG,12,T13,2,2924.8,3290.5,8.7992,215.4,68.0,257.9
43,MAG,13,T14,3,3290.5,3683.3,7.9659,257.9,94.3,193.5
43,MAG,14,T15,3,3683.3,4040.2,5.1038,193.5,193.5,279.0
43,MAG,15,T16,3,4040.2,4318.8,4.8837,279.0,115.1,116.4
43,MAG,16,T17,3,4318.8,4478.7,3.5709,116.4,116.4,209.7
43,MAG,17,T18,3,4478.7,4673.0,3.1044,209.7,198.9,198.9
43,MAG,18,T19,3,4673.0,4887.3,3.2643,198.9,198.9,261.2
44,MAG,0,T1,1,0.0,435.8,6.2406,265.5,137.1,137.1
44,MAG,1,T2,1,435.8,504.1,1.6207,137.1,137.1,148.1
44,MAG,2,T3,1,504.1,611.9,3.6367,148.1,93.9,136.1
44,MAG,3,T4,1,611.9,827.8,3.7161,136.1,136.1,249.3
44,MAG,4,T5,1,827.8,1184.6,6.3814,249.3,149.7,257.4
44,MAG,5,T6,1,1184.6,1581.8,4.9024,257.4,257.4,309.7
44,MAG,6,T7,2,1581.8,1876.2,5.6965,309.7,122.3,185.6
44,MAG,7,T8,2,1876.2,2085.2,6.0816,185.6,79.3,174.0
44,MAG,8,T9,2,2085.2,2389.9,6.3612,174.0,126.0,238.2
44,MAG,9,T10,2,2389.9,2675.7,5.3039,238.2,132.0,152.6
44,MAG,10,T11,2,2675.7,2797.5,3.3021,152.6,113.2,140.3
44,MAG,11,T12,2,2797.5,2924.8,2.4728,140.3,140.3,214.3
44,MAG,12,T13,2,2924.8,3290.5,8.8351,214.3,64.7,257.2
44,MAG,13,T14,3,3290.5,3683.3,8.006,257.2,92.8,199.0
44,MAG,14,T15,3,3683.3,4040.2,5.0898,199.0,199.0,280.0
44,MAG,15,T16,3,4040.2,4318.8,4.8456,280.0,116.8,120.6
44,MAG,16,T17,3,4318.8,4478.7,3.6051,120.6,120.6,207.5
44,MAG,17,T18,3,4478.7,4673.0,3.0752,207.5,206.6,206.6
44,MAG,18,T19,3,4673.0,4887.3,3.2235,206.6,206.6,265.9
45,MAG,0,T1,1,0.0,435.8,6.2124,267.0,146.0,146.9
45,MAG,1,T2,1,435.8,504.1,1.5979,146.9,146.9,146.9
45,MAG,2,T3,1,504.1,611.9,3.7323,146.9,86.4,139.2
45,MAG,3,T4,1,611.9,827.8,3.6773,139.2,139.2,249.2
45,MAG,4,T5,1,827.8,1184.6,6.3319,249.2,154.9,258.7
45,MAG,5,T6,1,1184.6,1581.8,4.8938,258.7,258.7,311.6
45,MAG,6,T7,2,1581.8,1876.2,5.6942,311.6,119.9,183.0
45,MAG,7,T8,2,1876.2,2085.2,6.0591,183.0,77.9,178.2
45,MAG,8,T9,2,2085.2,2389.9,6.1875,178.2,133.6,241.5
45,MAG,9,T10,2,2389.9,2675.7,5.1046,241.5,141.5,158.2
45,MAG,10,T11,2,2675.7,2797.5,3.1971,158.2,114.3,143.9
45,MAG,11,T12,2,2797.5,2924.8,2.474,143.9,143.9,216.3
45,MAG,12,T13,2,2924.8,3290.5,8.6958,216.3,63.1,259.1
45,MAG,13,T14,3,3290.5,3683.3,7.9616,259.1,95.9,199.2
45,MAG,14,T15,3,3683.3,4040.2,5.0693,199.2,199.2,280.3
45,MAG,15,T16,3,4040.2,4318.8,4.8662,280.3,111.2,120.4
45,MAG,16,T17,3,4318.8,4478.7,3.563,120.4,120.4,212.3
45,MAG,17,T18,3,4478.7,4673.0,3.0476,212.3,210.6,210.6
45,MAG,18,T19,3,4673.0,4887.3,3.2094,210.6,210.5,265.7
46,NOR,0,T1,1,0.0,435.8,6.3289,262.9,135.1,135.1
46,NOR,1,T2,1,435.8,504.1,1.7028,135.1,135.1,141.2
46,NOR,2,T3,1,504.1,611.9,3.649,141.2,90.3,141.5
46,NOR,3,T4,1,611.9,827.8,3.6543,141.5,141.5,250.2
46,NOR,4,T5,1,827.8,1184.6,6.3634,250.2,153.2,257.2
46,NOR,5,T6,1,1184.6,1581.8,4.8948,257.2,257.2,308.0
46,NOR,6,T7,2,1581.8,1876.2,5.6159,308.0,118.6,184.3
46,NOR,7,T8,2,1876.2,2085.2,6.09,184.3,75.3,161.5
46,NOR,8,T9,2,2085.2,2389.9,6.3501,161.5,125.5,237.3
46,NOR,9,T10,2,2389.9,2675.7,5.205,237.3,136.6,151.4
46,NOR,10,T11,2,2675.7,2797.5,3.2672,151.4,108.4,128.7
46,NOR,11,T12,2,2797.5,2924.8,2.5609,128.7,128.7,206.0
46,NOR,12,T13,2,2924.8,3290.5,8.8325,206.0,73.1,254.2
46,NOR,13,T14,3,3290.5,3683.3,8.2511,254.2,94.3,201.2
46,NOR,14,T15,3,3683.3,4040.2,5.0353,201.2,201.2,282.7
46,NOR,15,T16,3,4040.2,4318.8,4.9686,282.7,111.1,121.8
46,NOR,16,T17,3,4318.8,4478.7,3.4743,121.8,121.8,215.3
46,NOR,17,T18,3,4478.7,4673.0,3.0706,215.3,203.3,203.3
46,NOR,18,T19,3,4673.0,4887.3,3.2413,203.3,203.3,262.7
47,NOR,0,T1,1,0.0,435.8,6.4033,265.6,137.0,137.0
47,NOR,1,T2,1,435.8,504.1,1.6828,137.0,136.6,136.6
47,NOR,2,T3,1,504.1,611.9,3.6895,136.6,90.0,140.1
47,NOR,3,T4,1,611.9,827.8,3.6616,140.1,140.1,252.2
47,NOR,4,T5,1,827.8,1184.6,6.2909,252.2,156.8,262.1
47,NOR,5,T6,1,1184.6,1581.8,4.8389,262.1,262.1,310.2
47,NOR,6,T7,2,1581.8,1876.2,5.7569,310.2,121.4,187.0
47,NOR,7,T8,2,1876.2,2085.2,6.0724,187.0,77.1,170.3
47,NOR,8,T9,2,2085.2,2389.9,6.2455,170.3,130.5,239.4
47,NOR,9,T10,2,2389.9,2675.7,5.2178,239.4,137.9,158.7
47,NOR,10,T11,2,2675.7,2797.5,3.2462,158.7,112.7,136.0
47,NOR,11,T12,2,2797.5,2924.8,2.6012,136.0,136.0,208.6
47,NOR,12,T13,2,2924.8,3290.5,8.9814,208.6,68.1,256.8
47,NOR,13,T14,3,3290.5,3683.3,8.0312,256.8,93.8,199.9
47,NOR,14,T15,3,3683.3,4040.2,5.0873,199.9,199.9,280.8
47,NOR,15,T16,3,4040.2,4318.8,4.8639,280.8,109.7,115.6
47,NOR,16,T17,3,4318.8,4478.7,3.5114,115.6,115.6,214.4
47,NOR,17,T18,3,4478.7,4673.0,3.0596,214.4,207.0,207.0
47,NOR,18,T19,3,4673.0,4887.3,3.2413,207.0,207.0,261.1
48,NOR,0,T1,1,0.0,435.8,6.4686,250.1,133.1,134.6
48,NOR,1,T2,1,435.8,504.1,1.6681,134.6,134.6,135.5
48,NOR,2,T3,1,504.1,611.9,3.6476,135.5,92.2,135.0
48,NOR,3,T4,1,611.9,827.8,3.6654,135.0,135.0,252.4
48,NOR,4,T5,1,827.8,1184.6,6.364,252.4,155.4,262.0
48,NOR,5,T6,1,1184.6,1581.8,4.832,262.0,262.0,312.8
48,NOR,6,T7,2,1581.8,1876.2,5.6301,312.8,122.9,187.1
48,NOR,7,T8,2,1876.2,2085.2,6.0586,187.1,77.0,169.4
48,NOR,8,T9,2,2085.2,2389.9,6.2876,169.4,130.2,241.3
48,NOR,9,T10,2,2389.9,2675.7,5.0975,241.3,138.4,149.7
48,NOR,10,T11,2,2675.7,2797.5,3.2654,149.7,111.4,134.3
48,NOR,11,T12,2,2797.5,2924.8,2.5537,134.3,134.3,210.9
48,NOR,12,T13,2,2924.8,3290.5,8.7688,210.9,71.1,257.7
48,NOR,13,T14,3,3290.5,3683.3,7.9799,257.7,93.4,193.5
48,NOR,14,T15,3,3683.3,4040.2,5.0844,193.5,193.5,282.6
48,NOR,15,T16,3,4040.2,4318.8,4.7859,282.6,112.6,112.6
48,NOR,16,T17,3,4318.8,4478.7,3.6157,112.6,112.6,213.4
48,NOR,17,T18,3,4478.7,4673.0,3.058,213.4,206.6,206.6
48,NOR,18,T19,3,4673.0,4887.3,4.4595,206.6,134.3,134.3
49,NOR,0,T1,1,0.0,435.8,6.3924,264.4,134.3,135.4
49,NOR,1,T2,1,435.8,504.1,1.6143,135.4,135.4,145.1
49,NOR,2,T3,1,504.1,611.9,3.654,145.1,88.9,138.1
49,NOR,3,T4,1,611.9,827.8,3.6637,138.1,138.1,251.6
49,NOR,4,T5,1,827.8,1184.6,6.3125,251.6,155.5,258.2
49,NOR,5,T6,1,1184.6,1581.8,4.8413,258.2,258.2,310.9
49,NOR,6,T7,2,1581.8,1876.2,5.7339,310.9,120.4,193.3
49,NOR,7,T8,2,1876.2,2085.2,6.0083,193.3,82.6,174.8
49,NOR,8,T9,2,2085.2,2389.9,6.2402,174.8,129.0,240.5
49,NOR,9,T10,2,2389.9,2675.7,5.1854,240.5,140.6,161.8
49,NOR,10,T11,2,2675.7,2797.5,3.2388,161.8,114.5,141.5
49,NOR,11,T12,2,2797.5,2924.8,2.4415,141.5,141.5,218.5
49,NOR,12,T13,2,2924.8,3290.5,8.8895,218.5,71.3,257.6
49,NOR,13,T14,3,3290.5,3683.3,7.9957,257.6,94.6,205.4
49,NOR,14,T15,3,3683.3,4040.2,5.0131,205.4,205.4,281.0
49,NOR,15,T16,3,4040.2,4318.8,4.9502,281.0,110.8,118.7
49,NOR,16,T17,3,4318.8,4478.7,3.4805,118.7,118.7,215.7
49,NOR,17,T18,3,4478.7,4673.0,3.0802,215.7,205.8,205.8
49,NOR,18,T19,3,4673.0,4887.3,3.2155,205.8,205.5,262.2
50,NOR,0,T1,1,0.0,435.8,6.2933,266.4,141.4,141.4
50,NOR,1,T2,1,435.8,504.1,1.6242,141.4,138.2,138.2
50,NOR,2,T3,1,504.1,611.9,3.5766,138.2,92.7,138.6
50,NOR,3,T4,1,611.9,827.8,3.6717,138.6,138.6,250.8
50,NOR,4,T5,1,827.8,1184.6,6.2679,250.8,158.5,261.3
50,NOR,5,T6,1,1184.6,1581.8,4.8821,261.3,261.3,309.5
50,NOR,6,T7,2,1581.8,1876.2,5.6874,309.5,123.4,190.2
50,NOR,7,T8,2,1876.2,2085.2,5.9297,190.2,86.2,171.6
50,NOR,8,T9,2,2085.2,2389.9,6.2226,171.6,134.7,240.8
50,NOR,9,T10,2,2389.9,2675.7,5.1038,240.8,140.3,154.8
50,NOR,10,T11,2,2675.7,2797.5,3.2441,154.8,114.1,135.5
50,NOR,11,T12,2,2797.5,2924.8,2.4857,135.5,135.5,215.2
50,NOR,12,T13,2,2924.8,3290.5,8.8081,215.2,70.4,257.4
50,NOR,13,T14,3,3290.5,3683.3,7.8068,257.4,93.7,196.8
50,NOR,14,T15,3,3683.3,4040.2,5.0941,196.8,196.8,281.9
50,NOR,15,T16,3,4040.2,4318.8,4.9185,281.9,107.5,112.2
50,NOR,16,T17,3,4318.8,4478.7,3.5662,112.2,112.2,214.5
50,NOR,17,T18,3,4478.7,4673.0,3.1395,214.5,207.5,207.5
50,NOR,18,T19,3,4673.0,4887.3,3.2169,207.5,207.5,264.7
51,NOR,0,T1,1,0.0,435.8,6.2718,266.1,141.6,143.8
51,NOR,1,T2,1,435.8,504.1,1.6002,143.8,134.2,134.2
51,NOR,2,T3,1,504.1,611.9,3.5907,134.2,88.5,145.9
51,NOR,3,T4,1,611.9,827.8,3.642,145.9,145.9,252.5
51,NOR,4,T5,1,827.8,1184.6,6.2788,252.5,155.1,262.8
51,NOR,5,T6,1,1184.6,1581.8,4.8601,262.8,262.8,310.8
51,NOR,6,T7,2,1581.8,1876.2,5.715,310.8,119.7,191.9
51,NOR,7,T8,2,1876.2,2085.2,6.0466,191.9,83.5,177.5
51,NOR,8,T9,2,2085.2,2389.9,6.1406,177.5,129.3,237.7
51,NOR,9,T10,2,2389.9,2675.7,5.2203,237.7,138.4,166.3
51,NOR,10,T11,2,2675.7,2797.5,3.2188,166.3,111.7,149.0
51,NOR,11,T12,2,2797.5,2924.8,2.4258,149.0,149.0,216.5
51,NOR,12,T13,2,2924.8,3290.5,8.6974,216.5,64.1,260.1
51,NOR,13,T14,3,3290.5,3683.3,7.8877,260.1,94.6,200.6
51,NOR,14,T15,3,3683.3,4040.2,5.0587,200.6,200.6,282.3
51,NOR,15,T16,3,4040.2,4318.8,4.8838,282.3,113.5,119.8
51,NOR,16,T17,3,4318.8,4478.7,3.4887,119.8,119.8,212.9
51,NOR,17,T18,3,4478.7,4673.0,3.0593,212.9,211.9,211.9
51,NOR,18,T19,3,4673.0,4887.3,3.1838,211.9,211.9,267.2
52,OCO,0,T1,1,0.0,435.8,6.4007,261.3,133.5,137.4
52,OCO,1,T2,1,435.8,504.1,1.5999,137.4,137.4,153.1
52,OCO,2,T3,1,504.1,611.9,3.4769,153.1,97.4,130.7
52,OCO,3,T4,1,611.9,827.8,3.7863,130.7,130.7,247.9
52,OCO,4,T5,1,827.8,1184.6,6.4781,247.9,150.2,249.8
52,OCO,5,T6,1,1184.6,1581.8,4.9447,249.8,249.8,305.6
52,OCO,6,T7,2,1581.8,1876.2,5.7408,305.6,120.3,185.2
52,OCO,7,T8,2,1876.2,2085.2,6.0753,185.2,74.0,167.8
52,OCO,8,T9,2,2085.2,2389.9,6.4405,167.8,122.9,239.4
52,OCO,9,T10,2,2389.9,2675.7,5.0689,239.4,145.2,156.5
52,OCO,10,T11,2,2675.7,2797.5,3.4278,156.5,103.3,128.2
52,OCO,11,T12,2,2797.5,2924.8,2.4991,128.2,128.2,215.1
52,OCO,12,T13,2,2924.8,3290.5,8.7893,215.1,74.0,253.3
52,OCO,13,T14,3,3290.5,3683.3,8.2199,253.3,89.0,194.6
52,OCO,14,T15,3,3683.3,4040.2,5.109,194.6,194.6,279.0
52,OCO,15,T16,3,4040.2,4318.8,4.8819,279.0,108.4,109.5
52,OCO,16,T17,3,4318.8,4478.7,3.605,109.5,109.5,208.3
52,OCO,17,T18,3,4478.7,4673.0,3.108,208.3,204.7,204.7
52,OCO,18,T19,3,4673.0,4887.3,3.259,204.7,204.7,264.1
53,OCO,0,T1,1,0.0,435.8,6.4001,263.9,137.3,137.3
53,OCO,1,T2,1,435.8,504.1,1.6043,137.3,137.3,153.3
53,OCO,2,T3,1,504.1,611.9,3.5725,153.3,95.8,124.4
53,OCO,3,T4,1,611.9,827.8,3.714,124.4,124.4,248.4
53,OCO,4,T5,1,827.8,1184.6,6.3813,248.4,152.5,257.7
53,OCO,5,T6,1,1184.6,1581.8,4.919,257.7,257.7,308.0
53,OCO,6,T7,2,1581.8,1876.2,5.9556,308.0,115.1,194.3
53,OCO,7,T8,2,1876.2,2085.2,5.9736,194.3,84.3,180.5
53,OCO,8,T9,2,2085.2,2389.9,6.2268,180.5,129.5,242.7
53,OCO,9,T10,2,2389.9,2675.7,5.1524,242.7,146.4,156.0
53,OCO,10,T11,2,2675.7,2797.5,3.4076,156.0,106.1,143.6
53,OCO,11,T12,2,2797.5,2924.8,2.4079,143.6,143.6,212.6
53,OCO,12,T13,2,2924.8,3290.5,8.8357,212.6,63.4,257.0
53,OCO,13,T14,3,3290.5,3683.3,8.0536,257.0,94.7,203.9
53,OCO,14,T15,3,3683.3,4040.2,5.0621,203.9,203.9,281.0
53,OCO,15,T16,3,4040.2,4318.8,4.8952,281.0,109.5,118.4
53,OCO,16,T17,3,4318.8,4478.7,3.519,118.4,118.4,213.2
53,OCO,17,T18,3,4478.7,4673.0,3.039,213.2,209.5,209.5
53,OCO,18,T19,3,4673.0,4887.3,3.2496,209.5,209.3,262.3
54,OCO,0,T1,1,0.0,435.8,6.2938,264.4,129.0,129.0
54,OCO,1,T2,1,435.8,504.1,1.7554,129.0,129.0,136.9
54,OCO,2,T3,1,504.1,611.9,3.601,136.9,98.7,134.0
54,OCO,3,T4,1,611.9,827.8,3.722,134.0,134.0,249.5
54,OCO,4,T5,1,827.8,1184.6,6.4155,249.5,152.0,255.2
54,OCO,5,T6,1,1184.6,1581.8,4.9151,255.2,255.2,307.9
54,OCO,6,T7,2,1581.8,1876.2,5.5921,307.9,120.7,181.3
54,OCO,7,T8,2,1876.2,2085.2,6.0586,181.3,76.4,171.6
54,OCO,8,T9,2,2085.2,2389.9,6.3965,171.6,124.2,232.0
54,OCO,9,T10,2,2389.9,2675.7,5.0739,232.0,147.8,158.7
54,OCO,10,T11,2,2675.7,2797.5,3.3387,158.7,114.5,133.2
54,OCO,11,T12,2,2797.5,2924.8,2.4586,133.2,133.2,217.0
54,OCO,12,T13,2,2924.8,3290.5,8.8109,217.0,69.8,257.1
54,OCO,13,T14,3,3290.5,3683.3,8.0998,257.1,94.3,191.2
54,OCO,14,T15,3,3683.3,4040.2,5.0942,191.2,191.2,280.5
54,OCO,15,T16,3,4040.2,4318.8,4.993,280.5,107.8,117.8
54,OCO,16,T17,3,4318.8,4478.7,3.4224,117.8,117.8,215.5
54,OCO,17,T18,3,4478.7,4673.0,3.02,215.5,212.0,212.0
54,OCO,18,T19,3,4673.0,4887.3,3.2163,212.0,212.0,263.5
55,OCO,0,T1,1,0.0,435.8,6.7875,266.8,135.2,148.0
55,OCO,1,T2,1,435.8,504.1,1.611,148.0,129.9,129.9
55,OCO,2,T3,1,504.1,611.9,3.4874,129.9,92.0,154.6
55,OCO,3,T4,1,611.9,827.8,3.5631,154.6,154.6,253.2
55,OCO,4,T5,1,827.8,1184.6,6.3227,253.2,151.7,259.8
55,OCO,5,T6,1,1184.6,1581.8,4.8888,259.8,259.8,308.3
55,OCO,6,T7,2,1581.8,1876.2,5.7316,308.3,113.9,193.3
55,OCO,7,T8,2,1876.2,2085.2,6.0839,193.3,81.9,180.6
55,OCO,8,T9,2,2085.2,2389.9,6.2449,180.6,127.1,244.2
55,OCO,9,T10,2,2389.9,2675.7,5.0822,244.2,145.1,166.7
55,OCO,10,T11,2,2675.7,2797.5,3.3424,166.7,108.6,145.4
55,OCO,11,T12,2,2797.5,2924.8,2.4238,145.4,145.4,211.8
55,OCO,12,T13,2,2924.8,3290.5,8.7435,211.8,65.4,258.1
55,OCO,13,T14,3,3290.5,3683.3,8.0767,258.1,93.9,198.9
55,OCO,14,T15,3,3683.3,4040.2,5.0675,198.9,198.9,280.4
55,OCO,15,T16,3,4040.2,4318.8,4.9596,280.4,108.2,120.2
55,OCO,16,T17,3,4318.8,4478.7,3.4439,120.2,120.2,213.4
55,OCO,17,T18,3,4478.7,4673.0,3.034,213.4,213.4,216.0
55,OCO,18,T19,3,4673.0,4887.3,3.1944,216.0,216.0,263.5
56,OCO,0,T1,1,0.0,435.8,6.4843,264.9,133.4,137.2
56,OCO,1,T2,1,435.8,504.1,1.6371,137.2,137.2,141.1
56,OCO,2,T3,1,504.1,611.9,3.5792,141.1,93.7,139.3
56,OCO,3,T4,1,611.9,827.8,3.7187,139.3,139.3,251.7
56,OCO,4,T5,1,827.8,1184.6,6.3735,251.7,151.0,260.2
56,OCO,5,T6,1,1184.6,1581.8,4.9159,260.2,260.2,307.7
56,OCO,6,T7,2,1581.8,1876.2,5.7537,307.7,121.7,195.4
56,OCO,7,T8,2,1876.2,2085.2,6.1221,195.4,81.8,176.8
56,OCO,8,T9,2,2085.2,2389.9,6.2801,176.8,124.4,242.5
56,OCO,9,T10,2,2389.9,2675.7,5.1907,242.5,142.4,157.6
56,OCO,10,T11,2,2675.7,2797.5,3.3318,157.6,110.4,139.7
56,OCO,11,T12,2,2797.5,2924.8,2.4646,139.7,139.7,217.0
56,OCO,12,T13,2,2924.8,3290.5,8.7742,217.0,68.3,258.1
56,OCO,13,T14,3,3290.5,3683.3,7.9786,258.1,92.8,190.0
56,OCO,14,T15,3,3683.3,4040.2,5.1199,190.0,190.0,280.7
56,OCO,15,T16,3,4040.2,4318.8,4.9085,280.7,104.5,115.4
56,OCO,16,T17,3,4318.8,4478.7,3.5583,115.4,115.4,212.6
56,OCO,17,T18,3,4478.7,4673.0,3.1153,212.6,204.3,204.3
56,OCO,18,T19,3,4673.0,4887.3,3.2578,204.3,204.3,264.6
57,OCO,0,T1,1,0.0,435.8,6.4249,264.2,138.3,139.8
57,OCO,1,T2,1,435.8,504.1,1.5902,139.8,139.8,145.4
57,OCO,2,T3,1,504.1,611.9,3.5089,145.4,98.9,143.8
57,OCO,3,T4,1,611.9,827.8,3.6696,143.8,143.8,250.9
57,OCO,4,T5,1,827.8,1184.6,6.2862,250.9,154.2,257.0
57,OCO,5,T6,1,1184.6,1581.8,4.9169,257.0,257.0,308.3
57,OCO,6,T7,2,1581.8,1876.2,5.6995,308.3,122.9,185.0
57,OCO,7,T8,2,1876.2,2085.2,6.0015,185.0,77.3,175.2
57,OCO,8,T9,2,2085.2,2389.9,6.2667,175.2,131.9,240.1
57,OCO,9,T10,2,2389.9,2675.7,5.0687,240.1,146.8,157.3
57,OCO,10,T11,2,2675.7,2797.5,3.4027,157.3,107.9,136.7
57,OCO,11,T12,2,2797.5,2924.8,2.4211,136.7,136.7,220.8
57,OCO,12,T13,2,2924.8,3290.5,8.6813,220.8,68.4,256.9
57,OCO,13,T14,3,3290.5,3683.3,7.994,256.9,94.7,200.3
57,OCO,14,T15,3,3683.3,4040.2,5.0502,200.3,200.3,282.3
57,OCO,15,T16,3,4040.2,4318.8,4.9312,282.3,106.5,115.4
57,OCO,16,T17,3,4318.8,4478.7,3.512,115.4,115.4,212.5
57,OCO,17,T18,3,4478.7,4673.0,3.0544,212.5,211.0,211.0
57,OCO,18,T19,3,4673.0,4887.3,3.193,211.0,211.0,263.9
58,PER,0,T1,1,0.0,435.8,6.4136,262.0,126.9,126.9
58,PER,1,T2,1,435.8,504.1,1.6856,126.9,126.9,144.7
58,PER,2,T3,1,504.1,611.9,3.6166,144.7,88.2,141.8
58,PER,3,T4,1,611.9,827.8,3.707,141.8,141.8,248.6
58,PER,4,T5,1,827.8,1184.6,6.397,248.6,151.4,258.7
58,PER,5,T6,1,1184.6,1581.8,4.9014,258.7,258.7,308.7
58,PER,6,T7,2,1581.8,1876.2,5.6349,308.7,120.6,187.3
58,PER,7,T8,2,1876.2,2085.2,5.9917,187.3,72.7,169.0
58,PER,8,T9,2,2085.2,2389.9,6.3423,169.0,128.0,235.2
58,PER,9,T10,2,2389.9,2675.7,5.1327,235.2,140.2,155.2
58,PER,10,T11,2,2675.7,2797.5,3.3336,155.2,110.1,132.1
58,PER,11,T12,2,2797.5,2924.8,2.515,132.1,132.1,210.4
58,PER,12,T13,2,2924.8,3290.5,8.9169,210.4,67.4,258.1
58,PER,13,T14,3,3290.5,3683.3,8.0492,258.1,89.8,202.8
58,PER,14,T15,3,3683.3,4040.2,5.0794,202.8,202.8,279.6
58,PER,15,T16,3,4040.2,4318.8,4.9316,279.6,107.6,115.5
58,PER,16,T17,3,4318.8,4478.7,3.5962,115.5,115.5,205.1
58,PER,17,T18,3,4478.7,4673.0,3.1029,205.1,203.2,204.7
58,PER,18,T19,3,4673.0,4887.3,3.2153,204.7,204.7,264.7
59,PER,0,T1,1,0.0,435.8,6.4651,262.9,132.2,134.7
59,PER,1,T2,1,435.8,504.1,1.5702,134.7,134.7,147.0
59,PER,2,T3,1,504.1,611.9,3.6339,147.0,86.0,148.7
59,PER,3,T4,1,611.9,827.8,3.6596,148.7,148.7,249.4
59,PER,4,T5,1,827.8,1184.6,6.2783,249.4,154.5,260.6
59,PER,5,T6,1,1184.6,1581.8,4.8917,260.6,260.6,309.5
59,PER,6,T7,2,1581.8,1876.2,5.6583,309.5,122.9,185.0
59,PER,7,T8,2,1876.2,2085.2,5.9987,185.0,76.5,171.3
59,PER,8,T9,2,2085.2,2389.9,6.3195,171.3,125.5,237.0
59,PER,9,T10,2,2389.9,2675.7,5.1738,237.0,139.6,156.1
59,PER,10,T11,2,2675.7,2797.5,3.3028,156.1,111.4,142.6
59,PER,11,T12,2,2797.5,2924.8,2.4597,142.6,142.6,215.5
59,PER,12,T13,2,2924.8,3290.5,8.7533,215.5,70.3,257.2
59,PER,13,T14,3,3290.5,3683.3,8.048,257.2,93.8,196.8
59,PER,14,T15,3,3683.3,4040.2,5.0865,196.8,196.8,278.3
59,PER,15,T16,3,4040.2,4318.8,4.8654,278.3,108.7,111.4
59,PER,16,T17,3,4318.8,4478.7,3.6143,111.4,111.4,209.7
59,PER,17,T18,3,4478.7,4673.0,3.0333,209.7,205.1,205.1
59,PER,18,T19,3,4673.0,4887.3,3.2864,205.1,203.9,260.2
60,PER,0,T1,1,0.0,435.8,6.2583,263.4,134.3,134.3
60,PER,1,T2,1,435.8,504.1,1.6186,134.3,134.3,153.0
60,PER,2,T3,1,504.1,611.9,3.6502,153.0,91.1,128.4
60,PER,3,T4,1,611.9,827.8,3.7982,128.4,128.4,246.1
60,PER,4,T5,1,827.8,1184.6,6.3768,246.1,151.9,254.2
60,PER,5,T6,1,1184.6,1581.8,4.9241,254.2,254.2,309.3
60,PER,6,T7,2,1581.8,1876.2,5.6893,309.3,117.6,169.8
60,PER,7,T8,2,1876.2,2085.2,6.1142,169.8,73.2,171.1
60,PER,8,T9,2,2085.2,2389.9,6.2579,171.1,130.1,238.2
60,PER,9,T10,2,2389.9,2675.7,5.1395,238.2,139.4,159.0
60,PER,10,T11,2,2675.7,2797.5,3.2868,159.0,110.6,136.1
60,PER,11,T12,2,2797.5,2924.8,2.4917,136.1,136.1,214.7
60,PER,12,T13,2,2924.8,3290.5,8.6636,214.7,66.6,255.7
60,PER,13,T14,3,3290.5,3683.3,7.9927,255.7,89.5,196.4
60,PER,14,T15,3,3683.3,4040.2,5.0928,196.4,196.4,280.3
60,PER,15,T16,3,4040.2,4318.8,5.009,280.3,109.1,117.1
60,PER,16,T17,3,4318.8,4478.7,3.612,117.1,117.1,213.0
60,PER,17,T18,3,4478.7,4673.0,3.0613,213.0,207.5,207.5
60,PER,18,T19,3,4673.0,4887.3,3.2729,207.5,207.5,262.4
61,PIA,0,T1,1,0.0,435.8,6.4551,261.6,136.3,138.7
61,PIA,1,T2,1,435.8,504.1,1.6287,138.7,138.7,140.2
61,PIA,2,T3,1,504.1,611.9,3.6671,140.2,88.0,142.9
61,PIA,3,T4,1,611.9,827.8,3.6308,142.9,142.9,251.1
61,PIA,4,T5,1,827.8,1184.6,6.5938,251.1,151.9,257.5
61,PIA,5,T6,1,1184.6,1581.8,4.9135,257.5,257.5,308.6
61,PIA,6,T7,2,1581.8,1876.2,5.9253,308.6,112.3,193.4
61,PIA,7,T8,2,1876.2,2085.2,6.1337,193.4,80.7,177.0
61,PIA,8,T9,2,2085.2,2389.9,6.1915,177.0,128.5,243.5
61,PIA,9,T10,2,2389.9,2675.7,5.31,243.5,135.9,166.4
61,PIA,10,T11,2,2675.7,2797.5,3.286,166.4,110.4,148.7
61,PIA,11,T12,2,2797.5,2924.8,2.4243,148.7,148.7,210.6
61,PIA,12,T13,2,2924.8,3290.5,8.8461,210.6,67.2,257.7
61,PIA,13,T14,3,3290.5,3683.3,7.9589,257.7,93.9,199.0
61,PIA,14,T15,3,3683.3,4040.2,5.082,199.0,199.0,280.8
61,PIA,15,T16,3,4040.2,4318.8,4.9662,280.8,112.0,113.1
61,PIA,16,T17,3,4318.8,4478.7,3.5878,113.1,113.1,211.3
61,PIA,17,T18,3,4478.7,4673.0,3.0916,211.3,209.2,209.2
61,PIA,18,T19,3,4673.0,4887.3,3.2094,209.2,209.2,266.1
62,PIA,0,T1,1,0.0,435.8,6.561,263.2,134.9,138.2
62,PIA,1,T2,1,435.8,504.1,1.692,138.2,125.2,125.2
62,PIA,2,T3,1,504.1,611.9,3.6163,125.2,88.4,149.2
62,PIA,3,T4,1,611.9,827.8,3.5933,149.2,149.2,252.5
62,PIA,4,T5,1,827.8,1184.6,6.3168,252.5,151.0,260.9
62,PIA,5,T6,1,1184.6,1581.8,4.8585,260.9,260.9,310.4
62,PIA,6,T7,2,1581.8,1876.2,5.8298,310.4,116.1,195.2
62,PIA,7,T8,2,1876.2,2085.2,6.1371,195.2,80.5,178.8
62,PIA,8,T9,2,2085.2,2389.9,6.2883,178.8,127.9,241.8
62,PIA,9,T10,2,2389.9,2675.7,5.3626,241.8,131.0,160.8
62,PIA,10,T11,2,2675.7,2797.5,3.3576,160.8,107.2,145.4
62,PIA,11,T12,2,2797.5,2924.8,2.4245,145.4,145.4,210.3
62,PIA,12,T13,2,2924.8,3290.5,8.87,210.3,61.0,260.0
62,PIA,13,T14,3,3290.5,3683.3,8.0332,260.0,93.1,195.8
62,PIA,14,T15,3,3683.3,4040.2,5.0866,195.8,195.8,281.7
62,PIA,15,T16,3,4040.2,4318.8,5.0173,281.7,108.5,111.5
62,PIA,16,T17,3,4318.8,4478.7,3.6771,111.5,111.5,211.3
62,PIA,17,T18,3,4478.7,4673.0,3.1088,211.3,205.6,205.6
62,PIA,18,T19,3,4673.0,4887.3,3.2361,205.6,205.6,263.5
63,RUS,0,T1,1,0.0,435.8,6.2163,263.4,138.0,138.0
63,RUS,1,T2,1,435.8,504.1,1.6173,138.0,138.0,153.3
63,RUS,2,T3,1,504.1,611.9,3.6496,153.3,91.5,136.4
63,RUS,3,T4,1,611.9,827.8,3.7464,136.4,136.4,247.1
63,RUS,4,T5,1,827.8,1184.6,6.4083,247.1,156.7,251.3
63,RUS,5,T6,1,1184.6,1581.8,4.9267,251.3,251.3,307.5
63,RUS,6,T7,2,1581.8,1876.2,5.7088,307.5,119.8,188.5
63,RUS,7,T8,2,1876.2,2085.2,6.0969,188.5,76.5,170.6
63,RUS,8,T9,2,2085.2,2389.9,6.3833,170.6,122.9,238.1
63,RUS,9,T10,2,2389.9,2675.7,5.1439,238.1,142.6,164.0
63,RUS,10,T11,2,2675.7,2797.5,3.3476,164.0,111.1,143.3
63,RUS,11,T12,2,2797.5,2924.8,2.4576,143.3,143.3,216.0
63,RUS,12,T13,2,2924.8,3290.5,8.8485,216.0,69.1,256.8
63,RUS,13,T14,3,3290.5,3683.3,8.0282,256.8,92.8,198.4
63,RUS,14,T15,3,3683.3,4040.2,5.1022,198.4,198.4,279.1
63,RUS,15,T16,3,4040.2,4318.8,4.9403,279.1,109.7,115.9
63,RUS,16,T17,3,4318.8,4478.7,3.5193,115.9,115.9,213.2
63,RUS,17,T18,3,4478.7,4673.0,3.0859,213.2,205.2,205.2
63,RUS,18,T19,3,4673.0,4887.3,3.2508,205.2,205.1,264.6
64,RUS,0,T1,1,0.0,435.8,6.3647,262.8,140.0,140.0
64,RUS,1,T2,1,435.8,504.1,1.5694,140.0,140.0,148.2
64,RUS,2,T3,1,504.1,611.9,3.6876,148.2,91.0,136.0
64,RUS,3,T4,1,611.9,827.8,3.7533,136.0,136.0,249.3
64,RUS,4,T5,1,827.8,1184.6,6.4679,249.3,150.7,254.8
64,RUS,5,T6,1,1184.6,1581.8,4.8783,254.8,254.8,309.2
64,RUS,6,T7,2,1581.8,1876.2,5.7748,309.2,116.0,196.7
64,RUS,7,T8,2,1876.2,2085.2,6.1731,196.7,77.5,176.1
64,RUS,8,T9,2,2085.2,2389.9,6.2056,176.1,124.7,236.0
64,RUS,9,T10,2,2389.9,2675.7,5.2003,236.0,140.9,164.0
64,RUS,10,T11,2,2675.7,2797.5,3.3428,164.0,105.6,151.3
64,RUS,11,T12,2,2797.5,2924.8,2.3791,151.3,151.3,219.4
64,RUS,12,T13,2,2924.8,3290.5,8.7019,219.4,69.3,260.0
64,RUS,13,T14,3,3290.5,3683.3,8.0064,260.0,90.6,203.2
64,RUS,14,T15,3,3683.3,4040.2,5.0641,203.2,203.2,279.9
64,RUS,15,T16,3,4040.2,4318.8,4.9961,279.9,107.0,117.0
64,RUS,16,T17,3,4318.8,4478.7,3.458,117.0,117.0,216.9
64,RUS,17,T18,3,4478.7,4673.0,3.0546,216.9,213.0,213.0
64,RUS,18,T19,3,4673.0,4887.3,3.2531,213.0,213.0,258.6
65,RUS,0,T1,1,0.0,435.8,6.4011,261.7,133.0,137.7
65,RUS,1,T2,1,435.8,504.1,1.5734,137.7,137.7,156.5
65,RUS,2,T3,1,504.1,611.9,3.5235,156.5,94.9,142.2
65,RUS,3,T4,1,611.9,827.8,3.687,142.2,142.2,249.1
65,RUS,4,T5,1,827.8,1184.6,6.3257,249.1,158.8,260.3
65,RUS,5,T6,1,1184.6,1581.8,4.9102,260.3,260.3,308.0
65,RUS,6,T7,2,1581.8,1876.2,5.6663,308.0,120.5,190.3
65,RUS,7,T8,2,1876.2,2085.2,6.0361,190.3,80.8,174.7
65,RUS,8,T9,2,2085.2,2389.9,6.214,174.7,129.8,240.0
65,RUS,9,T10,2,2389.9,2675.7,5.1512,240.0,142.5,163.9
65,RUS,10,T11,2,2675.7,2797.5,3.237,163.9,111.8,144.2
65,RUS,11,T12,2,2797.5,2924.8,2.4269,144.2,144.2,216.5
65,RUS,12,T13,2,2924.8,3290.5,8.7593,216.5,70.3,257.6
65,RUS,13,T14,3,3290.5,3683.3,7.9326,257.6,91.7,201.5
65,RUS,14,T15,3,3683.3,4040.2,5.0884,201.5,201.5,279.0
65,RUS,15,T16,3,4040.2,4318.8,4.9748,279.0,105.1,114.3
65,RUS,16,T17,3,4318.8,4478.7,3.4838,114.3,114.3,214.9
65,RUS,17,T18,3,4478.7,4673.0,3.0963,214.9,205.7,207.0
65,RUS,18,T19,3,4673.0,4887.3,3.2553,207.0,207.0,261.8
66,RUS,0,T1,1,0.0,435.8,6.2811,263.8,140.2,140.2
66,RUS,1,T2,1,435.8,504.1,1.5989,140.2,140.2,151.8
66,RUS,2,T3,1,504.1,611.9,3.6304,151.8,93.2,141.4
66,RUS,3,T4,1,611.9,827.8,3.6898,141.4,141.4,249.1
66,RUS,4,T5,1,827.8,1184.6,6.2649,249.1,160.0,257.5
66,RUS,5,T6,1,1184.6,1581.8,4.891,257.5,257.5,308.3
66,RUS,6,T7,2,1581.8,1876.2,5.6064,308.3,121.2,187.2
66,RUS,7,T8,2,1876.2,2085.2,6.0131,187.2,78.6,174.6
66,RUS,8,T9,2,2085.2,2389.9,6.2545,174.6,128.9,240.9
66,RUS,9,T10,2,2389.9,2675.7,5.0534,240.9,145.7,165.3
66,RUS,10,T11,2,2675.7,2797.5,3.2331,165.3,114.7,139.6
66,RUS,11,T12,2,2797.5,2924.8,2.4534,139.6,139.6,217.3
66,RUS,12,T13,2,2924.8,3290.5,9.0188,217.3,65.2,257.3
66,RUS,13,T14,3,3290.5,3683.3,8.0136,257.3,92.6,200.1
66,RUS,14,T15,3,3683.3,4040.2,5.0828,200.1,200.1,279.4
66,RUS,15,T16,3,4040.2,4318.8,4.8425,279.4,109.4,110.2
66,RUS,16,T17,3,4318.8,4478.7,3.5474,110.2,110.2,214.0
66,RUS,17,T18,3,4478.7,4673.0,3.086,214.0,209.0,209.0
66,RUS,18,T19,3,4673.0,4887.3,3.2391,209.0,209.0,262.1
67,RUS,0,T1,1,0.0,435.8,6.4087,266.8,136.5,139.9
67,RUS,1,T2,1,435.8,504.1,1.5841,139.9,139.9,144.5
67,RUS,2,T3,1,504.1,611.9,3.5496,144.5,90.5,149.2
67,RUS,3,T4,1,611.9,827.8,3.6285,149.2,149.2,249.7
67,RUS,4,T5,1,827.8,1184.6,6.2241,249.7,154.6,257.0
67,RUS,5,T6,1,1184.6,1581.8,4.8729,257.0,257.0,309.4
67,RUS,6,T7,2,1581.8,1876.2,5.6831,309.4,118.8,193.4
67,RUS,7,T8,2,1876.2,2085.2,5.9679,193.4,83.5,179.5
67,RUS,8,T9,2,2085.2,2389.9,6.1306,179.5,131.6,241.3
67,RUS,9,T10,2,2389.9,2675.7,5.0531,241.3,148.7,170.2
67,RUS,10,T11,2,2675.7,2797.5,3.2477,170.2,111.5,152.7
67,RUS,11,T12,2,2797.5,2924.8,2.3785,152.7,152.7,213.9
67,RUS,12,T13,2,2924.8,3290.5,8.7397,213.9,70.6,258.2
67,RUS,13,T14,3,3290.5,3683.3,7.9061,258.2,93.4,198.4
67,RUS,14,T15,3,3683.3,4040.2,5.0801,198.4,198.4,280.7
67,RUS,15,T16,3,4040.2,4318.8,4.8564,280.7,112.1,116.9
67,RUS,16,T17,3,4318.8,4478.7,3.5054,116.9,116.9,215.0
67,RUS,17,T18,3,4478.7,4673.0,3.0616,215.0,212.7,213.2
67,RUS,18,T19,3,4673.0,4887.3,3.1779,213.2,213.0,268.0
68,SAI,0,T1,1,0.0,435.8,6.4904,265.5,129.8,133.6
68,SAI,1,T2,1,435.8,504.1,1.6271,133.6,133.6,142.4
68,SAI,2,T3,1,504.1,611.9,3.6647,142.4,86.5,141.4
68,SAI,3,T4,1,611.9,827.8,3.6595,141.4,141.4,252.2
68,SAI,4,T5,1,827.8,1184.6,6.4097,252.2,152.7,258.6
68,SAI,5,T6,1,1184.6,1581.8,4.8841,258.6,258.6,311.6
68,SAI,6,T7,2,1581.8,1876.2,5.8068,311.6,118.4,177.7
68,SAI,7,T8,2,1876.2,2085.2,6.1585,177.7,79.7,171.5
68,SAI,8,T9,2,2085.2,2389.9,6.3325,171.5,130.8,239.2
68,SAI,9,T10,2,2389.9,2675.7,5.2761,239.2,134.3,157.9
68,SAI,10,T11,2,2675.7,2797.5,3.3356,157.9,109.6,130.0
68,SAI,11,T12,2,2797.5,2924.8,2.5023,130.0,130.0,216.9
68,SAI,12,T13,2,2924.8,3290.5,8.7771,216.9,64.0,258.6
68,SAI,13,T14,3,3290.5,3683.3,8.0998,258.6,89.6,197.5
68,SAI,14,T15,3,3683.3,4040.2,5.0591,197.5,197.5,281.0
68,SAI,15,T16,3,4040.2,4318.8,4.9275,281.0,106.0,113.9
68,SAI,16,T17,3,4318.8,4478.7,3.564,113.9,113.9,211.6
68,SAI,17,T18,3,4478.7,4673.0,3.147,211.6,202.4,202.4
68,SAI,18,T19,3,4673.0,4887.3,3.2432,202.4,202.4,267.2
69,SAI,0,T1,1,0.0,435.8,6.5047,261.9,134.2,137.5
69,SAI,1,T2,1,435.8,504.1,1.5936,137.5,137.5,148.7
69,SAI,2,T3,1,504.1,611.9,3.6502,148.7,88.5,145.3
69,SAI,3,T4,1,611.9,827.8,3.636,145.3,145.3,252.4
69,SAI,4,T5,1,827.8,1184.6,6.3002,252.4,153.0,260.3
69,SAI,5,T6,1,1184.6,1581.8,4.8689,260.3,260.3,313.1
69,SAI,6,T7,2,1581.8,1876.2,5.6849,313.1,121.5,186.3
69,SAI,7,T8,2,1876.2,2085.2,6.1387,186.3,74.2,171.3
69,SAI,8,T9,2,2085.2,2389.9,6.3022,171.3,135.1,240.3
69,SAI,9,T10,2,2389.9,2675.7,5.1205,240.3,136.0,153.5
69,SAI,10,T11,2,2675.7,2797.5,3.2768,153.5,113.8,133.1
69,SAI,11,T12,2,2797.5,2924.8,2.5259,133.1,133.1,215.7
69,SAI,12,T13,2,2924.8,3290.5,8.8401,215.7,67.6,259.6
69,SAI,13,T14,3,3290.5,3683.3,8.0432,259.6,88.3,200.3
69,SAI,14,T15,3,3683.3,4040.2,5.0852,200.3,200.3,282.5
69,SAI,15,T16,3,4040.2,4318.8,4.8452,282.5,112.6,118.5
69,SAI,16,T17,3,4318.8,4478.7,3.5837,118.5,118.5,211.5
69,SAI,17,T18,3,4478.7,4673.0,3.0851,211.5,205.2,205.2
69,SAI,18,T19,3,4673.0,4887.3,3.254,205.2,205.2,266.0
70,SAI,0,T1,1,0.0,435.8,6.4558,267.5,138.3,140.9
70,SAI,1,T2,1,435.8,504.1,1.5946,140.9,137.1,137.1
70,SAI,2,T3,1,504.1,611.9,3.5569,137.1,91.6,148.1
70,SAI,3,T4,1,611.9,827.8,3.5896,148.1,148.1,251.2
70,SAI,4,T5,1,827.8,1184.6,6.3466,251.2,152.7,260.9
70,SAI,5,T6,1,1184.6,1581.8,4.8736,260.9,260.9,313.2
70,SAI,6,T7,2,1581.8,1876.2,5.6943,313.2,121.8,188.4
70,SAI,7,T8,2,1876.2,2085.2,6.0495,188.4,80.3,178.7
70,SAI,8,T9,2,2085.2,2389.9,6.2084,178.7,131.2,242.0
70,SAI,9,T10,2,2389.9,2675.7,5.2303,242.0,139.7,166.5
70,SAI,10,T11,2,2675.7,2797.5,3.1416,166.5,115.3,145.8
70,SAI,11,T12,2,2797.5,2924.8,2.4268,145.8,145.8,217.6
70,SAI,12,T13,2,2924.8,3290.5,8.7199,217.6,66.2,257.8
70,SAI,13,T14,3,3290.5,3683.3,8.1127,257.8,85.5,204.4
70,SAI,14,T15,3,3683.3,4040.2,5.0444,204.4,204.4,282.2
70,SAI,15,T16,3,4040.2,4318.8,5.0777,282.2,107.8,128.7
70,SAI,16,T17,3,4318.8,4478.7,3.4102,128.7,128.7,212.4
70,SAI,17,T18,3,4478.7,4673.0,3.0863,212.4,208.4,211.9
70,SAI,18,T19,3,4673.0,4887.3,3.274,211.9,211.9,264.7
71,SAI,0,T1,1,0.0,435.8,6.4,264.7,137.7,142.3
71,SAI,1,T2,1,435.8,504.1,1.5571,142.3,142.3,150.0
71,SAI,2,T3,1,504.1,611.9,3.5684,150.0,88.5,138.6
71,SAI,3,T4,1,611.9,827.8,3.5999,138.6,138.6,253.7
71,SAI,4,T5,1,827.8,1184.6,6.3372,253.7,152.4,262.6
71,SAI,5,T6,1,1184.6,1581.8,4.859,262.6,262.6,313.0
71,SAI,6,T7,2,1581.8,1876.2,5.641,313.0,122.8,191.2
71,SAI,7,T8,2,1876.2,2085.2,5.9383,191.2,81.6,175.2
71,SAI,8,T9,2,2085.2,2389.9,6.221,175.2,133.0,242.7
71,SAI,9,T10,2,2389.9,2675.7,5.0297,242.7,139.0,160.1
71,SAI,10,T11,2,2675.7,2797.5,3.2157,160.1,115.7,140.6
71,SAI,11,T12,2,2797.5,2924.8,2.4716,140.6,140.6,215.1
71,SAI,12,T13,2,2924.8,3290.5,8.7398,215.1,64.3,260.4
71,SAI,13,T14,3,3290.5,3683.3,7.9534,260.4,90.8,202.1
71,SAI,14,T15,3,3683.3,4040.2,5.0655,202.1,202.1,282.8
71,SAI,15,T16,3,4040.2,4318.8,4.9394,282.8,117.1,119.4
71,SAI,16,T17,3,4318.8,4478.7,3.604,119.4,119.4,211.2
71,SAI,17,T18,3,4478.7,4673.0,3.082,211.2,206.5,206.5
71,SAI,18,T19,3,4673.0,4887.3,3.2161,206.5,206.5,263.7
72,SAI,0,T1,1,0.0,435.8,6.4408,268.3,137.6,141.3
72,SAI,1,T2,1,435.8,504.1,1.5802,141.3,141.3,142.0
72,SAI,2,T3,1,504.1,611.9,3.5652,142.0,89.3,146.1
72,SAI,3,T4,1,611.9,827.8,3.6145,146.1,146.1,251.7
72,SAI,4,T5,1,827.8,1184.6,6.272,251.7,151.5,261.8
72,SAI,5,T6,1,1184.6,1581.8,4.8419,261.8,261.8,312.5
72,SAI,6,T7,2,1581.8,1876.2,5.7856,312.5,120.0,192.2
72,SAI,7,T8,2,1876.2,2085.2,5.9381,192.2,83.4,181.4
72,SAI,8,T9,2,2085.2,2389.9,6.1781,181.4,130.7,244.1
72,SAI,9,T10,2,2389.9,2675.7,5.1591,244.1,136.2,163.1
72,SAI,10,T11,2,2675.7,2797.5,3.1275,163.1,117.8,140.6
72,SAI,11,T12,2,2797.5,2924.8,2.4324,140.6,140.6,217.1
72,SAI,12,T13,2,2924.8,3290.5,8.6684,217.1,67.6,256.6
72,SAI,13,T14,3,3290.5,3683.3,7.8647,256.6,90.9,202.4
72,SAI,14,T15,3,3683.3,4040.2,5.0685,202.4,202.4,282.6
72,SAI,15,T16,3,4040.2,4318.8,4.887,282.6,111.5,121.3
72,SAI,16,T17,3,4318.8,4478.7,3.5296,121.3,121.3,210.9
72,SAI,17,T18,3,4478.7,4673.0,3.0275,210.9,210.9,213.0
72,SAI,18,T19,3,4673.0,4887.3,3.1887,213.0,213.0,266.7
73,SAI,0,T1,1,0.0,435.8,6.2807,268.5,137.6,140.6
73,SAI,1,T2,1,435.8,504.1,1.5743,140.6,140.6,157.1
73,SAI,2,T3,1,504.1,611.9,3.5513,157.1,88.5,143.3
73,SAI,3,T4,1,611.9,827.8,3.6326,143.3,143.3,249.6
73,SAI,4,T5,1,827.8,1184.6,6.1985,249.6,160.3,259.7
73,SAI,5,T6,1,1184.6,1581.8,4.8725,259.7,259.7,313.1
73,SAI,6,T7,2,1581.8,1876.2,5.7133,313.1,122.7,188.3
73,SAI,7,T8,2,1876.2,2085.2,5.9708,188.3,78.6,169.2
73,SAI,8,T9,2,2085.2,2389.9,6.208,169.2,135.7,240.6
73,SAI,9,T10,2,2389.9,2675.7,5.1556,240.6,137.2,161.4
73,SAI,10,T11,2,2675.7,2797.5,3.2247,161.4,116.3,144.2
73,SAI,11,T12,2,2797.5,2924.8,2.4138,144.2,144.2,216.1
73,SAI,12,T13,2,2924.8,3290.5,8.7231,216.1,67.7,260.3
73,SAI,13,T14,3,3290.5,3683.3,7.9,260.3,90.2,203.5
73,SAI,14,T15,3,3683.3,4040.2,5.0298,203.5,203.5,282.6
73,SAI,15,T16,3,4040.2,4318.8,4.8792,282.6,111.2,122.1
73,SAI,16,T17,3,4318.8,4478.7,3.4753,122.1,122.1,215.9
73,SAI,17,T18,3,4478.7,4673.0,3.0101,215.9,211.1,211.1
73,SAI,18,T19,3,4673.0,4887.3,3.1704,211.1,211.1,266.2
74,SAR,0,T1,1,0.0,435.8,6.4085,262.2,115.0,115.0
74,SAR,1,T2,1,435.8,504.1,2.1609,115.0,112.0,118.7
74,SAR,2,T3,1,504.1,611.9,3.8544,118.7,87.2,130.3
74,SAR,3,T4,1,611.9,827.8,3.7952,130.3,130.3,248.8
74,SAR,4,T5,1,827.8,1184.6,6.5087,248.8,149.8,254.9
74,SAR,5,T6,1,1184.6,1581.8,4.9083,254.9,254.9,309.0
74,SAR,6,T7,2,1581.8,1876.2,5.8411,309.0,113.7,185.0
74,SAR,7,T8,2,1876.2,2085.2,6.2249,185.0,79.8,174.0
74,SAR,8,T9,2,2085.2,2389.9,6.8221,174.0,104.9,234.8
74,SAR,9,T10,2,2389.9,2675.7,5.3709,234.8,133.2,157.1
74,SAR,10,T11,2,2675.7,2797.5,3.4453,157.1,104.5,135.0
74,SAR,11,T12,2,2797.5,2924.8,2.5765,135.0,135.0,211.2
74,SAR,12,T13,2,2924.8,3290.5,8.8375,211.2,64.1,256.3
74,SAR,13,T14,3,3290.5,3683.3,8.2071,256.3,91.0,195.1
74,SAR,14,T15,3,3683.3,4040.2,5.0722,195.1,195.1,281.7
74,SAR,15,T16,3,4040.2,4318.8,5.0233,281.7,106.8,113.0
74,SAR,16,T17,3,4318.8,4478.7,3.5573,113.0,113.0,211.7
74,SAR,17,T18,3,4478.7,4673.0,3.128,211.7,196.8,196.8
74,SAR,18,T19,3,4673.0,4887.3,3.3559,196.8,196.8,260.9
75,SAR,0,T1,1,0.0,435.8,6.6901,263.0,132.5,138.9
75,SAR,1,T2,1,435.8,504.1,1.6561,138.9,121.8,121.8
75,SAR,2,T3,1,504.1,611.9,3.6755,121.8,85.2,133.0
75,SAR,3,T4,1,611.9,827.8,3.6612,133.0,133.0,254.3
75,SAR,4,T5,1,827.8,1184.6,6.5572,254.3,153.4,266.5
75,SAR,5,T6,1,1184.6,1581.8,4.7569,266.5,266.5,314.0
75,SAR,6,T7,2,1581.8,1876.2,5.9496,314.0,113.7,200.4
75,SAR,7,T8,2,1876.2,2085.2,6.2179,200.4,81.7,179.1
75,SAR,8,T9,2,2085.2,2389.9,6.2538,179.1,120.7,247.0
75,SAR,9,T10,2,2389.9,2675.7,5.3099,247.0,140.5,167.6
75,SAR,10,T11,2,2675.7,2797.5,3.3615,167.6,107.9,153.3
75,SAR,11,T12,2,2797.5,2924.8,2.3984,153.3,153.3,210.2
75,SAR,12,T13,2,2924.8,3290.5,8.9059,210.2,67.7,261.8
75,SAR,13,T14,3,3290.5,3683.3,8.2402,261.8,87.2,205.1
75,SAR,14,T15,3,3683.3,4040.2,4.9331,205.1,205.1,286.1
75,SAR,15,T16,3,4040.2,4318.8,5.1435,286.1,109.2,124.8
75,SAR,16,T17,3,4318.8,4478.7,3.4875,124.8,124.8,215.3
75,SAR,17,T18,3,4478.7,4673.0,3.1207,215.3,195.9,195.9
75,SAR,18,T19,3,4673.0,4887.3,3.2519,195.9,195.9,261.8
76,SAR,0,T1,1,0.0,435.8,6.4056,261.4,133.7,136.1
76,SAR,1,T2,1,435.8,504.1,1.6429,136.1,135.8,135.8
76,SAR,2,T3,1,504.1,611.9,3.6684,135.8,91.2,138.5
76,SAR,3,T4,1,611.9,827.8,3.7018,138.5,138.5,250.4
76,SAR,4,T5,1,827.8,1184.6,6.4334,250.4,150.1,260.1
76,SAR,5,T6,1,1184.6,1581.8,4.8494,260.1,260.1,309.4
76,SAR,6,T7,2,1581.8,1876.2,5.889,309.4,112.6,189.8
76,SAR,7,T8,2,1876.2,2085.2,6.1213,189.8,82.4,174.1
76,SAR,8,T9,2,2085.2,2389.9,6.371,174.1,125.6,243.9
76,SAR,9,T10,2,2389.9,2675.7,5.4566,243.9,127.3,141.7
76,SAR,10,T11,2,2675.7,2797.5,3.3711,141.7,106.5,147.3
76,SAR,11,T12,2,2797.5,2924.8,2.4624,147.3,147.3,211.9
76,SAR,12,T13,2,2924.8,3290.5,8.7589,211.9,68.7,260.2
76,SAR,13,T14,3,3290.5,3683.3,8.0738,260.2,92.0,203.1
76,SAR,14,T15,3,3683.3,4040.2,4.9812,203.1,203.1,283.8
76,SAR,15,T16,3,4040.2,4318.8,4.9994,283.8,109.5,120.1
76,SAR,16,T17,3,4318.8,4478.7,3.615,120.1,120.1,209.0
76,SAR,17,T18,3,4478.7,4673.0,3.1441,209.0,197.0,197.0
76,SAR,18,T19,3,4673.0,4887.3,3.3065,197.0,197.0,261.8
77,STR,0,T1,1,0.0,435.8,6.2877,259.9,133.3,133.3
77,STR,1,T2,1,435.8,504.1,1.6462,133.3,133.3,151.9
77,STR,2,T3,1,504.1,611.9,3.6705,151.9,84.6,127.2
77,STR,3,T4,1,611.9,827.8,3.8777,127.2,127.2,248.1
77,STR,4,T5,1,827.8,1184.6,6.6419,248.1,148.0,256.4
77,STR,5,T6,1,1184.6,1581.8,4.904,256.4,256.4,306.7
77,STR,6,T7,2,1581.8,1876.2,5.8113,306.7,117.7,193.7
77,STR,7,T8,2,1876.2,2085.2,6.1593,193.7,75.4,173.7
77,STR,8,T9,2,2085.2,2389.9,6.4202,173.7,126.0,239.8
77,STR,9,T10,2,2389.9,2675.7,5.3282,239.8,126.4,150.3
77,STR,10,T11,2,2675.7,2797.5,3.3127,150.3,109.3,146.1
77,STR,11,T12,2,2797.5,2924.8,2.4968,146.1,146.1,212.2
77,STR,12,T13,2,2924.8,3290.5,9.0659,212.2,55.2,256.4
77,STR,13,T14,3,3290.5,3683.3,8.2171,256.4,88.6,196.6
77,STR,14,T15,3,3683.3,4040.2,5.0853,196.6,196.6,279.8
77,STR,15,T16,3,4040.2,4318.8,4.9938,279.8,108.9,117.5
77,STR,16,T17,3,4318.8,4478.7,3.6095,117.5,117.5,209.5
77,STR,17,T18,3,4478.7,4673.0,3.0833,209.5,200.6,200.6
77,STR,18,T19,3,4673.0,4887.3,3.2927,200.6,199.0,258.4
78,STR,0,T1,1,0.0,435.8,6.4606,258.9,130.6,130.6
78,STR,1,T2,1,435.8,504.1,1.5996,130.6,130.6,154.0
78,STR,2,T3,1,504.1,611.9,3.648,154.0,91.1,130.2
78,STR,3,T4,1,611.9,827.8,3.7758,130.2,130.2,249.4
78,STR,4,T5,1,827.8,1184.6,6.4727,249.4,149.7,258.9
78,STR,5,T6,1,1184.6,1581.8,4.8478,258.9,258.9,311.0
78,STR,6,T7,2,1581.8,1876.2,5.71,311.0,118.9,187.0
78,STR,7,T8,2,1876.2,2085.2,6.2795,187.0,81.6,174.2
78,STR,8,T9,2,2085.2,2389.9,6.4003,174.2,126.7,241.8
78,STR,9,T10,2,2389.9,2675.7,5.3858,241.8,130.1,163.8
78,STR,10,T11,2,2675.7,2797.5,3.329,163.8,106.8,145.1
78,STR,11,T12,2,2797.5,2924.8,2.4991,145.1,145.1,205.8
78,STR,12,T13,2,2924.8,3290.5,8.8452,205.8,66.8,259.3
78,STR,13,T14,3,3290.5,3683.3,8.0637,259.3,83.0,200.9
78,STR,14,T15,3,3683.3,4040.2,5.0788,200.9,200.9,279.5
78,STR,15,T16,3,4040.2,4318.8,4.9924,279.5,109.9,116.5
78,STR,16,T17,3,4318.8,4478.7,3.6242,116.5,116.5,209.6
78,STR,17,T18,3,4478.7,4673.0,3.0974,209.6,200.2,200.2
78,STR,18,T19,3,4673.0,4887.3,3.2872,200.2,200.2,262.7
79,TSU,0,T1,1,0.0,435.8,6.5858,260.7,131.3,132.0
79,TSU,1,T2,1,435.8,504.1,1.6215,132.0,132.0,137.4
79,TSU,2,T3,1,504.1,611.9,3.7612,137.4,87.3,137.7
79,TSU,3,T4,1,611.9,827.8,3.7429,137.7,137.7,245.6
79,TSU,4,T5,1,827.8,1184.6,6.3478,245.6,157.7,259.4
79,TSU,5,T6,1,1184.6,1581.8,4.9492,259.4,259.4,306.0
79,TSU,6,T7,2,1581.8,1876.2,5.825,306.0,114.9,187.5
79,TSU,7,T8,2,1876.2,2085.2,6.0999,187.5,80.0,173.8
79,TSU,8,T9,2,2085.2,2389.9,6.3108,173.8,127.3,239.8
79,TSU,9,T10,2,2389.9,2675.7,5.173,239.8,136.0,156.6
79,TSU,10,T11,2,2675.7,2797.5,3.298,156.6,114.2,142.1
79,TSU,11,T12,2,2797.5,2924.8,2.5,142.1,142.1,212.3
79,TSU,12,T13,2,2924.8,3290.5,8.7086,212.3,66.1,256.9
79,TSU,13,T14,3,3290.5,3683.3,8.0238,256.9,93.5,201.2
79,TSU,14,T15,3,3683.3,4040.2,5.0868,201.2,201.2,280.2
79,TSU,15,T16,3,4040.2,4318.8,4.9364,280.2,110.5,110.8
79,TSU,16,T17,3,4318.8,4478.7,3.5833,110.8,110.8,213.3
79,TSU,17,T18,3,4478.7,4673.0,3.1088,213.3,201.9,201.9
79,TSU,18,T19,3,4673.0,4887.3,3.2671,201.9,201.9,263.5
80,TSU,0,T1,1,0.0,435.8,6.4382,262.6,122.7,125.8
80,TSU,1,T2,1,435.8,504.1,1.643,125.8,125.8,146.0
80,TSU,2,T3,1,504.1,611.9,3.5889,146.0,94.6,142.9
80,TSU,3,T4,1,611.9,827.8,3.7194,142.9,142.9,246.6
80,TSU,4,T5,1,827.8,1184.6,6.2632,246.6,158.8,259.3
80,TSU,5,T6,1,1184.6,1581.8,4.9597,259.3,259.3,306.3
80,TSU,6,T7,2,1581.8,1876.2,5.7646,306.3,118.2,188.1
80,TSU,7,T8,2,1876.2,2085.2,6.0251,188.1,78.5,171.9
80,TSU,8,T9,2,2085.2,2389.9,6.2016,171.9,130.2,236.4
80,TSU,9,T10,2,2389.9,2675.7,5.1399,236.4,140.8,160.0
80,TSU,10,T11,2,2675.7,2797.5,3.1354,160.0,115.8,137.4
80,TSU,11,T12,2,2797.5,2924.8,2.505,137.4,137.4,213.8
80,TSU,12,T13,2,2924.8,3290.5,8.6943,213.8,66.7,253.9
80,TSU,13,T14,3,3290.5,3683.3,7.9962,253.9,89.4,197.3
80,TSU,14,T15,3,3683.3,4040.2,5.1456,197.3,197.3,278.2
80,TSU,15,T16,3,4040.2,4318.8,4.9238,278.2,110.4,110.4
80,TSU,16,T17,3,4318.8,4478.7,3.5137,110.4,110.4,212.9
80,TSU,17,T18,3,4478.7,4673.0,3.0961,212.9,207.3,207.3
80,TSU,18,T19,3,4673.0,4887.3,3.2372,207.3,207.1,263.6
81,VER,0,T1,1,0.0,435.8,6.4705,266.6,131.0,131.0
81,VER,1,T2,1,435.8,504.1,1.6718,131.0,131.0,136.9
81,VER,2,T3,1,504.1,611.9,3.6132,136.9,94.2,140.7
81,VER,3,T4,1,611.9,827.8,3.718,140.7,140.7,248.0
81,VER,4,T5,1,827.8,1184.6,6.4193,248.0,150.9,257.9
81,VER,5,T6,1,1184.6,1581.8,4.9319,257.9,257.9,306.5
81,VER,6,T7,2,1581.8,1876.2,5.7581,306.5,116.9,189.0
81,VER,7,T8,2,1876.2,2085.2,6.0725,189.0,78.8,173.8
81,VER,8,T9,2,2085.2,2389.9,6.2835,173.8,126.5,236.7
81,VER,9,T10,2,2389.9,2675.7,5.2536,236.7,135.8,160.2
81,VER,10,T11,2,2675.7,2797.5,3.2938,160.2,111.7,142.6
81,VER,11,T12,2,2797.5,2924.8,2.474,142.6,142.6,213.3
81,VER,12,T13,2,2924.8,3290.5,8.8492,213.3,68.7,253.9
81,VER,13,T14,3,3290.5,3683.3,8.1557,253.9,92.5,197.2
81,VER,14,T15,3,3683.3,4040.2,5.1178,197.2,197.2,279.9
81,VER,15,T16,3,4040.2,4318.8,4.9075,279.9,110.1,119.6
81,VER,16,T17,3,4318.8,4478.7,3.5514,119.6,119.6,209.2
81,VER,17,T18,3,4478.7,4673.0,3.0843,209.2,209.2,212.8
81,VER,18,T19,3,4673.0,4887.3,3.2358,212.8,212.8,259.7
82,VER,0,T1,1,0.0,435.8,6.3584,265.6,133.3,135.8
82,VER,1,T2,1,435.8,504.1,1.639,135.8,135.8,146.4
82,VER,2,T3,1,504.1,611.9,3.6467,146.4,93.5,133.5
82,VER,3,T4,1,611.9,827.8,3.6827,133.5,133.5,246.3
82,VER,4,T5,1,827.8,1184.6,6.3624,246.3,148.6,244.3
82,VER,5,T6,1,1184.6,1581.8,4.8983,244.3,244.3,307.0
82,VER,6,T7,2,1581.8,1876.2,5.6565,307.0,117.3,187.7
82,VER,7,T8,2,1876.2,2085.2,6.1246,187.7,81.3,169.8
82,VER,8,T9,2,2085.2,2389.9,6.3398,169.8,129.1,234.6
82,VER,9,T10,2,2389.9,2675.7,5.1829,234.6,136.4,159.6
82,VER,10,T11,2,2675.7,2797.5,3.3213,159.6,112.5,140.5
82,VER,11,T12,2,2797.5,2924.8,2.4639,140.5,140.5,214.7
82,VER,12,T13,2,2924.8,3290.5,8.7726,214.7,68.3,256.7
82,VER,13,T14,3,3290.5,3683.3,8.0823,256.7,87.6,199.6
82,VER,14,T15,3,3683.3,4040.2,5.1112,199.6,199.6,277.0
82,VER,15,T16,3,4040.2,4318.8,4.8259,277.0,112.0,112.0
82,VER,16,T17,3,4318.8,4478.7,3.5957,112.0,112.0,207.7
82,VER,17,T18,3,4478.7,4673.0,3.1226,207.7,207.7,208.4
82,VER,18,T19,3,4673.0,4887.3,3.211,208.4,208.4,265.6
83,VER,0,T1,1,0.0,435.8,6.2968,266.1,134.5,134.5
83,VER,1,T2,1,435.8,504.1,1.6747,134.5,134.5,147.2
83,VER,2,T3,1,504.1,611.9,3.6462,147.2,92.9,127.7
83,VER,3,T4,1,611.9,827.8,3.7851,127.7,127.7,245.2
83,VER,4,T5,1,827.8,1184.6,6.3278,245.2,153.8,251.0
83,VER,5,T6,1,1184.6,1581.8,4.9359,251.0,251.0,307.0
83,VER,6,T7,2,1581.8,1876.2,5.7231,307.0,116.6,183.6
83,VER,7,T8,2,1876.2,2085.2,6.0819,183.6,74.2,166.5
83,VER,8,T9,2,2085.2,2389.9,6.2794,166.5,129.0,235.2
83,VER,9,T10,2,2389.9,2675.7,5.0308,235.2,146.4,157.6
83,VER,10,T11,2,2675.7,2797.5,3.3093,157.6,115.4,136.9
83,VER,11,T12,2,2797.5,2924.8,2.4975,136.9,136.9,213.6
83,VER,12,T13,2,2924.8,3290.5,8.8296,213.6,72.6,255.4
83,VER,13,T14,3,3290.5,3683.3,8.0693,255.4,89.7,195.3
83,VER,14,T15,3,3683.3,4040.2,5.0963,195.3,195.3,280.8
83,VER,15,T16,3,4040.2,4318.8,4.7849,280.8,113.0,113.0
83,VER,16,T17,3,4318.8,4478.7,3.6407,113.0,113.0,209.9
83,VER,17,T18,3,4478.7,4673.0,3.0719,209.9,207.4,207.4
83,VER,18,T19,3,4673.0,4887.3,3.2258,207.4,207.2,266.5
84,VER,0,T1,1,0.0,435.8,6.4375,267.7,138.4,142.0
84,VER,1,T2,1,435.8,504.1,1.5827,142.0,142.0,142.0
84,VER,2,T3,1,504.1,611.9,3.7507,142.0,89.4,133.9
84,VER,3,T4,1,611.9,827.8,3.742,133.9,133.9,248.1
84,VER,4,T5,1,827.8,1184.6,6.3145,248.1,156.0,259.3
84,VER,5,T6,1,1184.6,1581.8,4.9104,259.3,259.3,310.0
84,VER,6,T7,2,1581.8,1876.2,5.7242,310.0,114.7,187.2
84,VER,7,T8,2,1876.2,2085.2,6.0151,187.2,78.0,170.3
84,VER,8,T9,2,2085.2,2389.9,6.2661,170.3,131.7,239.5
84,VER,9,T10,2,2389.9,2675.7,5.15,239.5,138.0,158.8
84,VER,10,T11,2,2675.7,2797.5,3.249,158.8,114.3,140.0
84,VER,11,T12,2,2797.5,2924.8,2.4581,140.0,140.0,211.5
84,VER,12,T13,2,2924.8,3290.5,8.8062,211.5,71.0,257.4
84,VER,13,T14,3,3290.5,3683.3,8.0621,257.4,91.4,200.8
84,VER,14,T15,3,3683.3,4040.2,5.0865,200.8,200.8,280.3
84,VER,15,T16,3,4040.2,4318.8,4.8205,280.3,110.3,114.8
84,VER,16,T17,3,4318.8,4478.7,3.5985,114.8,114.8,211.7
84,VER,17,T18,3,4478.7,4673.0,3.0375,211.7,211.7,214.6
84,VER,18,T19,3,4673.0,4887.3,3.1614,214.6,214.6,266.1
85,ZHO,0,T1,1,0.0,435.8,6.6776,262.5,124.0,129.0
85,ZHO,1,T2,1,435.8,504.1,1.6229,129.0,129.0,143.0
85,ZHO,2,T3,1,504.1,611.9,3.687,143.0,87.7,138.9
85,ZHO,3,T4,1,611.9,827.8,3.7182,138.9,138.9,248.2
85,ZHO,4,T5,1,827.8,1184.6,6.5733,248.2,143.1,256.9
85,ZHO,5,T6,1,1184.6,1581.8,4.9147,256.9,256.9,309.0
85,ZHO,6,T7,2,1581.8,1876.2,5.9139,309.0,116.7,191.3
85,ZHO,7,T8,2,1876.2,2085.2,6.1732,191.3,82.0,174.9
85,ZHO,8,T9,2,2085.2,2389.9,6.3753,174.9,122.2,241.3
85,ZHO,9,T10,2,2389.9,2675.7,5.4513,241.3,129.0,159.3
85,ZHO,10,T11,2,2675.7,2797.5,3.3915,159.3,105.0,148.4
85,ZHO,11,T12,2,2797.5,2924.8,2.4847,148.4,148.4,206.5
85,ZHO,12,T13,2,2924.8,3290.5,8.8547,206.5,68.6,260.3
85,ZHO,13,T14,3,3290.5,3683.3,8.3327,260.3,80.8,200.0
85,ZHO,14,T15,3,3683.3,4040.2,5.0675,200.0,200.0,281.2
85,ZHO,15,T16,3,4040.2,4318.8,5.1125,281.2,107.3,116.3
85,ZHO,16,T17,3,4318.8,4478.7,3.6527,116.3,116.3,209.0
85,ZHO,17,T18,3,4478.7,4673.0,3.1592,209.0,200.6,200.7
85,ZHO,18,T19,3,4673.0,4887.3,3.2702,200.7,200.7,260.2
86,ZHO,0,T1,1,0.0,435.8,6.5285,259.8,130.0,133.0
86,ZHO,1,T2,1,435.8,504.1,1.6226,133.0,133.0,150.3
86,ZHO,2,T3,1,504.1,611.9,3.6835,150.3,88.4,135.5
86,ZHO,3,T4,1,611.9,827.8,3.7303,135.5,135.5,248.5
86,ZHO,4,T5,1,827.8,1184.6,6.429,248.5,152.2,256.7
86,ZHO,5,T6,1,1184.6,1581.8,4.9311,256.7,256.7,309.2
86,ZHO,6,T7,2,1581.8,1876.2,5.6937,309.2,119.2,183.1
86,ZHO,7,T8,2,1876.2,2085.2,6.1756,183.1,75.5,160.8
86,ZHO,8,T9,2,2085.2,2389.9,6.4405,160.8,125.6,235.8
86,ZHO,9,T10,2,2389.9,2675.7,5.3401,235.8,133.8,144.7
86,ZHO,10,T11,2,2675.7,2797.5,3.3268,144.7,112.3,129.1
86,ZHO,11,T12,2,2797.5,2924.8,2.6346,129.1,129.1,209.2
86,ZHO,12,T13,2,2924.8,3290.5,8.9111,209.2,64.4,256.7
86,ZHO,13,T14,3,3290.5,3683.3,8.3003,256.7,90.7,198.0
86,ZHO,14,T15,3,3683.3,4040.2,5.1074,198.0,198.0,280.1
86,ZHO,15,T16,3,4040.2,4318.8,5.078,280.1,109.5,118.5
86,ZHO,16,T17,3,4318.8,4478.7,3.5158,118.5,118.5,211.9
86,ZHO,17,T18,3,4478.7,4673.0,3.1149,211.9,205.0,205.0
86,ZHO,18,T19,3,4673.0,4887.3,3.2513,205.0,205.0,263.1
87,ZHO,0,T1,1,0.0,435.8,6.6483,261.5,133.7,139.0
87,ZHO,1,T2,1,435.8,504.1,1.5939,139.0,139.0,139.2
87,ZHO,2,T3,1,504.1,611.9,3.6436,139.2,87.9,144.4
87,ZHO,3,T4,1,611.9,827.8,3.6643,144.4,144.4,251.7
87,ZHO,4,T5,1,827.8,1184.6,6.3041,251.7,156.5,258.7
87,ZHO,5,T6,1,1184.6,1581.8,4.9201,258.7,258.7,308.9
87,ZHO,6,T7,2,1581.8,1876.2,5.8072,308.9,117.7,181.8
87,ZHO,7,T8,2,1876.2,2085.2,6.1437,181.8,79.0,170.8
87,ZHO,8,T9,2,2085.2,2389.9,6.2848,170.8,126.8,242.7
87,ZHO,9,T10,2,2389.9,2675.7,5.2338,242.7,135.3,156.6
87,ZHO,10,T11,2,2675.7,2797.5,3.2739,156.6,112.3,139.6
87,ZHO,11,T12,2,2797.5,2924.8,2.4863,139.6,139.6,213.8
87,ZHO,12,T13,2,2924.8,3290.5,8.8562,213.8,66.1,257.2
87,ZHO,13,T14,3,3290.5,3683.3,8.3695,257.2,87.8,199.8
87,ZHO,14,T15,3,3683.3,4040.2,5.096,199.8,199.8,280.0
87,ZHO,15,T16,3,4040.2,4318.8,5.0421,280.0,107.0,117.7
87,ZHO,16,T17,3,4318.8,4478.7,3.5568,117.7,117.7,212.8
87,ZHO,17,T18,3,4478.7,4673.0,3.0749,212.8,203.5,203.5
87,ZHO,18,T19,3,4673.0,4887.3,3.2585,203.5,203.5,266.7
